R4A_Id	CompoundID	PLD_Effect(%)_A549-ACE2	Label_A549-ACE2	HIT_Phospholipidosis  Y/N	CompoundID_dupl	NAME	PLD_Effect(%)_VERO-E6	Label_VERO-E6
R4A_0001762_001	SPE_A54490543	0.452874826	inactive	N	SPE_A54490543	pirlindole	51.51	active
R4A_0004935_001	SPE_K28007504	0.826960706	active	Y	SPE_K28007504	Ro-60-0175 fumarate	50.67	active
R4A_0000110_001	SPE_K59711701	0.983959989	active	Y	SPE_K59711701	ORY-1001 (RG-6016) 2HCl	65.68	active
R4A_0002277_001	SPE_K44400149	0.835674706	active	Y	SPE_K44400149	PhiKan-083	73.26	active
R4A_0000411_001	SPE_K47659338	0.791434283	active	Y	SPE_K47659338	EMD-386088	96.78	active
R4A_0001262_001					SPE_K36732695	Setiptiline	52.71	active
R4A_0003273_001	SPE_K91263825	0.052453435	inactive	N	SPE_K91263825	NORTRIPTYLINE HYDROCHLORIDE	64.42	active
R4A_0003620_001	SPE_K61734568	-0.070279217	inactive	N	SPE_K61734568	"2,3-DCPE"	55.39	active
R4A_0003594_001	SPE_K18779551	0.988741094	active	Y	SPE_K18779551	bifemelane	74.49	active
R4A_0001988_001	SPE_K42348709	0.513469692	inactive	N	SPE_K42348709	CYCLOBENZAPRINE HYDROCHLORIDE	71.09	active
R4A_0003591_001					SPE_K25433859	MAPROTILINE HYDROCHLORIDE	107.45	active
R4A_0005440_001	SPE_K89055274	0.637472069	active	Y	SPE_K89055274	ALVERINE CITRATE	58.85	active
R4A_0003398_001	SPE_A46335897	0.964679585	active	Y	SPE_A46335897	PROMETHAZINE HYDROCHLORIDE	55.44	active
R4A_0002001_001	SPE_K62289640	0.008045649	inactive	N	SPE_K62289640	lylamine	80.55	active
R4A_0001878_001	SPE_K28143534	0.049571033	inactive	N	SPE_K28143534	CYPROHEPTADINE HYDROCHLORIDE	77.27	active
R4A_0000109_001	SPE_A17428743	0.116035989	inactive	N	SPE_A17428743	BW-723C86	55.23	active
R4A_0004089_001	SPE_K01649396	0.109926596	inactive	N	SPE_K01649396	indatraline	71.1	active
R4A_0003396_001	SPE_K62398570	0.229385057	inactive	N	SPE_K62398570	Lerisetron	51.91	active
R4A_0000199_001	SPE_A52660433	-0.018236276	inactive	N	SPE_A52660433	tetrindole	84.18	active
R4A_0004692_001	SPE_A79769222	1.080183129	active	Y	SPE_A79769222	norfluoxetine	62.25	active
R4A_0005355_001	SPE_K71103788	0.914514938	active	Y	SPE_K71103788	DULOXETINE HYDROCHLORIDE	92.59	active
R4A_0005215_001					SPE_K53963539	VORTIOXETINE HYDROBROMIDE	57.27	active
R4A_0000169_001	SPE_K17008822	0.624954199	active	Y	SPE_K17008822	BD-1008	51.3	active
R4A_0005488_001	SPE_K41662846	0.929816852	active	Y	SPE_K41662846	tecalcet	70.08	active
R4A_0004448_001	SPE_K70464547	-0.076952316	inactive	N	SPE_K70464547	SERTRALINE HYDROCHLORIDE	56.06	active
R4A_0003868_001	SPE_A25043798	0.026718571	inactive	N	SPE_A25043798	casin	89.37	active
R4A_0000577_001	SPE_K28542495	0.652434483	active	Y	SPE_K28542495	BENZYDAMINE HYDROCHLORIDE	51.25	active
R4A_0003836_001	SPE_A31159102	1.086969644	active	Y	SPE_A31159102	FLUOXETINE HYDROCHLORIDE	54.32	active
R4A_0001975_001	SPE_A42423104	0.816018164	active	Y	SPE_A42423104	Benproperine Phosphate	71.97	active
R4A_0002570_001	SPE_A33711280	-0.067661854	inactive	N	SPE_A33711280	metixene	74.21	active
R4A_0001916_001	SPE_K10042277	0.895080929	active	Y	SPE_K10042277	desmethylclozapine	77.73	active
R4A_0000505_001					SPE_A16311756	profenamine	63.93	active
R4A_0001634_001	SPE_A77091532	-0.01829451	inactive	N	SPE_A77091532	AT13148	63.12	active
R4A_0003629_001					SPE_K02265150	AMOXAPINE	69.96	active
R4A_0004656_001	SPE_A22769835	0.695569331	active	Y	SPE_A22769835	Homochlorcyclizine?2HCl	82.45	active
R4A_0004781_001					SPE_K36207157	CHLORPROTHIXENE HYDROCHLORIDE	51.07	active
R4A_0000067_001	SPE_A22267103	0.538868668	active	Y	SPE_A22267103	DROFENINE HYDROCHLORIDE	52.04	active
R4A_0005439_001	SPE_K89997465	-0.143938279	inactive	N	SPE_K89997465	CHLORPROMAZINE HYDROCHLORIDE	103.96	active
R4A_0004068_001	SPE_K71603915	0.515216578	inactive	N	SPE_K71603915	Encenicline hydrochloride	100.02	active
R4A_0001246_001	SPE_K70490179	1.089806971	active	Y	SPE_K70490179	rimcazole	99.92	active
R4A_0001425_001	SPE_A67616246	0.312146342	inactive	N	SPE_A67616246	levomequitazine	71.57	active
R4A_0002964_001					SPE_K53236343	aprindine	51.88	active
R4A_0003152_001	SPE_K92588747	0.92454935	active	Y	SPE_K92588747	2-CMDO	61.31	active
R4A_0000740_001	SPE_K68982262	0.522407056	active	Y	SPE_K68982262	A-987306	70.68	active
R4A_0000509_001	SPE_K65924316	0.883822332	active	Y	SPE_K65924316	JNJ 26854165 (Serdemetan)	73.97	active
R4A_0004528_001					SPE_K35559145	levomepromazine	52.97	active
R4A_0000979_001	SPE_A80908310	0.725191512	active	Y	SPE_A80908310	CLOPERASTINE HYDROCHLORIDE	63.93	active
R4A_0002084_001	SPE_K22749967	0.674090735	active	Y	SPE_K22749967	ABT 239 tartrate	66.83	active
R4A_0004294_001	SPE_K17743697	0.412298299	inactive	N	SPE_K17743697	KB-R7943	70	active
R4A_0000829_001	SPE_A63546914	0.609776663	active	Y	SPE_A63546914	Ro-04-5595	64.05	active
R4A_0003798_001	SPE_K09426783	-0.179377105	inactive	N	SPE_K09426783	TAS-103 (dihydrochloride)	76.68	active
R4A_0003939_001	SPE_K38527262	-0.025001402	inactive	N	SPE_K38527262	atiprimod	109.2	active
R4A_0002484_001	SPE_K12040459	-0.139827086	inactive	N	SPE_K12040459	AT7867	96.86	active
R4A_0003427_001	SPE_K59204667	0.014692619	inactive	N	SPE_K59204667	DBeQ	58.86	active
R4A_0002984_001	SPE_A51713165	0.020682654	inactive	N	SPE_A51713165	3-CPMT	98.31	active
R4A_0002007_001	SPE_A26334849	-0.018909104	inactive	N	SPE_A26334849	PROPAFENONE HYDROCHLORIDE	86.57	active
R4A_0002559_001	SPE_A85216385	0.763186889	active	Y	SPE_A85216385	3-alpha-bis-(4-fluorophenyl)-methoxytropane	61.55	active
R4A_0005193_001	SPE_K30240666	1.038086315	active	Y	SPE_K30240666	CLEMASTINE FUMARATE	90.57	active
R4A_0000960_001	SPE_K73746696	0.829509172	active	Y	SPE_K73746696	HLCL-61 (hydrochloride)	56.53	active
R4A_0001279_001	SPE_K70792160	-0.033970275	inactive	N	SPE_K70792160	10-DEBC	69.68	active
R4A_0005016_001	SPE_K63675182	0.967435671	active	Y	SPE_K63675182	TRIFLUPROMAZINE HYDROCHLORIDE	59.55	active
R4A_0001934_001	SPE_K90999434	0.698527051	active	Y	SPE_K90999434	CCT-031374	53.85	active
R4A_0000063_001	SPE_K15588452	0.926184243	active	Y	SPE_K15588452	R-96544	90.42	active
R4A_0003484_001					SPE_K91290917	AMODIAQUINE DIHYDROCHLORIDE	59.8	active
R4A_0004423_001	SPE_K73838513	1.038939919	active	Y	SPE_K73838513	AMG-073 HCl (Cinacalcet hydrochloride)	61.83	active
R4A_0003770_001	SPE_A07932845	-0.071179289	inactive	N	SPE_A07932845	METITEPINE MESYLATE	79.91	active
R4A_0000902_001					SPE_K24723746	SOLIFENACIN SUCCINATE	59.22	active
R4A_0005195_001	SPE_K43786866	0.359978124	inactive	N	SPE_K43786866	opipramol	50.32	active
R4A_0004250_001					SPE_A91008255	bepridil	66.79	active
R4A_0003563_001	SPE_K91244729	1.015697308	active	Y	SPE_K91244729	Propiverine Hydrochloride	63.8	active
R4A_0000606_001	SPE_K76239644	-0.171206034	inactive	N	SPE_K76239644	BMS-690514	58.99	active
R4A_0002131_001	SPE_A84481105	-0.012736196	inactive	N	SPE_A84481105	THIORIDAZINE HYDROCHLORIDE	68.14	active
R4A_0004893_001	SPE_A89585551	0.05474321	inactive	N	SPE_A89585551	MEFLOQUINE HYDROCHLORIDE	50.05	active
R4A_0005092_001	SPE_K41415459	0.706317516	active	Y	SPE_K41415459	RN-1	87.69	active
R4A_0000781_001	SPE_K31313613	0.637971892	active	Y	SPE_K31313613	BS-181	53.63	active
R4A_0002504_001	SPE_A68888262	0.57288718	active	Y	SPE_A68888262	AZELASTINE HYDROCHLORIDE	57.24	active
R4A_0001548_001					SPE_K32892871	JHW-007	51.38	active
R4A_0005456_001					SPE_K38477637		77.65	active
R4A_0000040_001	SPE_A33603104	0.854844517	active	Y	SPE_A33603104	RU-SKI-43	57.75	active
R4A_0000770_001	SPE_K22025381	-0.011601553	inactive	N	SPE_K22025381	U-18666A	61.01	active
R4A_0001038_001	SPE_K70914287	-0.05815945	inactive	N	SPE_K70914287	BIBX-1382	76.54	active
R4A_0000041_001	SPE_K73290745	0.998173014	active	Y	SPE_K73290745	ICI-199441	53.54	active
R4A_0003895_001					SPE_K77012840	AY-9944	111.44	active
R4A_0004307_001	SPE_K90410034	0.721764872	active	Y	SPE_K90410034	M8-B	85.43	active
R4A_0004994_001	SPE_K92781136	-0.113070682	inactive	N	SPE_K92781136	CID-2011756	56.28	active
R4A_0005247_001	SPE_A30693873	0.25927128	inactive	N	SPE_A30693873	DIPERODON HYDROCHLORIDE	54.35	active
R4A_0004873_001	SPE_K69600043	0.979634642	active	Y	SPE_K69600043	thiethylperazine	59.1	active
R4A_0005278_001	SPE_A91031770	0.044359736	inactive	N	SPE_A91031770	SB-268262	70.11	active
R4A_0001210_001	SPE_A45889380	-0.096541104	inactive	N	SPE_A45889380	QUINACRINE HYDROCHLORIDE	109.84	active
R4A_0004847_001	SPE_A72309220	0.036887795	inactive	N	SPE_A72309220	METERGOLINE	61.84	active
R4A_0003717_001	SPE_K10995081	0.106910293	inactive	N	SPE_K10995081	PERPHENAZINE	84.68	active
R4A_0000970_001	SPE_M75840137	0.036657667	inactive	N	SPE_M75840137	Eliglustat	51.92	active
R4A_0002564_001	SPE_K80700417	-0.105051812	inactive	N	SPE_K80700417	SGI-1776 free base	62.43	active
R4A_0001169_001	SPE_K29950728	-0.015900971	inactive	N	SPE_K29950728	CLOMIPHENE CITRATE	107.9	active
R4A_0004278_001	SPE_K68065987	-0.115557617	inactive	N	SPE_K68065987	MK-2206 dihydrochloride	87.13	active
R4A_0005357_001	SPE_K89732114	0.158110183	inactive	N	SPE_K89732114	TRIFLUOPERAZINE HYDROCHLORIDE	81.27	active
R4A_0004388_001	SPE_K59390331	0.915001492	active	Y	SPE_K59390331	Tarafenacin (D-tartrate)	71.42	active
R4A_0001026_001	SPE_K91403886	0.526811052	active	Y	SPE_K91403886	YIL-781	56.28	active
R4A_0001479_001	SPE_A22032524	0.437907933	inactive	N	SPE_A22032524	AMLODIPINE BESYLATE	53.28	active
R4A_0002919_001	SPE_A43005764	0.500804767	inactive	N	SPE_A43005764	CYM-5442	107.96	active
R4A_0002632_001	SPE_K34568562	-0.071430459	inactive	N	SPE_K34568562	TILORONE	57.19	active
R4A_0000434_001	SPE_K16277217	0.365684564	inactive	N	SPE_K16277217	piperacetazine	50.35	active
R4A_0004737_001	SPE_K42938903	0.526382247	active	Y	SPE_K42938903	ACETOPHENAZINE MALEATE	74.39	active
R4A_0005088_001	SPE_K85015012	-0.005373045	inactive	N	SPE_K85015012	NNC-05-2090	52.43	active
R4A_0000699_001	SPE_K43621685	0.104209921	inactive	N	SPE_K43621685	CP 673451	62.46	active
R4A_0001907_001	SPE_K70693421	0.816358158	active	Y	SPE_K70693421	Genz-123346 (free base)	63.36	active
R4A_0001304_001	SPE_K48449073	-0.037735545	inactive	N	SPE_K48449073	Y-29794 oxalate	77.02	active
R4A_0001355_001					SPE_K84605263	KHK-IN-1 (hydrochloride)	79.35	active
R4A_0000051_001	SPE_K25412176	0.770546986	active	Y	SPE_K25412176	Afuresertib	69.45	active
R4A_0000225_001	SPE_K38332599	0.920027803	active	Y	SPE_K38332599	Uprosertib	82.59	active
R4A_0000941_001	SPE_A34358106	0.429744111	inactive	N	SPE_A34358106	Sarpogrelate (hydrochloride)	64.28	active
R4A_0000059_001	SPE_K32289541	-0.026590695	inactive	N	SPE_K32289541	EHop-016	57.64	active
R4A_0004857_001	SPE_K24600306	0.970323364	active	Y	SPE_K24600306	ML-298	60.06	active
R4A_0001417_001	SPE_K60171656	-0.089131784	inactive	N	SPE_K60171656	Miransertib	91.93	active
R4A_0002837_001	SPE_K70487031	0.818522079	active	Y	SPE_K70487031	Flupentixol	83.63	active
R4A_0003296_001	SPE_K55127134	-0.040390364	inactive	N	SPE_K55127134	FLUPHENAZINE HYDROCHLORIDE	60.39	active
R4A_0000039_001					SPE_K24696047	NVP-AEW541	69.36	active
R4A_0002370_001	SPE_K36984403	-0.086963067	inactive	N	SPE_K36984403	Go 6983	120.48	active
R4A_0004968_001	SPE_K71667152	0.164734087	inactive	N	SPE_K71667152	SBE-13	59.28	active
R4A_0000876_001	SPE_K22127577	0.039729673	inactive	N	SPE_K22127577	Crenolanib (CP-868596)	64.19	active
R4A_0001117_001					SPE_K97309399	thiothixene	61.86	active
R4A_0001982_001	SPE_K49294207	-0.142145975	inactive	N	SPE_K49294207	BIBU-1361	97.02	active
R4A_0005411_001	SPE_K27737647	0.988659341	active	Y	SPE_K27737647	H-89	60.79	active
R4A_0002669_001	SPE_K93317811	1.128133797	active	Y	SPE_K93317811	VU-0364739	55.13	active
R4A_0003075_001	SPE_K84868168	0.131139344	inactive	N	SPE_K84868168	Erdafitinib	55.19	active
R4A_0004607_001	SPE_K08619574	0.390137451	inactive	N	SPE_K08619574	thioproperazine	50.31	active
R4A_0000575_001	SPE_K55192287	1.023650572	active	Y	SPE_K55192287	Ro 48-8071 (fumarate)	92.87	active
R4A_0002203_001	SPE_K40308497	1.017115046	active	Y	SPE_K40308497	(S)-crizotinib	70.17	active
R4A_0002203_002	SPE_K78431006	-0.005914431	inactive	N	SPE_K78431006	Crizotinib (PF-02341066)	75.03	active
R4A_0000450_001	SPE_K13949769	0.075735129	inactive	N	SPE_K13949769	Tenovin-6	146.84	active
R4A_0003956_001					SPE_A09533288	VERAPAMIL HYDROCHLORIDE	50.73	active
R4A_0003915_001	SPE_A39794701	-0.008633884	inactive	N	SPE_A39794701	DR-4485	70.17	active
R4A_0000697_001	SPE_K64857848	-0.033631899	inactive	N	SPE_K64857848	ERK5-IN-1	52.43	active
R4A_0003874_001	SPE_K60997853	-0.136644671	inactive	N	SPE_K60997853	PHA-848125	54.56	active
R4A_0002273_001					SPE_A78965079	tafenoquine	51.57	active
R4A_0000978_001					SPE_K37492701	BI-847325	81.84	active
R4A_0000139_001	SPE_K73293050	-0.064043506	inactive	N	SPE_K73293050	WZ3146	70.45	active
R4A_0004811_001	SPE_K08799216	-0.030565414	inactive	N	SPE_K08799216	Pelitinib (EKB-569)	73.91	active
R4A_0002216_001	SPE_A18763547	0.038905886	inactive	N	SPE_A18763547	BAX-channel-blocker	123.08	active
R4A_0000537_001	SPE_K58726989	-0.056739962	inactive	N	SPE_K58726989	HTH-01-015	103.21	active
R4A_0004206_001	SPE_K90195324	0.033908111	inactive	N	SPE_K90195324	Bazedoxifene HCl	57.23	active
R4A_0001522_001	SPE_K19034817	-0.083516502	inactive	N	SPE_K19034817	Pacritinib (SB1518)	78.83	active
R4A_0002343_001					SPE_K90316462	MK2-IN-1 (hydrochloride)	103.89	active
R4A_0002137_001	SPE_K33245965	-0.086076213	inactive	N	SPE_K33245965	BMS-833923 (XL139)	67.37	active
R4A_0001301_001	SPE_K63828191	0.065103102	inactive	N	SPE_K63828191	RALOXIFENE HYDROCHLORIDE	74.56	active
R4A_0004245_001	SPE_K77625799	0.037308305	inactive	N	SPE_K77625799	Vandetanib (ZD6474)	105.2	active
R4A_0003697_001					SPE_K61250553	LOPERAMIDE HYDROCHLORIDE	67.25	active
R4A_0004288_001	SPE_K66175015	-0.102197445	inactive	N	SPE_K66175015	Afatinib (dimaleate)	108.27	active
R4A_0001951_001	SPE_K30867024	-0.068641382	inactive	N	SPE_K30867024	SB-216641	81.47	active
R4A_0001572_001	SPE_K02017404	-0.036454514	inactive	N	SPE_K02017404	NVP-BSK805 2HCl	73.33	active
R4A_0003146_001	SPE_K26818574	-0.10366661	inactive	N	SPE_K26818574	BIX 01294	142.41	active
R4A_0001509_001					SPE_K03765900	Tesevatinib	55.47	active
R4A_0005316_001	SPE_K62996583	0.908761161	active	Y	SPE_K62996583	lidoflazine	52.58	active
R4A_0004454_001	SPE_K78122587	0.076211566	inactive	N	SPE_K78122587	NNC-55-0396	68.08	active
R4A_0002207_001	SPE_K92723993	0.28513566	inactive	N	SPE_K92723993	Imatinib Mesylate (STI571)	65.56	active
R4A_0001314_001	SPE_K09549677	0.973546256	active	Y	SPE_K09549677	mibefradil	88.24	active
R4A_0005123_001	SPE_K11911061	0.001481977	inactive	N	SPE_K11911061	GR-127935	142.31	active
R4A_0004700_001	SPE_K71035033	0.442919326	inactive	N	SPE_K71035033	Masitinib (AB1010)	54.05	active
R4A_0000999_001	SPE_A51964809	0.777081072	active	Y	SPE_A51964809	Halofantrine?HCl	68.82	active
R4A_0000866_001	SPE_K45662124	0.000466482	inactive	N	SPE_K45662124	3'-fluorobenzylspiperone	88.95	active
R4A_0000562_001	SPE_K87021635	-0.088739748	inactive	N	SPE_K87021635	CZC-54252	51.43	active
R4A_0004401_001	SPE_K33622447	-0.058220363	inactive	N	SPE_K33622447	abemaciclib (LY2835219)	76.72	active
R4A_0003556_001	SPE_K86856088	1.116080959	active	Y	SPE_K86856088	UNC0638	60.73	active
R4A_0003263_001	SPE_K68532323	0.253528293	inactive	N	SPE_K68532323	SB-743921	92.65	active
R4A_0003518_001	SPE_K64881305	-0.124951239	inactive	N	SPE_K64881305	Ispinesib (SB-715992)	75.73	active
R4A_0004997_001	SPE_K64890080	0.029735644	inactive	N	SPE_K64890080	BI 2536	66.75	active
R4A_0000859_001	SPE_K97764662	-0.024649855	inactive	N	SPE_K97764662	PD173074	90.14	active
R4A_0001928_001	SPE_K12502280	-0.041954894	inactive	N	SPE_K12502280	"Fedratinib (SAR302503, TG101348)"	121.61	active
R4A_0003170_001	SPE_K56032964	0.096047934	inactive	N	SPE_K56032964	AP26113	51.77	active
R4A_0004194_001	SPE_K99964838	0.065859642	inactive	N	SPE_K99964838	bosutinib	68	active
R4A_0000319_001	SPE_K34362291	-0.073401336	inactive	N	SPE_K34362291	TC-S-7003	81.65	active
R4A_0000429_001	SPE_K03390685	0.068866573	inactive	N	SPE_K03390685	Cobimetinib	78.8	active
R4A_0002587_001	SPE_K97152684	-0.176916939	inactive	N	SPE_K97152684	PD-161570	69.23	active
R4A_0003163_001	SPE_K19540840	-0.098795541	inactive	N	SPE_K19540840	Saracatinib (AZD0530)	58.54	active
R4A_0005378_001	SPE_K92428232	-0.050731501	inactive	N	SPE_K92428232	GSK461364	75.06	active
R4A_0004315_001	SPE_K43436647	-0.06568567	inactive	N	SPE_K43436647	ARQ 621	68.4	active
R4A_0000137_001	SPE_K61845293	0.003810144	inactive	N	SPE_K61845293	DDR1-IN-1	99.06	active
R4A_0005452_001	SPE_K05524748	-0.135071279	inactive	N	SPE_K05524748	Dronedarone HCl (Multaq)	74.91	active
R4A_0004432_001	SPE_K22149900	-0.031856502	inactive	N	SPE_K22149900	Ceritinib	50.94	active
R4A_0003505_001	SPE_K12068470	0.956421857	active	Y	SPE_K12068470	LY2608204	55.77	active
R4A_0001311_001	SPE_K39009484	-0.137292757	inactive	N	SPE_K39009484	Entrectinib (RXDX-101)	96.46	active
R4A_0001270_001	SPE_K48059512	-0.002997806	inactive	N	SPE_K48059512	TAK-960	69.42	active
R4A_0001101_001	SPE_K43002771	0.072974948	inactive	N	SPE_K43002771	SR-33805 oxalate	84.73	active
R4A_0003481_001	SPE_K95260951	0.661486777	active	Y	SPE_K95260951	asenapine maleate	65.24	active
R4A_0004345_001	SPE_K30425481	1.07328898	active	Y	SPE_K30425481	L-760735	71.16	active
R4A_0000272_001					SPE_K72827473	CEP-37440	138.77	active
R4A_0000268_001	SPE_K19687926	-0.024373746	inactive	N	SPE_K19687926	Lapatinib (GW-572016) Ditosylate	91.36	active
R4A_0003625_001	SPE_K48722258	0.069379419	inactive	N	SPE_K48722258	dilazep	58.72	active
R4A_0005262_001	SPE_K96194081	-0.051692722	inactive	N	SPE_K96194081	CEPHARANTHINE	56.98	active
R4A_0004090_001	SPE_K44309363	0.007120329	inactive	N	SPE_K44309363	dexniguldipine	59.79	active
R4A_0000955_001	SPE_A21428877	0.00658723	inactive	N	SPE_A21428877	SNAP-5089	60.59	active
R4A_0004105_001					SPE_K69776681	BI6727 (Volasertib)	81.51	active
R4A_0000644_001	SPE_K03449891	-0.10999905	inactive	N	SPE_K03449891	"Foretinib (GSK1363089, XL880)"	80.07	active
R4A_0001778_001					SPE_K17561142	AMIODARONE HYDROCHLORIDE	55.14	active
R4A_0002494_001	SPE_K92213669	0.047447982	inactive	N	SPE_K92213669	Lomitapide	62.48	active
R4A_0003434_001					SPE_A78210457	RG7112 (RO5045337)	106.07	active
R4A_0001680_001					SPE_K61230716	Sodium Nitrite	-3.53	inactive
R4A_0001190_001	SPE_K79277568	0.060397002	inactive	N	SPE_K79277568	methoxyamine	-3.8	inactive
R4A_0005457_001	SPE_K76037122	-0.148611302	inactive	N	SPE_K76037122	GUANIDINE HYDROCHLORIDE	-3.15	inactive
R4A_0005024_001	SPE_K88052444	-0.076989045	inactive	N	SPE_K88052444	UREA	-2.14	inactive
R4A_0002829_001					SPE_M00184283	sodium acrylate	-4.99	inactive
R4A_0001305_001					SPE_K25114078	PIMAGEDINE HYDROCHLORIDE	-12.98	inactive
R4A_0003822_001	SPE_K21615095	-0.104919488	inactive	N	SPE_K21615095	ACETOHYDROXAMIC ACID	2.78	inactive
R4A_0000729_001	SPE_K72369578	-0.026435798	inactive	N	SPE_K72369578	Glycine	-0.53	inactive
R4A_0004536_001	SPE_K51747290	-0.001720365	inactive	N	SPE_K51747290	HYDROXYUREA	-3.87	inactive
R4A_0004233_001	SPE_K92611362	-0.103575968	inactive	N	SPE_K92611362	CYSTEAMINE HYDROCHLORIDE	-5.61	inactive
R4A_0002464_001	SPE_K68534611	-0.022742494	inactive	N	SPE_K68534611	2-methyl-1H-imidazole	0.94	inactive
R4A_0002284_001					SPE_K86587225	2-oxopropanoate	-8.52	inactive
R4A_0000928_001					SPE_K05878375	Sodium butyrate	-6.95	inactive
R4A_0004660_001	SPE_K54057105	-0.078578139	inactive	N	SPE_K54057105	Isobutyramide	-3.55	inactive
R4A_0002106_001	SPE_K75282878	0.00349659	inactive	N	SPE_K75282878	putrescine	-4.38	inactive
R4A_0003828_001	SPE_K11984358	-0.059151473	inactive	N	SPE_K11984358	ZAMI-633	-5.29	inactive
R4A_0001931_001	SPE_K24297741	-0.081894279	inactive	N	SPE_K24297741	URETHANE	-6.37	inactive
R4A_0003545_001	SPE_K25125382	-0.116592305	inactive	N	SPE_K25125382	L-alanine	5.32	inactive
R4A_0001036_001	SPE_K51263939	-0.007861087	inactive	N	SPE_K51263939	sarcosine	-4.12	inactive
R4A_0004655_001	SPE_K22346679	-0.108730573	inactive	N	SPE_K22346679	"1,4-butanediol"	-3.35	inactive
R4A_0001723_001					SPE_K76549667	phenol	2.3	inactive
R4A_0002920_001	SPE_K22482860	0.017121687	inactive	N	SPE_K22482860	FAMPRIDINE	-3.01	inactive
R4A_0003516_001	SPE_K90042229	-0.058625354	inactive	N	SPE_K90042229	pyrrolidine-1-carbonitrile	-7.33	inactive
R4A_0000856_001					SPE_K99308954	SODIUM MONOFLUOROPHOSPHATE	-5.08	inactive
R4A_0001436_001	SPE_K39371216	-0.068873012	inactive	N	SPE_K39371216	CYACETACIDE	-6.26	inactive
R4A_0003664_001	SPE_K13421763	-0.091959094	inactive	N	SPE_K13421763	AMINOTHIAZOLE	-6.21	inactive
R4A_0004635_001	SPE_K73234506	-0.072689344	inactive	N	SPE_K73234506	Lithium acetoacetate	1.77	inactive
R4A_0003216_001	SPE_K66465025	-0.054330166	inactive	N	SPE_K66465025	1-Aminocyclopropanecarboxylic acid	0.83	inactive
R4A_0003614_001					SPE_K94837153	aminothiadiazole	-3.67	inactive
R4A_0003905_001	SPE_K90069354	-0.000433393	inactive	N	SPE_K90069354	Isovaleramide	-2.37	inactive
R4A_0003778_001	SPE_K91614056	-0.015059053	inactive	N	SPE_K91614056	trans-4-Hydroxycrotonic-acid	-4.68	inactive
R4A_0000868_001	SPE_K87226815	0.034138321	inactive	N	SPE_K87226815	CYCLOSERINE (D)	-0.5	inactive
R4A_0004672_001	SPE_A41387824	-0.052684054	inactive	N	SPE_A41387824	beta-Hydroxybutyrate	2.83	inactive
R4A_0003989_001					SPE_K82166906	SODIUM OXYBATE	-1.27	inactive
R4A_0000433_001					SPE_K77245796	gamma-AMINOBUTYRIC ACID HYDROCHLORIDE	-6.43	inactive
R4A_0004439_001	SPE_K81623406	0.014945637	inactive	N	SPE_K81623406	(ethylsulfanyl)methanimidamide hydrobromide	-3.01	inactive
R4A_0002673_001	SPE_K71822263	-0.075990729	inactive	N	SPE_K71822263	D-serine	0.12	inactive
R4A_0005383_001	SPE_K04552268	0.021189951	inactive	N	SPE_K04552268	4-pyrimidinecarbonitrile	-3.1	inactive
R4A_0001632_001	SPE_K95015809	-0.032522384	inactive	N	SPE_K95015809	2-cyanopyrimidine	-5.87	inactive
R4A_0000701_001	SPE_K81645907	-0.007427303	inactive	N	SPE_K81645907	CAPTAMINE	1.7	inactive
R4A_0002697_001	SPE_K76600340	-0.074209561	inactive	N	SPE_K76600340	NICOTINYL ALCOHOL TARTRATE	-0.76	inactive
R4A_0003197_001	SPE_K80262108	0.008058044	inactive	N	SPE_K80262108	"Pyridine-3,4-diamine"	-1.71	inactive
R4A_0003502_001	SPE_K11227669	-0.06957007	inactive	N	SPE_K11227669	HYDROQUINONE	-3.83	inactive
R4A_0001142_001	SPE_K74190368	-0.135335201	inactive	N	SPE_K74190368	RESORCINOL	-3.42	inactive
R4A_0000334_001					SPE_A78195072	IMEXON	-6.93	inactive
R4A_0002916_001	SPE_K01674964	-0.081750965	inactive	N	SPE_K01674964	HISTAMINE DIHYDROCHLORIDE	-3.34	inactive
R4A_0002015_001					SPE_K20075662		-0.16	inactive
R4A_0001711_001	SPE_K80129304	0.005787081	inactive	N	SPE_K80129304	URACIL	-8.91	inactive
R4A_0004783_001					SPE_K55892330	sorbic-acid	-3.82	inactive
R4A_0005296_001	SPE_K26824830	-0.017539165	inactive	N	SPE_K26824830	Azomycin (2-Nitroimidazole)	-0.75	inactive
R4A_0000695_001	SPE_K13495773	0.049218445	inactive	N	SPE_K13495773	Creatinine	-2.8	inactive
R4A_0005364_001	SPE_K08288352	-0.08864052	inactive	N	SPE_K08288352	1-Ethyl-2-pyrrolidone	8.03	inactive
R4A_0001434_001					SPE_K34437622	5-FP	-8.73	inactive
R4A_0004488_001	SPE_K06050544	-0.056153361	inactive	N	SPE_K06050544	(D)-5-methylhydantoin	-2.09	inactive
R4A_0004488_002					SPE_K56033645		-6.33	inactive
R4A_0005400_001	SPE_K60441002	-0.072794494	inactive	N	SPE_K60441002	muscimol	-0.22	inactive
R4A_0000463_001	SPE_K95941975	-0.013160443	inactive	N	SPE_K95941975	piperazinedione	-1.53	inactive
R4A_0003307_001	SPE_K54416256	-0.068387887	inactive	N	SPE_K54416256	METHIMAZOLE	-2.34	inactive
R4A_0002428_001					SPE_K60600693	Sodium orthovanadate	-5.9	inactive
R4A_0001321_001	SPE_K41304947	-0.016773643	inactive	N	SPE_K41304947	HA-966-(S)-(-)	-8.51	inactive
R4A_0001321_002	SPE_K58046914	-0.051906358	inactive	N	SPE_K58046914	HA-966-(R)-(+)	-6.32	inactive
R4A_0001481_001					SPE_K89634775	ALLYLTHIOUREA	-1.6	inactive
R4A_0004539_001	SPE_A19958636	-0.081545657	inactive	N	SPE_A19958636	TUAMINOHEPTANE SULFATE	-1	inactive
R4A_0000322_001	SPE_K08927448	-0.154275154	inactive	N	SPE_K08927448	nitrosodimethylurea	-2.57	inactive
R4A_0000216_001					SPE_M02899238	beta-hydroxy-beta-methylbutyrate	-6.24	inactive
R4A_0000657_001	SPE_A62890442	-0.106399579	inactive	N	SPE_A62890442	3-methyl-GABA	-2.76	inactive
R4A_0002233_001					SPE_K12014493	BETAINE HYDROCHLORIDE	-1.21	inactive
R4A_0002266_001	SPE_K59424860	0.001885016	inactive	N	SPE_K59424860	D-Valine	-0.03	inactive
R4A_0002077_001	SPE_K45238818	-0.009710741	inactive	N	SPE_K45238818	succinic acid	-5.74	inactive
R4A_0005025_001	SPE_K10673031	0.030954284	inactive	N	SPE_K10673031	S-Isopropylisothiourea	-3.42	inactive
R4A_0000230_001					SPE_A40777960	THREONINE (dl)	-9.04	inactive
R4A_0000230_002					SPE_K75508643	L-threonine	2.14	inactive
R4A_0002306_001	SPE_K47978074	-0.100557873	inactive	N	SPE_K47978074	TROMETHAMINE	-3.2	inactive
R4A_0005042_001	SPE_K00795468	-0.003026618	inactive	N	SPE_K00795468	L-cysteine	-1.13	inactive
R4A_0000896_001					SPE_A74328360	Antimonyl (potassium tartrate trihydrate)	2.54	inactive
R4A_0004304_001	SPE_K79315489	-0.018350554	inactive	N	SPE_K79315489	Erythritol	-7.96	inactive
R4A_0004762_001	SPE_K53397409	-0.119313868	inactive	N	SPE_K53397409	BENZOIC ACID	-7.76	inactive
R4A_0000713_001	SPE_K28912512	-0.099686159	inactive	N	SPE_K28912512	NIACINAMIDE	-7.2	inactive
R4A_0003229_001	SPE_K51199656	-0.11105063	inactive	N	SPE_K51199656	Fluorocholine chloride	-5.63	inactive
R4A_0004985_001	SPE_K17874705	-0.012035597	inactive	N	SPE_K17874705	2-pyridylethylamine	-5.68	inactive
R4A_0005392_001					SPE_K85146014	FOSCARNET SODIUM	-2.03	inactive
R4A_0003974_001	SPE_K01029106	-0.030858314	inactive	N	SPE_K01029106	picolinic-acid	-2.21	inactive
R4A_0003384_001	SPE_K60237333	-0.037013813	inactive	N	SPE_K60237333	NIACIN	-2.51	inactive
R4A_0001685_001	SPE_K28667793	-0.099009467	inactive	N	SPE_K28667793	PYRAZINAMIDE	-3.14	inactive
R4A_0000600_001	SPE_K08493205	-0.128775551	inactive	N	SPE_K08493205	SALICYL ALCOHOL	0.98	inactive
R4A_0002939_001	SPE_K45216060	0.010447245	inactive	N	SPE_K45216060	MEQUINOL	-0.7	inactive
R4A_0002417_001	SPE_K78299798	-0.002651723	inactive	N	SPE_K78299798	mepiroxol	-1.46	inactive
R4A_0004971_001	SPE_K51474575	-0.05746341	inactive	N	SPE_K51474575	Taurine	-1.24	inactive
R4A_0004969_001	SPE_K28308851	-0.063298971	inactive	N	SPE_K28308851	alpha-methylhistamine-dihydrobromide-(S)-(+)	-1.54	inactive
R4A_0003271_001	SPE_K64422603	-0.17310811	inactive	N	SPE_K64422603	N-alpha-Methylhistamine-dihydrochloride	-7.65	inactive
R4A_0004239_001	SPE_K70821460	-0.084670094	inactive	N	SPE_K70821460	4-methylhistamine	0.11	inactive
R4A_0004969_002	SPE_K80028314	-0.019861425	inactive	N	SPE_K80028314	alpha-methylhistamine-dihydrobromide-(R)-(-)	-1.95	inactive
R4A_0003441_001	SPE_K00405906	-0.075349676	inactive	N	SPE_K00405906	phloroglucin	-3.47	inactive
R4A_0002868_001	SPE_K86799112	-0.004223311	inactive	N	SPE_K86799112	5-(Hydroxymethyl)furan-2-carbaldehyde	-2.91	inactive
R4A_0004222_001	SPE_K70053378	-0.033499548	inactive	N	SPE_K70053378	5-Hydroxy-1H-imidazole-4-carboxamide	-0.78	inactive
R4A_0001131_001	SPE_K73381198	-0.081885497	inactive	N	SPE_K73381198	(5-fluoro-3-pyridyl)methanol	-3.01	inactive
R4A_0003599_001	SPE_K01980392	-0.093677152	inactive	N	SPE_K01980392	guvacine	3.24	inactive
R4A_0002185_001	SPE_K66480997	-0.058754858	inactive	N	SPE_K66480997	isoguvacine	-6.34	inactive
R4A_0002021_001	SPE_M97302542	0.005337624	inactive	N	SPE_M97302542	dichloroacetate	-4.51	inactive
R4A_0000823_001	SPE_K29791386	-0.003757475	inactive	N	SPE_K29791386	"2,5-furandimethanol"	0.61	inactive
R4A_0005350_001	SPE_K58819470	-0.003627283	inactive	N	SPE_K58819470	2-THIOURACIL	-2.88	inactive
R4A_0004829_001	SPE_K40992116	-0.022596447	inactive	N	SPE_K40992116	PARACHLOROPHENOL	-4.68	inactive
R4A_0005004_001	SPE_K82143716	-0.087931527	inactive	N	SPE_K82143716	FLUCYTOSINE	-1.94	inactive
R4A_0002027_001	SPE_K43687498	0.085051471	inactive	N	SPE_K43687498	DIMETHADIONE	-2.7	inactive
R4A_0003286_001	SPE_A07893380	-0.128543514	inactive	N	SPE_A07893380	Vigabatrin	0.41	inactive
R4A_0005085_001	SPE_K79602928	-0.031316401	inactive	N	SPE_K79602928	METFORMIN HYDROCHLORIDE	2.14	inactive
R4A_0001137_001	SPE_K24844714	-0.102048417	inactive	N	SPE_K24844714	FLUOROURACIL	-3.49	inactive
R4A_0003647_001	SPE_K49738308	0.069835532	inactive	N	SPE_K49738308	Agmatine sulfate	-1.75	inactive
R4A_0003306_001	SPE_A12454076	-0.084404625	inactive	N	SPE_A12454076	trans-4-Hydroxy-L-proline	-0.63	inactive
R4A_0005377_001	SPE_K57631554	-0.063697953	inactive	N	SPE_K57631554	AMINOLEVULINIC ACID HYDROCHLORIDE	9.37	inactive
R4A_0000628_001	SPE_K19615002	-0.106398539	inactive	N	SPE_K19615002	creatine	-3.9	inactive
R4A_0002146_001					SPE_K50781608	guanidinopropionic-acid	-4.98	inactive
R4A_0000073_001	SPE_A02232681	-0.094148904	inactive	N	SPE_A02232681	isoleucine	-0.55	inactive
R4A_0003794_001					SPE_K12853841	L-leucine	7.87	inactive
R4A_0004007_001	SPE_K64931368	-0.074047945	inactive	N	SPE_K64931368	AMINOCAPROIC ACID HYDROCHLORIDE	-1.72	inactive
R4A_0000255_001	SPE_A28318179	0.131771898	inactive	N	SPE_A28318179	aminomethyltransferase	0.17	inactive
R4A_0000340_001	SPE_A18396475	0.030526337	inactive	N	SPE_A18396475	malic-acid	0.86	inactive
R4A_0002100_001					SPE_K61279411	oxaloacetate	-7.37	inactive
R4A_0000688_001	SPE_K06665116	-0.063343182	inactive	N	SPE_K06665116	L-asparagine	-8.16	inactive
R4A_0002122_001	SPE_K38088841	0.028294496	inactive	N	SPE_K38088841	cinnamaldehyde	-3.17	inactive
R4A_0000556_001					SPE_K97163964	L-Aspartic-Acid	6.71	inactive
R4A_0000082_001	SPE_A13561534	-0.097822302	inactive	N	SPE_A13561534	ORNITHINE HYDROCHLORIDE	4.66	inactive
R4A_0000881_001	SPE_A38592941	0.004719374	inactive	N	SPE_A38592941	TIMONACIC	-4.52	inactive
R4A_0000042_001					SPE_K47029922	TRANYLCYPROMINE SULFATE	-1.26	inactive
R4A_0001118_001	SPE_K26060080	-0.061458212	inactive	N	SPE_K26060080	ADENINE	-2.75	inactive
R4A_0001079_001	SPE_K11094367	0.005187719	inactive	N	SPE_K11094367	ACETANILIDE	-3.98	inactive
R4A_0001589_001	SPE_K63123526	-0.031371161	inactive	N	SPE_K63123526	S-methylcysteine	-1.63	inactive
R4A_0005185_001					SPE_K48461310	FOSFOMYCIN CALCIUM	-3.28	inactive
R4A_0001932_001					SPE_K26425819	eniluracil	-3.59	inactive
R4A_0000914_001	SPE_K03739921	-0.193411341	inactive	N	SPE_K03739921	Hypoxanthine	-2.17	inactive
R4A_0003019_001	SPE_K86307448	-0.01858179	inactive	N	SPE_K86307448	ALLOPURINOL	0.16	inactive
R4A_0000116_001					SPE_K58497451	POTASSIUM p-AMINOBENZOATE	5.13	inactive
R4A_0001228_001	SPE_K08703257	-0.03045305	inactive	N	SPE_K08703257	3-amino-benzamide	-8.29	inactive
R4A_0000959_001	SPE_K25691735	-0.131209584	inactive	N	SPE_K25691735	Tetramethylpyrazine	-1.64	inactive
R4A_0003780_001	SPE_K87024524	-0.040089623	inactive	N	SPE_K87024524	PHENELZINE SULFATE	-4.17	inactive
R4A_0005189_001					SPE_K10132944	methyl-nicotinate	11.32	inactive
R4A_0004818_001					SPE_K69231085	Trigonelline?HCl	-3.38	inactive
R4A_0004000_001	SPE_K81130846	-0.080798006	inactive	N	SPE_K81130846	SALICYLAMIDE	-3.89	inactive
R4A_0003584_001	SPE_K87202646	0.00347956	inactive	N	SPE_K87202646	PASINIAZID	-5.81	inactive
R4A_0002560_001					SPE_K24221957	pralidoxime-chloride	8.51	inactive
R4A_0001806_001	SPE_K84281997	-0.014171874	inactive	N	SPE_K84281997	PRALIDOXIME MESYLATE	-6.44	inactive
R4A_0001935_001	SPE_K28982731	-0.0305591	inactive	N	SPE_K28982731	emoxipin	-4.78	inactive
R4A_0005150_001	SPE_K93632104	-0.006980499	inactive	N	SPE_K93632104	SALICYLIC ACID	0.08	inactive
R4A_0002398_001	SPE_K25146005	-0.143416525	inactive	N	SPE_K25146005	cis-Urocanic acid	-4.42	inactive
R4A_0002398_002	SPE_K52670952	0.036336273	inactive	N	SPE_K52670952	cis-urocanic-acid	-3.59	inactive
R4A_0000637_001					SPE_K57718010	PENTYLENETETRAZOL	-7.15	inactive
R4A_0000963_001					SPE_K20417253	OXINIACIC ACID	-11.71	inactive
R4A_0004176_001	SPE_K06878038	0.030673192	inactive	N	SPE_K06878038	DEFERIPRONE	-10.47	inactive
R4A_0001607_001	SPE_K38564664	-0.039341085	inactive	N	SPE_K38564664	rolziracetam	-3.3	inactive
R4A_0004024_001	SPE_K82234479	-0.026607426	inactive	N	SPE_K82234479	TRAMIPROSATE	-2	inactive
R4A_0002139_001	SPE_K15337272	-0.043966352	inactive	N	SPE_K15337272	C-751	0.53	inactive
R4A_0005508_001	SPE_K89104321	-0.048557456	inactive	N	SPE_K89104321	gaboxadol	-1.38	inactive
R4A_0004478_001	SPE_K30114692	0.040057544	inactive	N	SPE_K30114692	Methenamine (Mandelamine)	-0.33	inactive
R4A_0001575_001					SPE_K72728560	DIMETRIDAZOLE	10.02	inactive
R4A_0001306_001	SPE_A99633051	0.030969547	inactive	N	SPE_A99633051	ETHOSUXIMIDE	-6.19	inactive
R4A_0005421_001					SPE_K49954789	MESNA	-2.99	inactive
R4A_0005054_001	SPE_A64743628	-0.104676678	inactive	N	SPE_A64743628	isometheptene-mucate	-6.77	inactive
R4A_0004271_001	SPE_A14757586	-0.052821582	inactive	N	SPE_A14757586	tetrazol-5-yl-glycine-(RS)	-4.82	inactive
R4A_0001195_001	SPE_K19456237	-0.039451073	inactive	N	SPE_K19456237	PIRACETAM	4.25	inactive
R4A_0001018_001					SPE_K60902958	ectoine-zwitterion	0	inactive
R4A_0001512_001	SPE_K11900042	-0.099305607	inactive	N	SPE_K11900042	METHYLTHIOURACIL	-2.87	inactive
R4A_0005226_001	SPE_K96055017	-0.12147274	inactive	N	SPE_K96055017	1-acetyl-4-methylpiperazine	-1.39	inactive
R4A_0000521_001	SPE_K89056082	-0.131656456	inactive	N	SPE_K89056082	CHLOROCRESOL	-1.11	inactive
R4A_0001710_001	SPE_K16606819	-0.116751982	inactive	N	SPE_K16606819	TRIMETHADIONE	2.55	inactive
R4A_0000119_001					SPE_K14379200	cyclocreatine	1.96	inactive
R4A_0002824_001					SPE_K41260949	VALPROATE SODIUM	-5.85	inactive
R4A_0003344_001	SPE_K61339991	0.007765287	inactive	N	SPE_K61339991	Kevetrin (hydrochloride)	-2.54	inactive
R4A_0003577_001					SPE_A96644976	valnoctamide	4.28	inactive
R4A_0003090_001					SPE_K54698528	valpromide	0.56	inactive
R4A_0002288_001					SPE_K31111078	DIMETHYL FUMARATE	-6.83	inactive
R4A_0002002_001	SPE_K21164796	0.006301151	inactive	N	SPE_K21164796	2-Naphthol	2.96	inactive
R4A_0001159_001	SPE_K64338723	-0.005335766	inactive	N	SPE_K64338723	milacemide	-5.73	inactive
R4A_0005253_001	SPE_K01292611	-0.075654875	inactive	N	SPE_K01292611	Methyl Aminolevulinate?HCl	-4.09	inactive
R4A_0002508_001	SPE_K66808046	-0.051681164	inactive	N	SPE_K66808046	OXYQUINOLINE HEMISULFATE	-3.64	inactive
R4A_0005401_001	SPE_K87573013	-0.080347634	inactive	N	SPE_K87573013	CL-225385	-3.41	inactive
R4A_0005442_001	SPE_K35687421	-0.041588691	inactive	N	SPE_K35687421	Gimeracil	-6.34	inactive
R4A_0002164_001	SPE_K89712525	-0.022454898	inactive	N	SPE_K89712525	2-oxoglutaric-acid	-1.29	inactive
R4A_0004733_001	SPE_K10656395	0.045244259	inactive	N	SPE_K10656395	adipic-acid	-6.15	inactive
R4A_0002132_001	SPE_K47178855	-0.051314391	inactive	N	SPE_K47178855	Isosorbide	-0.79	inactive
R4A_0000005_001	SPE_K68502831	-0.105071967	inactive	N	SPE_K68502831	VAL-083	-1.6	inactive
R4A_0005512_001	SPE_K23913458	0.039292534	inactive	N	SPE_K23913458	COUMARIN	1.2	inactive
R4A_0005346_001	SPE_K83896451	-0.005398669	inactive	N	SPE_K83896451	L-Glutamine	-2.87	inactive
R4A_0003544_001	SPE_K91758890	0.108699844	inactive	N	SPE_K91758890	4-HQN	-0.55	inactive
R4A_0003467_001	SPE_K44825564	-0.121404881	inactive	N	SPE_K44825564	ZAPA	-8.63	inactive
R4A_0003379_001	SPE_K79392608	-0.070191991	inactive	N	SPE_K79392608	Meldonium	-4.85	inactive
R4A_0002076_001	SPE_K86016185	0.048919207	inactive	N	SPE_K86016185	L-lysine	-0.65	inactive
R4A_0003861_001	SPE_A55455283	-0.090130052	inactive	N	SPE_A55455283	"2-ethyl-1,3-hexanediol"	-4.8	inactive
R4A_0004465_001	SPE_K37111771	-0.087078721	inactive	N	SPE_K37111771	TRIENTINE HYDROCHLORIDE	-4.13	inactive
R4A_0002420_001	SPE_A32988684	-0.146376495	inactive	N	SPE_A32988684	HEPTAMINOL HYDROCHLORIDE	-8.75	inactive
R4A_0004540_001					SPE_K80970344	pyrrolidine-dithiocarbamate	-0.32	inactive
R4A_0004681_001					SPE_K62309135	L-glutamic-acid	-9.39	inactive
R4A_0001427_001					SPE_K62414032	NMDA	0.5	inactive
R4A_0004605_001					SPE_K63247785	O-acetyl-L-serine HCl	-1.95	inactive
R4A_0000379_001					SPE_K92413528	procysteine	4.13	inactive
R4A_0005298_001	SPE_K61536264	-0.089991446	inactive	N	SPE_K61536264	Fagomine	-2.04	inactive
R4A_0003139_001					SPE_K90305467	ID-1101	0.75	inactive
R4A_0001753_001	SPE_K01815685	0.020241758	inactive	N	SPE_K01815685	Indole-3-carbinol	1.08	inactive
R4A_0004509_001	SPE_K75037734	-0.037063401	inactive	N	SPE_K75037734	CARBACHOL	-0.88	inactive
R4A_0005324_001					SPE_K82178523	L-asparagine-n-hydroxy	-6.2	inactive
R4A_0002839_001	SPE_A43435802	0.055965172	inactive	N	SPE_A43435802	mercaptosuccinic-acid	-4.92	inactive
R4A_0002374_001	SPE_K40654626	-0.02694398	inactive	N	SPE_K40654626	ditiocarb-sodium-trihydrate	-6.15	inactive
R4A_0001032_001					SPE_K81647657	3-Methyladenine (3-MA)	7.06	inactive
R4A_0004561_001	SPE_A16376407	-0.0757667	inactive	N	SPE_A16376407	PENICILLAMINE ETHANOLAMINE SALT	-0.26	inactive
R4A_0000933_001					SPE_A39515206	methionine	-3.06	inactive
R4A_0004561_002	SPE_K17518951	-0.010888103	inactive	N	SPE_K17518951	Penicillamine (Cuprimine)	16.57	inactive
R4A_0000726_001	SPE_K96319534	-0.068085924	inactive	N	SPE_K96319534	phentermine	-1.25	inactive
R4A_0005426_001	SPE_M22581557	-0.070672878	inactive	N	SPE_M22581557	Sevelamer HCl	-4.42	inactive
R4A_0000930_001					SPE_K36474365	TARTARIC ACID	-3.63	inactive
R4A_0003410_001	SPE_K10759144	0.039797814	inactive	N	SPE_K10759144	Xylose	-4.12	inactive
R4A_0003672_001					SPE_K07441213	PAROXYPROPIONE	-7.42	inactive
R4A_0003498_001	SPE_K06338106	-0.06222288	inactive	N	SPE_K06338106	4-tert-butylphenol	-1.81	inactive
R4A_0002553_001	SPE_K17458574	0.048930696	inactive	N	SPE_K17458574	thymol	-2.22	inactive
R4A_0002600_001	SPE_K49504902	0.022011586	inactive	N	SPE_K49504902	SEP-227900	-4.85	inactive
R4A_0003531_001	SPE_K16474819	-0.00418007	inactive	N	SPE_K16474819	METACETAMOL	-2.86	inactive
R4A_0003898_001	SPE_K41524689	0.003500903	inactive	N	SPE_K41524689	ACETAMINOPHEN	0.69	inactive
R4A_0001152_001	SPE_A80871782	0.004659827	inactive	N	SPE_A80871782	hydroxyamphetamine	-0.07	inactive
R4A_0000761_001	SPE_K27853494	-0.04208536	inactive	N	SPE_K27853494	"1S,2R-PHENYLPROPANOLAMINE HYDROCHLORIDE"	-1.41	inactive
R4A_0001302_001	SPE_K49721826	0.030854102	inactive	N	SPE_K49721826	3-anilinopropan-1-ol	-4.73	inactive
R4A_0000752_001	SPE_K70330367	-0.062446381	inactive	N	SPE_K70330367	AMANTADINE HYDROCHLORIDE	6.37	inactive
R4A_0002315_001	SPE_K76713213	-0.070391316	inactive	N	SPE_K76713213	Tavaborole	-2.38	inactive
R4A_0000383_001	SPE_K31841515	0.022247039	inactive	N	SPE_K31841515	oxypurinol	-3.72	inactive
R4A_0002410_001	SPE_K53114651	-0.013877827	inactive	N	SPE_K53114651	Azaguanine-8	1.34	inactive
R4A_0004794_001					SPE_K80267133	AMINOSALICYLATE SODIUM	-0.28	inactive
R4A_0001343_001					SPE_K49313711	Ribitol (Adonitol)	-6.6	inactive
R4A_0001765_001	SPE_A91448670	-0.053943658	inactive	N	SPE_A91448670	mandelic-acid	-1.64	inactive
R4A_0003145_001	SPE_K10103010	0.024006876	inactive	N	SPE_K10103010	methyl-salicylate	-1.83	inactive
R4A_0002707_001	SPE_K24258499	-0.0528747	inactive	N	SPE_K24258499	Vanillin	-2.56	inactive
R4A_0004678_001	SPE_K75608666	0.030307324	inactive	N	SPE_K75608666	HYDROXYTOLUIC ACID	-3.56	inactive
R4A_0002466_001	SPE_K78321730	-0.08764822	inactive	N	SPE_K78321730	methylparaben	-5.12	inactive
R4A_0000037_001	SPE_A25800195	-0.059350876	inactive	N	SPE_A25800195	L-Cysteinesulfinic-acid	-1.45	inactive
R4A_0001183_001	SPE_K91601245	-0.084091608	inactive	N	SPE_K91601245	MERCAPTOPURINE	-1.86	inactive
R4A_0004785_001	SPE_A04447196	-0.162626035	inactive	N	SPE_A04447196	gepefrine	-6.46	inactive
R4A_0002772_001	SPE_A13323580	-0.006915291	inactive	N	SPE_A13323580	perillyl-alcohol	-2.64	inactive
R4A_0004290_001	SPE_K22327730	0.013758622	inactive	N	SPE_K22327730	2-methyl-5-nitrophenol	-3.44	inactive
R4A_0002054_001	SPE_K28849549	0.025615221	inactive	N	SPE_K28849549	Mesalamine (Lialda)	-0.32	inactive
R4A_0004593_001	SPE_K43887077	-0.040064328	inactive	N	SPE_K43887077	DOPAMINE HYDROCHLORIDE	-2.47	inactive
R4A_0002731_001	SPE_K20049318	-0.001440136	inactive	N	SPE_K20049318	impentamine	-0.34	inactive
R4A_0003966_001	SPE_A79038507	0.017715333	inactive	N	SPE_A79038507	AGN-192403	1.94	inactive
R4A_0002352_001	SPE_K49545903	-0.145457787	inactive	N	SPE_K49545903	"4,4-pentamethylenepiperidine"	3.06	inactive
R4A_0000184_001	SPE_A64228451	0.004795217	inactive	N	SPE_A64228451	terreic-acid-(-)	-0.86	inactive
R4A_0000744_001	SPE_K63736853	-0.057311528	inactive	N	SPE_K63736853	ACIPIMOX	-1.43	inactive
R4A_0002127_001					SPE_K53605365	proacipimox	2.97	inactive
R4A_0003493_001	SPE_A14240607	0.031183302	inactive	N	SPE_A14240607	OCTOPAMINE HYDROCHLORIDE	-3.77	inactive
R4A_0002748_001	SPE_K36998189	-0.043873215	inactive	N	SPE_K36998189	o-mercapto-benzoic-acid	-3.45	inactive
R4A_0002160_001	SPE_K45437867	-0.103483147	inactive	N	SPE_K45437867	5-methylfurmethiodide	0.45	inactive
R4A_0000503_001	SPE_A43082461	-0.076972688	inactive	N	SPE_A43082461	linalool	-8.91	inactive
R4A_0001416_001	SPE_K36449075	-0.081349655	inactive	N	SPE_K36449075	D-Histidine	1.48	inactive
R4A_0003136_001	SPE_K14993104	0.030271027	inactive	N	SPE_K14993104	Bemegride	-1.29	inactive
R4A_0000957_001					SPE_K75923785	Scopine	17.16	inactive
R4A_0001387_001	SPE_K88646909	0.035454724	inactive	N	SPE_K88646909	ARECOLINE HYDROBROMIDE	-1.97	inactive
R4A_0001120_001	SPE_K55822903	-0.020896133	inactive	N	SPE_K55822903	Imeglimin (hydrochloride)	-2.11	inactive
R4A_0005043_001	SPE_K71075093	-0.135747231	inactive	N	SPE_K71075093	PEMPIDINE TARTRATE	-4.52	inactive
R4A_0001309_001					SPE_K12829205	MECHLORETHAMINE	-2.81	inactive
R4A_0003883_001					SPE_K31468676	Oxonic acid potassium salt	-2.23	inactive
R4A_0003404_001	SPE_K32572029	-0.016364211	inactive	N	SPE_K32572029	OROTIC ACID	-6.85	inactive
R4A_0002874_001	SPE_K50329370	0.008846567	inactive	N	SPE_K50329370	LEVOMENTHOL	-7.25	inactive
R4A_0001816_001	SPE_A35667010	0.006459304	inactive	N	SPE_A35667010	propylhexedrine	6.1	inactive
R4A_0003141_001	SPE_K17223896	-0.122845802	inactive	N	SPE_K17223896	CHLOROXYLENOL	-1.23	inactive
R4A_0005328_001	SPE_K04264130	-0.051273117	inactive	N	SPE_K04264130	favipiravir	-3.41	inactive
R4A_0001704_001	SPE_A04628621	-0.021791977	inactive	N	SPE_A04628621	ibotenic-acid	-1.46	inactive
R4A_0001281_001					SPE_K15014948	TRANEXAMIC ACID	-3.43	inactive
R4A_0002664_001	SPE_K97019106	-0.117892845	inactive	N	SPE_K97019106	"4-acetyl-1,1-dimethylpiperazinium"	0.9	inactive
R4A_0002334_001	SPE_K39670393	-0.023121234	inactive	N	SPE_K39670393	amthamine	-2.17	inactive
R4A_0003321_001	SPE_A96407378	-0.006610542	inactive	N	SPE_A96407378	ALLANTOIN	-3.18	inactive
R4A_0001164_001					SPE_K03871161	5-hydroxyectoine	-5.19	inactive
R4A_0001623_001	SPE_K50677762	-0.072861244	inactive	N	SPE_K50677762	(R)-Oxiracetam	-0.97	inactive
R4A_0000716_001	SPE_K49519092	-0.086371079	inactive	N	SPE_K49519092	immethridine	-3.63	inactive
R4A_0002894_001	SPE_A57957888	-0.113125243	inactive	N	SPE_A57957888	CITIOLONE	-6.65	inactive
R4A_0000236_001	SPE_K66786476	0.284978763	inactive	N	SPE_K66786476	PREGABALIN	7.75	inactive
R4A_0000802_001	SPE_K83597974	-0.027669691	inactive	N	SPE_K83597974	PARGYLINE HYDROCHLORIDE	-4.32	inactive
R4A_0002876_001	SPE_K83452553	-0.06059709	inactive	N	SPE_K83452553	daminozide	-1.95	inactive
R4A_0002986_001	SPE_K40715924	-0.021544057	inactive	N	SPE_K40715924	medorinone	-0.1	inactive
R4A_0001219_001	SPE_K91904471	-0.007052479	inactive	N	SPE_K91904471	SD-169	-9.05	inactive
R4A_0003803_001	SPE_K82103381	0.000987817	inactive	N	SPE_K82103381	HYDRALAZINE HYDROCHLORIDE	-2.34	inactive
R4A_0001877_001	SPE_K46211610	0.04184954	inactive	N	SPE_K46211610	TOLAZOLINE HYDROCHLORIDE	-4.29	inactive
R4A_0002182_001	SPE_K72106461	-0.088985502	inactive	N	SPE_K72106461	SYM 2081	1.7	inactive
R4A_0002967_001	SPE_A99833829	-0.15596315	inactive	N	SPE_A99833829	BETHANECHOL CHLORIDE	-0.34	inactive
R4A_0001927_001	SPE_K41434598	-0.064198628	inactive	N	SPE_K41434598	org-9768	4.65	inactive
R4A_0003077_001	SPE_K23541596	-0.07320238	inactive	N	SPE_K23541596	dimaprit	3.38	inactive
R4A_0005144_001					SPE_K50850824	ACESULFAME POTASSIUM	-5.65	inactive
R4A_0000646_001	SPE_K70586315	-0.061324273	inactive	N	SPE_K70586315	1-EBIO	-2.45	inactive
R4A_0003267_001	SPE_A89594340	-0.072888337	inactive	N	SPE_A89594340	CARNITINE (dl) HYDROCHLORIDE	-4.35	inactive
R4A_0004022_001					SPE_A93695607	NICOTINE BITARTRATE	-9.85	inactive
R4A_0001985_001					SPE_K79966802	RJR 2403 oxalate	-4.64	inactive
R4A_0002971_001	SPE_K13238618	-0.044581666	inactive	N	SPE_K13238618	CARSALAM	-0.99	inactive
R4A_0003331_001	SPE_K04430056	0.027488952	inactive	N	SPE_K04430056	7-nitroindazole	-13.04	inactive
R4A_0002465_001	SPE_K89665618	-0.012139546	inactive	N	SPE_K89665618	1-deoxymannojirimycin	-2.05	inactive
R4A_0002976_001					SPE_K67102207	SODIUM PHENYLBUTYRATE	0.94	inactive
R4A_0005239_001					SPE_A85295731	TIOPRONIN	4.93	inactive
R4A_0003389_001	SPE_K67174965	-0.0196494	inactive	N	SPE_K67174965	ACETYLCYSTEINE	0.27	inactive
R4A_0003871_001	SPE_K18194590	-0.094457676	inactive	N	SPE_K18194590	MEPHENTERMINE SULFATE	-6.23	inactive
R4A_0001939_001	SPE_A11731518	-0.055751717	inactive	N	SPE_A11731518	4-Fluoro-DL-glutamic acid	-4.91	inactive
R4A_0003967_001					SPE_A86354194	L (+)-Rhamnose Monohydrate	-1.39	inactive
R4A_0003305_001	SPE_K97808269	-0.034905196	inactive	N	SPE_K97808269	2-Deoxyglucose	-3.76	inactive
R4A_0002809_001	SPE_K87122641	0.091054506	inactive	N	SPE_K87122641	naringeninic-acid	0.1	inactive
R4A_0004213_001	SPE_K15329706	-0.152752619	inactive	N	SPE_K15329706	propyl-benzoate	-4.22	inactive
R4A_0000189_001					SPE_K42108215		-9.29	inactive
R4A_0002451_001	SPE_A29844814	-0.090323622	inactive	N	SPE_A29844814	ABT-202	2.68	inactive
R4A_0003707_001	SPE_K06152156	-0.022483684	inactive	N	SPE_K06152156	"(2,2-Dichloro-1,1-difluoroethyl) methyl ether"	-4.27	inactive
R4A_0004729_001	SPE_K61693562	-0.014858683	inactive	N	SPE_K61693562	pyrazinoylguanidine	-1.44	inactive
R4A_0000586_001	SPE_K00911807	-0.029363568	inactive	N	SPE_K00911807	D-PHENYLALANINE	3.69	inactive
R4A_0000359_001	SPE_K75466013	-0.061551742	inactive	N	SPE_K75466013	BENZOCAINE	-4.72	inactive
R4A_0003911_001	SPE_K88308881	0.045878034	inactive	N	SPE_K88308881	ETHENZAMIDE	17.17	inactive
R4A_0002232_001	SPE_K45014108	-0.069387857	inactive	N	SPE_K45014108	"EPHEDRINE (1R,2S) HYDROCHLORIDE"	-1.06	inactive
R4A_0002210_001	SPE_K93631643	-0.015419418	inactive	N	SPE_K93631643	Hordenine	6.45	inactive
R4A_0002510_001	SPE_K25906698	-0.013750019	inactive	N	SPE_K25906698	immepip	0.67	inactive
R4A_0003255_001					SPE_K41592905	7-methylxanthine	0.82	inactive
R4A_0002923_001	SPE_K02464583	-0.054565264	inactive	N	SPE_K02464583	ETHYL PARABEN	4.07	inactive
R4A_0004887_001	SPE_K04843302	-0.028746403	inactive	N	SPE_K04843302	2-ethoxybenzoic-acid	-6.42	inactive
R4A_0000717_001	SPE_K64990520	-0.091360554	inactive	N	SPE_K64990520	Apocynin (Acetovanillone)	-3.65	inactive
R4A_0000493_001	SPE_K82104468	-0.037892602	inactive	N	SPE_K82104468	ETHYL VANILLIN	-6.4	inactive
R4A_0004252_001	SPE_K94239562	-0.046728936	inactive	N	SPE_K94239562	Paeonol (Peonol)	-7.47	inactive
R4A_0002453_001	SPE_K36711084	0.071126486	inactive	N	SPE_K36711084	CYROMAZINE	6.38	inactive
R4A_0004167_001					SPE_A57877027	IDRAMANTONE	-9.98	inactive
R4A_0000607_001	SPE_K61036791	0.022013326	inactive	N	SPE_K61036791	rucinol	-3.79	inactive
R4A_0004571_001					SPE_K81128206	EDROPHONIUM CHLORIDE	3.2	inactive
R4A_0000043_001	SPE_K51207550	-0.043055128	inactive	N	SPE_K51207550	ETHIONAMIDE	-1.5	inactive
R4A_0003348_001	SPE_K92980438	-0.039294539	inactive	N	SPE_K92980438	3-Bromopyruvic acid	-2.27	inactive
R4A_0001157_001	SPE_K51885093	-0.016044129	inactive	N	SPE_K51885093	quinolinic-acid	-3.37	inactive
R4A_0002354_001	SPE_A86525947	-0.056787147	inactive	N	SPE_A86525947	oxfenicine	0.07	inactive
R4A_0003660_001	SPE_K76204040	-0.0179041	inactive	N	SPE_K76204040	pyridoxal	-2.29	inactive
R4A_0004840_001	SPE_K49350383	0.040825064	inactive	N	SPE_K49350383	TIOGUANINE	26.56	inactive
R4A_0002805_001	SPE_K33151569	-0.078160762	inactive	N	SPE_K33151569	N-Methyldopamine?HCl	0.38	inactive
R4A_0002960_001	SPE_K36116267	-0.031628923	inactive	N	SPE_K36116267	PYRITHYLDIONE	-8.67	inactive
R4A_0004033_001	SPE_K73381542	0.038223195	inactive	N	SPE_K73381542	L-PHENYLEPHRINE HYDROCHLORIDE	-3.1	inactive
R4A_0004824_001	SPE_K96253961	-0.121882973	inactive	N	SPE_K96253961	METARAMINOL BITARTRATE	-8.67	inactive
R4A_0005279_001	SPE_K55160477	-0.044129784	inactive	N	SPE_K55160477	Benzo[d]thiazole-2(3H)-thione	-6.09	inactive
R4A_0002304_001	SPE_K01295354	-0.05176378	inactive	N	SPE_K01295354	uric-acid	-1.7	inactive
R4A_0003261_001	SPE_A17300716	-0.076769545	inactive	N	SPE_A17300716	DEHYDROACETIC ACID	0.74	inactive
R4A_0004008_001	SPE_K41876534	-0.049018633	inactive	N	SPE_K41876534	TIOXOLONE	-11.71	inactive
R4A_0002820_001					SPE_K96669468	pyridoxamine	1.44	inactive
R4A_0005217_001					SPE_A04327189	OXEDRINE	-3.91	inactive
R4A_0001410_001	SPE_K21920947	0.036866327	inactive	N	SPE_K21920947	AN2718	1.41	inactive
R4A_0005145_001	SPE_K66353228	0.018975427	inactive	N	SPE_K66353228	ZOXAZOLAMINE	-5.83	inactive
R4A_0000180_001	SPE_K01653460	-0.035897095	inactive	N	SPE_K01653460	chlorindanol	-3.76	inactive
R4A_0003514_001	SPE_K94146583	-0.026177244	inactive	N	SPE_K94146583	Didox	-2.75	inactive
R4A_0002473_001	SPE_K14349461	-0.036534249	inactive	N	SPE_K14349461	PYRIDOXINE HYDROCHLORIDE	2.41	inactive
R4A_0000736_001	SPE_K41809988	-0.066259856	inactive	N	SPE_K41809988	OXIDOPAMINE HYDROCHLORIDE	-5.61	inactive
R4A_0003943_001	SPE_K87349682	-0.030526274	inactive	N	SPE_K87349682	NOREPINEPHRINE TARTRATE	-1.45	inactive
R4A_0004171_001	SPE_K98174813	-0.019573093	inactive	N	SPE_K98174813	CHLORZOXAZONE	4.93	inactive
R4A_0005469_001	SPE_K39160765	-0.072524171	inactive	N	SPE_K39160765	4-chlorophenylguanidine	-3.38	inactive
R4A_0002392_001	SPE_K77345217	0.030094906	inactive	N	SPE_K77345217	GALLIC ACID	-3.35	inactive
R4A_0001437_001	SPE_K49404994	-0.133444674	inactive	N	SPE_K49404994	LEVETIRACETAM	-0.24	inactive
R4A_0002149_001	SPE_K48168960	-0.023036392	inactive	N	SPE_K48168960	PROPYLTHIOURACIL	-3.09	inactive
R4A_0003245_001	SPE_K33183200	-0.133829893	inactive	N	SPE_K33183200	imetit	2.68	inactive
R4A_0002619_001	SPE_A75263867	-0.108725864	inactive	N	SPE_A75263867	"2,6,6-trimethylbicyclo[3.1.1]heptane-2,3-diol"	-10.72	inactive
R4A_0000229_001	SPE_K41962502	-0.08539351	inactive	N	SPE_K41962502	"cis-exo-camphanediol-2,3"	-7.7	inactive
R4A_0000229_002	SPE_K44602126	0.049593841	inactive	N	SPE_K44602126	"(+/-)-exo,exo-2,3-camphanediol"	-3.19	inactive
R4A_0003083_001	SPE_K58262380	-0.115269007	inactive	N	SPE_K58262380	sobrepin	0.79	inactive
R4A_0002619_002					SPE_K69885552	pinanediol	-2.34	inactive
R4A_0002590_001					SPE_K38458514	6-Diazo-5-oxo-L-norleucine	-2.57	inactive
R4A_0005087_001	SPE_K72922393	-0.108633062	inactive	N	SPE_K72922393	linsidomine	-3.38	inactive
R4A_0002071_001	SPE_K83022601	-0.134550647	inactive	N	SPE_K83022601	3-Phenoxypyridine	12.99	inactive
R4A_0002120_001					SPE_K57291914	MOROXYDINE HYDROCHLORIDE	-6.56	inactive
R4A_0002386_001	SPE_K62412084	0.006291811	inactive	N	SPE_K62412084	para-toluenesulfonamide	0.17	inactive
R4A_0003846_001	SPE_K58114536	-0.024093906	inactive	N	SPE_K58114536	Rasagiline mesylate	-0.56	inactive
R4A_0002580_001	SPE_K78126613	-0.075994451	inactive	N	SPE_K78126613	MENADIONE	-3.67	inactive
R4A_0001504_001					SPE_K04254814	SULFANILATE ZINC	-6.57	inactive
R4A_0000913_001	SPE_K02594908	-0.022104231	inactive	N	SPE_K02594908	SULFANILAMIDE	-4.23	inactive
R4A_0005100_001	SPE_K32681104	-0.047661863	inactive	N	SPE_K32681104	2-aminobenzenesulfonamide	-10.29	inactive
R4A_0004796_001	SPE_K13819402	-0.034374785	inactive	N	SPE_K13819402	Desoxypeganine	-2.97	inactive
R4A_0003676_001					SPE_K93396439	TERPENE HYDRATE	-1.81	inactive
R4A_0000926_001	SPE_K41024817	-0.180606323	inactive	N	SPE_K41024817	"4-Phenolsulfonic acid, sodium salt dihydrate"	-0.61	inactive
R4A_0001069_001	SPE_K15170068	-0.035165703	inactive	N	SPE_K15170068	Swainsonine	0.57	inactive
R4A_0004828_001	SPE_K27406233	-0.020290344	inactive	N	SPE_K27406233	ACETYL-L-LEUCINE	-3.92	inactive
R4A_0004642_001	SPE_K72215350	-0.006464	inactive	N	SPE_K72215350	acexamic-acid	-2.37	inactive
R4A_0004397_001					SPE_K95053546	"4-Hydroxy-2,2,6,6-tetramethyl-piperidinooxy,98%,free radical"	-2.69	inactive
R4A_0001242_001					SPE_K71756122	cis-aconitic-acid	-1.87	inactive
R4A_0002018_001	SPE_A92096630	-0.087592426	inactive	N	SPE_A92096630	Shikimic acid (Shikimate)	1.4	inactive
R4A_0003900_001	SPE_K13169950	-0.153257072	inactive	N	SPE_K13169950	NSC-3852	6.47	inactive
R4A_0005114_001	SPE_K33422401	-0.029099384	inactive	N	SPE_K33422401	PMSF (Phenylmethylsulfonyl Fluoride)	-2.82	inactive
R4A_0000675_001					SPE_A08715367	L-Theanine	-4.2	inactive
R4A_0003463_001	SPE_K35458079	-0.039119837	inactive	N	SPE_K35458079	EDARAVONE	-6.74	inactive
R4A_0002265_001	SPE_K84517077	-0.060525246	inactive	N	SPE_K84517077	N-demethylantipyrine	-1.09	inactive
R4A_0002997_001					SPE_K76811153	L-Arginine HCl	-5.83	inactive
R4A_0003028_001	SPE_A24208517	-0.033311222	inactive	N	SPE_A24208517	bicifadine	0.98	inactive
R4A_0003733_001	SPE_A12237696	-0.091349295	inactive	N	SPE_A12237696	L-Citrulline	-2.47	inactive
R4A_0004235_001	SPE_K49776472	-0.098960317	inactive	N	SPE_K49776472	SKF-91488	-0.13	inactive
R4A_0002498_001					SPE_K94072573	medronic-acid	2.58	inactive
R4A_0000544_001					SPE_A08112603	ASCORBIC ACID	-4.03	inactive
R4A_0001464_001					SPE_K46424862	HYMECHROME	-3.44	inactive
R4A_0005160_001	SPE_K48692744	0.008628896	inactive	N	SPE_K48692744	NU-1025	-1.87	inactive
R4A_0002438_001	SPE_K91405252	-0.057109537	inactive	N	SPE_K91405252	MK-0354	-1.64	inactive
R4A_0003654_001	SPE_K38580127	-0.031918311	inactive	N	SPE_K38580127	serotonin	-2.96	inactive
R4A_0004251_001	SPE_K94144010	-0.063724816	inactive	N	SPE_K94144010	(-)-Cotinine	-4.43	inactive
R4A_0001457_001					SPE_A67265925	Sodium ascorbate	-6.27	inactive
R4A_0001523_001	SPE_K52559566	-0.082457592	inactive	N	SPE_K52559566	Luminol	-1.77	inactive
R4A_0000621_001	SPE_K31491153	-0.093751732	inactive	N	SPE_K31491153	1-phenylbiguanide	-1.65	inactive
R4A_0003791_001	SPE_K30237152	-0.042617348	inactive	N	SPE_K30237152	1400W	-0.73	inactive
R4A_0004085_001	SPE_A58955223	0.102287054	inactive	N	SPE_A58955223	sulforaphane	4.51	inactive
R4A_0003138_001	SPE_K39495750	0.012441814	inactive	N	SPE_K39495750	CHLOROBUTANOL	-3.96	inactive
R4A_0004371_001					SPE_K60284353	Titanocene dichloride	8.52	inactive
R4A_0003270_001	SPE_K04288422	-0.11982061	inactive	N	SPE_K04288422	GLUCONOLACTONE	-9.63	inactive
R4A_0000183_001	SPE_K61269089	-0.1035312	inactive	N	SPE_K61269089	Daphnetin	-5.48	inactive
R4A_0003137_001	SPE_K92968657	-0.043753412	inactive	N	SPE_K92968657	Tirapazamine	-2.37	inactive
R4A_0000049_001	SPE_K26273521	-0.091160142	inactive	N	SPE_K26273521	trans-4-Methoxycinnamic-acid	-5.6	inactive
R4A_0004981_001	SPE_K40905133	-0.046349809	inactive	N	SPE_K40905133	PHENACEMIDE	-2.14	inactive
R4A_0000877_001	SPE_K75282704	-0.057644446	inactive	N	SPE_K75282704	BL-5583	-4.49	inactive
R4A_0004476_001	SPE_K51700582	0.010156928	inactive	N	SPE_K51700582	bupicomide	2.05	inactive
R4A_0003433_001					SPE_K13050541	Acivicin	-7.23	inactive
R4A_0002671_001	SPE_K29918010	-0.081627728	inactive	N	SPE_K29918010	GLUCOSAMINE HYDROCHLORIDE	1.12	inactive
R4A_0003447_001	SPE_K47195926	0.036583932	inactive	N	SPE_K47195926	ACEDOBEN	-3.42	inactive
R4A_0003500_001	SPE_K62914667	-0.088986968	inactive	N	SPE_K62914667	Hippuric acid	-2.08	inactive
R4A_0001090_001	SPE_K33809398	-0.104832662	inactive	N	SPE_K33809398	Carbocysteine	-3.83	inactive
R4A_0000669_001	SPE_A66920069	-0.125557662	inactive	N	SPE_A66920069	fenigam	3.25	inactive
R4A_0000485_001					SPE_K22009844		-6.09	inactive
R4A_0004041_001	SPE_K23922020	0.000174484	inactive	N	SPE_K23922020	arecaidine-propargyl-ester	-0.86	inactive
R4A_0000591_001	SPE_K38323065	-0.103765045	inactive	N	SPE_K38323065	PHENACETIN	-5.26	inactive
R4A_0002955_001	SPE_K88568253	-0.09812105	inactive	N	SPE_K88568253	IPRONIAZID PHOSPHATE	-6.05	inactive
R4A_0001318_001	SPE_K50785021	-0.043005339	inactive	N	SPE_K50785021	CYCLAMIC ACID	-2.13	inactive
R4A_0002110_001	SPE_K54838207	0.038680003	inactive	N	SPE_K54838207	Fudosteine	0.66	inactive
R4A_0004482_001	SPE_A64092382	-0.029512578	inactive	N	SPE_A64092382	MEXILETINE HYDROCHLORIDE	6.94	inactive
R4A_0000983_001					SPE_K82236108	"N-METHYL (-)EPHEDRINE [1R,2S]"	-15.28	inactive
R4A_0004191_001	SPE_A75479906	-0.026718663	inactive	N	SPE_A75479906	RIMANTADINE HYDROCHLORIDE	-4.54	inactive
R4A_0000444_001	SPE_A79803969	0.126060678	inactive	N	SPE_A79803969	MEMANTINE HYDROCHLORIDE	13.09	inactive
R4A_0000615_001	SPE_K46982791	-0.128571815	inactive	N	SPE_K46982791	CLOXYQUIN	1.97	inactive
R4A_0004955_001	SPE_K83335125	-0.084922408	inactive	N	SPE_K83335125	chloroxoquinoline	-1.07	inactive
R4A_0001290_001	SPE_K51431759	-0.01162854	inactive	N	SPE_K51431759	Dextrose (D-glucose)	2.79	inactive
R4A_0000498_001					SPE_K52618540	INOSITOL	-4.17	inactive
R4A_0004770_001					SPE_K87424134	alpha-D-glucopyranose	-3.41	inactive
R4A_0000342_001	SPE_K89588135	-0.051537463	inactive	N	SPE_K89588135	D-(-)-Tagatose	-3.35	inactive
R4A_0003428_001	SPE_K09900591	-0.049370111	inactive	N	SPE_K09900591	Caffeic acid	1.17	inactive
R4A_0000432_001	SPE_K11433652	-0.145360435	inactive	N	SPE_K11433652	ASPIRIN	-1.07	inactive
R4A_0003616_001	SPE_K24084088	-0.056434141	inactive	N	SPE_K24084088	Paraxanthine	0.19	inactive
R4A_0005096_001	SPE_K34888156	-0.043590972	inactive	N	SPE_K34888156	THEOBROMINE	-4.01	inactive
R4A_0005368_001	SPE_K97799481	-0.064373719	inactive	N	SPE_K97799481	THEOPHYLLINE	-6.01	inactive
R4A_0004427_001	SPE_K08953028	-0.042430244	inactive	N	SPE_K08953028	U-0521	-1.47	inactive
R4A_0003462_001	SPE_K60783397	-0.068341003	inactive	N	SPE_K60783397	propyl 4-hydroxybenzoate	-6.59	inactive
R4A_0000048_001					SPE_K26262077	ACAMPROSATE CALCIUM	7.64	inactive
R4A_0003606_001					SPE_K86435560	perchlozone	-3.98	inactive
R4A_0002657_001	SPE_K93035859	-0.056466424	inactive	N	SPE_K93035859	BUTYLATED HYDROXYANISOLE	-3.96	inactive
R4A_0000603_001	SPE_K01638814	-0.001172497	inactive	N	SPE_K01638814	rilmenidine	-9.1	inactive
R4A_0004525_001	SPE_K75360161	-0.038684828	inactive	N	SPE_K75360161	PROTIONAMIDE	1.13	inactive
R4A_0001448_001	SPE_K30519779	-0.022226154	inactive	N	SPE_K30519779	homoquinolinic-acid	-1.68	inactive
R4A_0003167_001	SPE_A20781140	-0.1481015	inactive	N	SPE_A20781140	DL-Tyrosine	-3.28	inactive
R4A_0003420_001					SPE_K82343404	ADRENALONE HYDROCHLORIDE	0.92	inactive
R4A_0004652_001	SPE_K90215590	-0.052496951	inactive	N	SPE_K90215590	caricotamide	-5.03	inactive
R4A_0003857_001	SPE_K69688083	-0.12254879	inactive	N	SPE_K69688083	Pyridostigmine Bromide (Mestinon)	-9.05	inactive
R4A_0005524_001	SPE_K96799727	0.005205899	inactive	N	SPE_K96799727	pifithrin-mu	-6.54	inactive
R4A_0000131_001	SPE_K59570838	-0.042511681	inactive	N	SPE_K59570838	homoveratrylamine	-4.61	inactive
R4A_0004867_001	SPE_K57091285	0.104415682	inactive	N	SPE_K57091285	dicyclohexylamine	-9.39	inactive
R4A_0004882_001	SPE_K74227499	-0.115003915	inactive	N	SPE_K74227499	Se-methylseleno-L-cysteine	2.63	inactive
R4A_0005336_001	SPE_A53037300	-0.089350278	inactive	N	SPE_A53037300	2-Deoxy-2-fluoro-D-galactose	0.34	inactive
R4A_0004479_001					SPE_A96292436	Eflornithine?HCl	1.12	inactive
R4A_0000904_001	SPE_K66035042	-0.032356844	inactive	N	SPE_K66035042	MANNITOL	1.05	inactive
R4A_0002456_001	SPE_K41866823	-0.012625214	inactive	N	SPE_K41866823	2-Hydroxyethyl salicylate	2.99	inactive
R4A_0003360_001					SPE_K43383936	FLOPROPIONE	-6.66	inactive
R4A_0000915_001					SPE_K35520305	DACARBAZINE	0.56	inactive
R4A_0002006_001	SPE_A55469827	-0.026933194	inactive	N	SPE_A55469827	MEPHENESIN	-0.54	inactive
R4A_0000026_001	SPE_K88701661	0.014175125	inactive	N	SPE_K88701661	dimercaptosuccinic-acid	-5.93	inactive
R4A_0001005_001	SPE_K95676198	0.023764811	inactive	N	SPE_K95676198	JAK3-inhibitor-V	-1.21	inactive
R4A_0003351_001	SPE_K12630395	-0.110502468	inactive	N	SPE_K12630395	harmane	1.05	inactive
R4A_0004050_001					SPE_A09925278		-2.8	inactive
R4A_0001459_001	SPE_K94920105	-0.008436918	inactive	N	SPE_K94920105	DR-2313	-2.05	inactive
R4A_0001432_001	SPE_A20589515	0.021811057	inactive	N	SPE_A20589515	dihydroxyphenylglycine	-1.39	inactive
R4A_0005276_001	SPE_K39706510	-0.036295721	inactive	N	SPE_K39706510	MIRA-1	-2	inactive
R4A_0001432_002	SPE_K57796080	0.022653274	inactive	N	SPE_K57796080	"3,5-DHPG-(S)"	-1.33	inactive
R4A_0000626_001	SPE_K46493214	0.043487109	inactive	N	SPE_K46493214	saccharin	-3.49	inactive
R4A_0001112_001	SPE_K02976377	-0.074014004	inactive	N	SPE_K02976377	LEVONORDEFRIN	-2.54	inactive
R4A_0004211_002					SPE_K63126190	EPINEPHRINE BITARTRATE	-3.67	inactive
R4A_0000257_001	SPE_A41835910	-0.120652262	inactive	N	SPE_A41835910	tenilsetam	-5.38	inactive
R4A_0001029_001					SPE_K13330768	ZINC UNDECYLENATE [4mM]	1.9	inactive
R4A_0004224_001	SPE_K21910317	-0.092999317	inactive	N	SPE_K21910317	"2,4-DINITROPHENOL"	-4.21	inactive
R4A_0004211_001	SPE_A07765530	-0.061380391	inactive	N	SPE_A07765530	DL-Adrenaline	3.55	inactive
R4A_0003366_001	SPE_K65498798	-0.174851638	inactive	N	SPE_K65498798	abametapir	-8.2	inactive
R4A_0001783_001	SPE_K46863940	-0.057953417	inactive	N	SPE_K46863940	DIBENZOTHIOPHENE	-4.35	inactive
R4A_0001616_001	SPE_K42959922	-0.04835267	inactive	N	SPE_K42959922	trans-2-Undecenoic acid	-3.69	inactive
R4A_0001936_001	SPE_A51831848	-0.037090436	inactive	N	SPE_A51831848	enflurane	-10.02	inactive
R4A_0002090_001	SPE_K04358951	0.026239853	inactive	N	SPE_K04358951	chlorothymol	-3.91	inactive
R4A_0000482_001					SPE_K30019776	DEXFOSFOSERINE HYDROCHLORIDE	-6.25	inactive
R4A_0004542_001	SPE_K65359424	-0.089133012	inactive	N	SPE_K65359424	Eglumegad	-2.09	inactive
R4A_0002166_001	SPE_A70083328	-0.054351823	inactive	N	SPE_A70083328	SECNIDAZOLE	-1.93	inactive
R4A_0000852_001	SPE_K87932577	-0.029947771	inactive	N	SPE_K87932577	CDK1-5-inhibitor	-7.77	inactive
R4A_0003705_001	SPE_K15318909	-0.104120452	inactive	N	SPE_K15318909	PRIMA1	-2.06	inactive
R4A_0001722_001	SPE_K96862998	0.040337971	inactive	N	SPE_K96862998	pirfenidone	0.14	inactive
R4A_0004052_001	SPE_K09317629	0.293590757	inactive	N	SPE_K09317629	Y-11	-1.77	inactive
R4A_0005326_001	SPE_K47264279	-0.008692603	inactive	N	SPE_K47264279	Psoralen (Ficusin)	-3.37	inactive
R4A_0004546_001	SPE_K49657628	0.014708967	inactive	N	SPE_K49657628	tyrphostin-AG-18	-0.51	inactive
R4A_0005240_001	SPE_K22745370	-0.099916338	inactive	N	SPE_K22745370	2-BFI	19.4	inactive
R4A_0004163_001	SPE_K30649484	-0.10329917	inactive	N	SPE_K30649484	MAFENIDE HYDROCHLORIDE	-2.52	inactive
R4A_0000522_001	SPE_K87156652	-0.108236902	inactive	N	SPE_K87156652	CARBIMAZOLE	-1.98	inactive
R4A_0001963_001	SPE_A59329714	-0.080492066	inactive	N	SPE_A59329714	epomediol	-3.78	inactive
R4A_0002922_001	SPE_K52681925	-0.025244068	inactive	N	SPE_K52681925	altinicline	-2.09	inactive
R4A_0003731_001	SPE_K77597856	0.082805221	inactive	N	SPE_K77597856	Detomidine HCl	6.08	inactive
R4A_0002483_001	SPE_K26015241	-0.096589066	inactive	N	SPE_K26015241	ODQ	-4.06	inactive
R4A_0004269_001	SPE_K39467894	0.003603528	inactive	N	SPE_K39467894	NITHIAMIDE	1.4	inactive
R4A_0003786_001	SPE_K45924332	-0.117711954	inactive	N	SPE_K45924332	INAMRINONE	-4.36	inactive
R4A_0004057_001	SPE_K62264492	0.051882695	inactive	N	SPE_K62264492	pivagabine	-5.58	inactive
R4A_0002376_001					SPE_A96977263	5-Hydroxydecanoate . sodium salt	-2.69	inactive
R4A_0001902_001					SPE_A22971209	DMPS	-3.17	inactive
R4A_0002196_001	SPE_K13619941	-0.027756237	inactive	N	SPE_K13619941	ACEGLUTAMIDE	3.75	inactive
R4A_0000278_001	SPE_K08976401	0.03195108	inactive	N	SPE_K08976401	AZELAIC ACID	-9.11	inactive
R4A_0004431_001	SPE_K46937689	0.039859532	inactive	N	SPE_K46937689	ANTIPYRINE	-2.37	inactive
R4A_0002915_001	SPE_K20946707	-0.092143538	inactive	N	SPE_K20946707	L-monomethylarginine	-3.92	inactive
R4A_0002913_001	SPE_K59506194	-0.005584655	inactive	N	SPE_K59506194	targinine	-4.2	inactive
R4A_0005181_001	SPE_K66896231	-0.007932624	inactive	N	SPE_K66896231	Ipidacrine	-8.81	inactive
R4A_0002537_001	SPE_A28545468	-0.102892163	inactive	N	SPE_A28545468	SELEGILINE HYDROCHLORIDE	3.13	inactive
R4A_0000401_001	SPE_A56592690	-0.025133488	inactive	N	SPE_A56592690	PX-12	-2.3	inactive
R4A_0005301_001					SPE_A03880619	Bismuth Subcitrate Potassium	2.26	inactive
R4A_0000171_001	SPE_K92404805	-0.081916422	inactive	N	SPE_K92404805	L-Quisqualic-acid	-2.69	inactive
R4A_0000061_001	SPE_K60302405	-0.034817165	inactive	N	SPE_K60302405	CHC	-1.1	inactive
R4A_0001860_001	SPE_K70751730	-0.062373924	inactive	N	SPE_K70751730	IOX1	-2.1	inactive
R4A_0001327_001	SPE_K85872723	-0.129700281	inactive	N	SPE_K85872723	kynurenic-acid	3.47	inactive
R4A_0001987_001	SPE_K62790656	-0.10636031	inactive	N	SPE_K62790656	caracemide	-4.07	inactive
R4A_0001826_001	SPE_K20897876	0.072058398	inactive	N	SPE_K20897876	castanospermine	-1.92	inactive
R4A_0004724_001	SPE_A18043272	-0.104233485	inactive	N	SPE_A18043272	PHENSUCCIMIDE	-6.4	inactive
R4A_0001207_001	SPE_K21071223	-0.041027744	inactive	N	SPE_K21071223	3-Indolepropionic acid	-10.14	inactive
R4A_0000997_001	SPE_K09631521	-0.129309153	inactive	N	SPE_K09631521	THIOTEPA	-8.28	inactive
R4A_0003855_001	SPE_K94720315	-0.059400239	inactive	N	SPE_K94720315	CHROMOCARB	-0.64	inactive
R4A_0002283_001					SPE_K60240222	CARGLUMIC ACID	-1.17	inactive
R4A_0003746_001					SPE_K97534525	NITROXOLINE	25.98	inactive
R4A_0001652_001	SPE_K71055333	-0.002191588	inactive	N	SPE_K71055333	Ethamsylate	-4.32	inactive
R4A_0005079_001					SPE_K54824716	PROCODAZOLE	-0.69	inactive
R4A_0001393_001	SPE_A59378440	0.018530923	inactive	N	SPE_A59378440	Butylphthalide	0.34	inactive
R4A_0001702_001	SPE_K48875051	-0.123192858	inactive	N	SPE_K48875051	Ligustilide	-5.44	inactive
R4A_0004842_001	SPE_K64137799	-0.11678723	inactive	N	SPE_K64137799	2-methyl-5-hydroxytryptamine	2.83	inactive
R4A_0000128_001	SPE_K74186897	-0.078334391	inactive	N	SPE_K74186897	cytisine	0.37	inactive
R4A_0005274_001	SPE_K82225283	-0.180745804	inactive	N	SPE_K82225283	ISOSORBIDE MONONITRATE	-9.17	inactive
R4A_0003140_001	SPE_K76021681	0.021750432	inactive	N	SPE_K76021681	N-(2-hydroxyethyl)-3-phenylacrylamide	-0.62	inactive
R4A_0002477_001	SPE_A17745711	-0.079372669	inactive	N	SPE_A17745711	alpha-methylserotonin	-1.42	inactive
R4A_0005342_001	SPE_K80036624	-0.0667014	inactive	N	SPE_K80036624	CLOPIDOL	6.4	inactive
R4A_0000445_001	SPE_A92670106	-0.081650415	inactive	N	SPE_A92670106	Tocainide	-5.92	inactive
R4A_0005222_001					SPE_K79803033	pozanicline	8	inactive
R4A_0003093_001	SPE_K77548206	0.017088447	inactive	N	SPE_K77548206	BITOSCANATE	-2.11	inactive
R4A_0000500_001					SPE_K20141153	ATOMOXETINE HYDROCHLORIDE	6.82	inactive
R4A_0001965_001	SPE_K08619838	-0.088903819	inactive	N	SPE_K08619838	tremorine	7.18	inactive
R4A_0002499_001	SPE_K06388517	0.044827669	inactive	N	SPE_K06388517	lofemizole	1.74	inactive
R4A_0002085_001	SPE_K42205652	0.012134767	inactive	N	SPE_K42205652	"MNS (3,4-Methylenedioxy-??-nitrostyrene)"	4.02	inactive
R4A_0002189_001	SPE_K66295376	-0.108387472	inactive	N	SPE_K66295376	Ferulic acid (sodium)	-1.05	inactive
R4A_0002661_001	SPE_K33483813	0.02743187	inactive	N	SPE_K33483813	ACTARIT	-1.98	inactive
R4A_0000639_001	SPE_K82142815	-0.029174536	inactive	N	SPE_K82142815	BETAMIPRON	-2.15	inactive
R4A_0004258_001	SPE_K93611241	0.017673226	inactive	N	SPE_K93611241	DIACETAMATE	-3.07	inactive
R4A_0001243_001					SPE_K59929863	CB-10-277	-2.68	inactive
R4A_0002618_001	SPE_A66143912	-0.051471637	inactive	N	SPE_A66143912	3-hydroxy-3-phenylpentanamide	1.38	inactive
R4A_0001743_001	SPE_K27217864	0.073258047	inactive	N	SPE_K27217864	BUTAMBEN	-3.08	inactive
R4A_0003378_001	SPE_K96714749	0.010911931	inactive	N	SPE_K96714749	isobutamben	-9.48	inactive
R4A_0002784_001	SPE_K60690191	-0.149579259	inactive	N	SPE_K60690191	MPEP	-2.86	inactive
R4A_0000403_001	SPE_K32107296	0.110177017	inactive	N	SPE_K32107296	TEMOZOLOMIDE	2.92	inactive
R4A_0000819_001	SPE_A69275535	-0.101930201	inactive	N	SPE_A69275535	D-Pinitol	1.78	inactive
R4A_0000415_001	SPE_K35573744	0.024452324	inactive	N	SPE_K35573744	erbstatin-analog	0.44	inactive
R4A_0005002_001					SPE_K58648841	CRESOPIRINE	0.62	inactive
R4A_0001468_001	SPE_K65544384	-0.084305326	inactive	N	SPE_K65544384	AMINOHIPPURIC ACID	-10.85	inactive
R4A_0003885_001	SPE_K02404261	0.032974853	inactive	N	SPE_K02404261	CAFFEINE	0.09	inactive
R4A_0003976_001	SPE_K35007173	0.012850276	inactive	N	SPE_K35007173	3-n-Propylxanthine	0.34	inactive
R4A_0001116_001	SPE_A62562325	-0.066897165	inactive	N	SPE_A62562325	Deoxyarbutin	1.15	inactive
R4A_0003474_001					SPE_K08287586	BUTYL PARABEN	1.55	inactive
R4A_0004933_001	SPE_K00535541	0.092279978	inactive	N	SPE_K00535541	AMINACRINE	31.77	inactive
R4A_0004659_001	SPE_K99946902	-0.041147663	inactive	N	SPE_K99946902	HEXYLRESORCINOL	-4.33	inactive
R4A_0003719_001					SPE_A63267145	hexonic-acid	-6.08	inactive
R4A_0003719_002					SPE_K93201765	SODIUM GLUCONATE	-4.67	inactive
R4A_0002495_001	SPE_K28595280	0.052563407	inactive	N	SPE_K28595280	MEGLUMINE	-1.34	inactive
R4A_0005142_001	SPE_K30360804	-0.045308165	inactive	N	SPE_K30360804	BURAMATE	8.77	inactive
R4A_0002817_001	SPE_K83766205	-0.025011258	inactive	N	SPE_K83766205	metirosine	-6.58	inactive
R4A_0004960_001					SPE_K01669786	Triapine	-1	inactive
R4A_0003977_001	SPE_K14561059	-0.0492329	inactive	N	SPE_K14561059	SIB-1893	-1.79	inactive
R4A_0000486_001	SPE_K01942991	-0.025652992	inactive	N	SPE_K01942991	oxotremorine-m	-1.83	inactive
R4A_0003745_001					SPE_A18774709	SELENOMETHIONINE	-2.64	inactive
R4A_0000315_001					SPE_K80403280	alafosfalin	8.46	inactive
R4A_0000733_001					SPE_K80684056	cantharidin	7.41	inactive
R4A_0001557_001	SPE_K88219015	-0.006916074	inactive	N	SPE_K88219015	Asaraldehyde (Asaronaldehyde)	-1.77	inactive
R4A_0001913_001	SPE_K27135764	0.046923397	inactive	N	SPE_K27135764	Xanthone (Genicide)	-2.07	inactive
R4A_0004453_001	SPE_K75844781	0.0062981	inactive	N	SPE_K75844781	1-(3-Chlorophenyl)piperazine?HCl	4.14	inactive
R4A_0000513_001					SPE_K76375510	TROCLOSENE SODIUM	-11.2	inactive
R4A_0001000_001	SPE_K42991124	-0.086372214	inactive	N	SPE_K42991124	1-(2-Hydroxyethyl)-1-methylguanidine dihydrogen phosphate	3.42	inactive
R4A_0003213_001					SPE_A93699261	Sodium Danshensu	1.45	inactive
R4A_0004786_001					SPE_K34730807	LEVODOPA	-7.14	inactive
R4A_0004585_001	SPE_K52598503	0.010240395	inactive	N	SPE_K52598503	Mofegiline (hydrochloride)	6.45	inactive
R4A_0002305_001	SPE_A68509429	-0.08706866	inactive	N	SPE_A68509429	Ethylnorepinephrine (hydrochloride)	-3.39	inactive
R4A_0003143_001	SPE_K55344148	-0.042881827	inactive	N	SPE_K55344148	BU-224	-1.04	inactive
R4A_0005507_001	SPE_K56115039	0.034967772	inactive	N	SPE_K56115039	BU226	-2.07	inactive
R4A_0002393_001	SPE_K77915400	-0.074924171	inactive	N	SPE_K77915400	TCN-238	-2.33	inactive
R4A_0001940_001	SPE_K44824027	-0.038222097	inactive	N	SPE_K44824027	BECLAMIDE	2.06	inactive
R4A_0001556_001					SPE_K79092138	NITROFURAZONE	-3.1	inactive
R4A_0000372_001	SPE_K98151021	-0.030809942	inactive	N	SPE_K98151021	L-mimosine	-4.4	inactive
R4A_0001471_001	SPE_A90515964	-0.052670172	inactive	N	SPE_A90515964	GUAIFENESIN	-2.18	inactive
R4A_0001063_001	SPE_K88143662	0.012324841	inactive	N	SPE_K88143662	metharbital	-0.15	inactive
R4A_0004930_001	SPE_K76606751	-0.072288873	inactive	N	SPE_K76606751	Mebicar	-9.95	inactive
R4A_0002650_001	SPE_K11696279	0.019388747	inactive	N	SPE_K11696279	BU-239	-8.6	inactive
R4A_0005179_001					SPE_K81473089	TACRINE HYDROCHLORIDE	5.94	inactive
R4A_0002941_001					SPE_A77473570	MECYSTEINE HYDROCHLORIDE	-4.57	inactive
R4A_0000017_001	SPE_K62676709	-0.021562421	inactive	N	SPE_K62676709	GUANETHIDINE MONOSULFATE	-4.21	inactive
R4A_0000303_001	SPE_A09004963	-0.039318642	inactive	N	SPE_A09004963	APR-246	-2.09	inactive
R4A_0004701_001					SPE_K59597909	PHENOTHIAZINE	-3.65	inactive
R4A_0003684_001	SPE_K45542189	0.031789252	inactive	N	SPE_K45542189	DIETHYLCARBAMAZINE CITRATE	-3.95	inactive
R4A_0002822_001	SPE_A81615860	-0.017103466	inactive	N	SPE_A81615860	FENCLONINE (+/-)	-7.04	inactive
R4A_0002043_001	SPE_K51486818	-0.076084508	inactive	N	SPE_K51486818	lazabemide	-5.66	inactive
R4A_0002450_001	SPE_K33457401	-0.059492996	inactive	N	SPE_K33457401	BRONOPOL	2.28	inactive
R4A_0004420_001	SPE_K18602506	-0.071968626	inactive	N	SPE_K18602506	OR-486	-2.09	inactive
R4A_0003334_001	SPE_K94266545	-0.024220143	inactive	N	SPE_K94266545	RONIDAZOLE	-1.34	inactive
R4A_0004664_001	SPE_K99383816	-0.137068742	inactive	N	SPE_K99383816	"Tegafur (FT-207, NSC 148958)"	-4.71	inactive
R4A_0002871_001					SPE_K59527975	S-Sulfo-L-cysteine-sodium-salt	-1.62	inactive
R4A_0000642_001					SPE_K66672047	disodium sebacate	-5.98	inactive
R4A_0004596_001	SPE_K54262262	-0.087311242	inactive	N	SPE_K54262262	MONOBENZONE	-11.57	inactive
R4A_0000922_001	SPE_K67304264	-0.07804677	inactive	N	SPE_K67304264	SKA-31	-1.43	inactive
R4A_0003665_001	SPE_K32804101	-0.102050192	inactive	N	SPE_K32804101	valrocemide	-5.65	inactive
R4A_0000619_001	SPE_A21607826	0.004998637	inactive	N	SPE_A21607826	medetomidine	9.89	inactive
R4A_0005323_001	SPE_K16551401	0.073562432	inactive	N	SPE_K16551401	PNU-22394	20.48	inactive
R4A_0000619_002	SPE_K18423410	-0.155759756	inactive	N	SPE_K18423410	dexmedetomidine	2.46	inactive
R4A_0003324_001	SPE_K67375056	-0.024370362	inactive	N	SPE_K67375056	Dodecanoic acid	2.9	inactive
R4A_0001119_001	SPE_K26807903	-0.110789353	inactive	N	SPE_K26807903	AKLOMIDE	-6.31	inactive
R4A_0002973_001					SPE_A16263897	misonidazole	4.58	inactive
R4A_0004199_001	SPE_K09295674	-0.060569152	inactive	N	SPE_K09295674	CARZENIDE	6.06	inactive
R4A_0002780_001	SPE_K41267922	-0.033904654	inactive	N	SPE_K41267922	F351	-2.59	inactive
R4A_0000630_001	SPE_K54208592	0.026611345	inactive	N	SPE_K54208592	CARBARIL	4.48	inactive
R4A_0004699_001	SPE_K77695569	-0.089956151	inactive	N	SPE_K77695569	THIABENDAZOLE	-2.69	inactive
R4A_0000471_001	SPE_A28856712	-0.053325349	inactive	N	SPE_A28856712	TETRAHYDROZOLINE HYDROCHLORIDE	-2.4	inactive
R4A_0004301_001	SPE_A19381518	-0.006458841	inactive	N	SPE_A19381518	CHPG	-1.5	inactive
R4A_0002934_001					SPE_K47190141	ARSENIC TRIOXIDE DIETHANOLAMINE SALT	3.96	inactive
R4A_0002551_001					SPE_K11463116	EPRODISATE DISODIUM	-2.16	inactive
R4A_0003941_001	SPE_K94934625	-0.001132943	inactive	N	SPE_K94934625	spizofurone	0.63	inactive
R4A_0001391_001	SPE_K41772907	-0.058664086	inactive	N	SPE_K41772907	"Tolimidone, MLR 1023"	-0.63	inactive
R4A_0004590_001	SPE_K51387999	-0.006100866	inactive	N	SPE_K51387999	Amezinium methyl sulfate	-12.87	inactive
R4A_0002932_001	SPE_K73700643	-0.062727199	inactive	N	SPE_K73700643	N-acetyltryptamine	-3.74	inactive
R4A_0005127_001	SPE_K36269323	-0.063889753	inactive	N	SPE_K36269323	asymmetrical-dimethylarginine	-6.33	inactive
R4A_0003689_001	SPE_K52914072	-0.090179525	inactive	N	SPE_K52914072	LTA	-5.89	inactive
R4A_0000651_001	SPE_K33839500	0.013082559	inactive	N	SPE_K33839500	stobadine	8.11	inactive
R4A_0003251_001	SPE_K18375018	-0.042817527	inactive	N	SPE_K18375018	Spermine?4HCl	0.55	inactive
R4A_0004602_001	SPE_K10598093	-0.136086699	inactive	N	SPE_K10598093	HEXAMETHONIUM BROMIDE	-5.53	inactive
R4A_0004599_001					SPE_K97833335	"2,4-dinitrochlorobenzene"	18.79	inactive
R4A_0002717_001	SPE_A92262698	-0.008979523	inactive	N	SPE_A92262698	chlorphenesin	-3.26	inactive
R4A_0003832_001					SPE_K09109825	indole-3-pyrubate	-2.56	inactive
R4A_0003314_001	SPE_K85066592	-0.056032296	inactive	N	SPE_K85066592	(S)-5-Amino-2-(2-aminoacetamido)-5-oxopentanoic acid	-2.88	inactive
R4A_0000096_001	SPE_A57592049	-0.074335918	inactive	N	SPE_A57592049	METHSUXIMIDE	7.24	inactive
R4A_0001969_001	SPE_K43187796	-0.06905061	inactive	N	SPE_K43187796	3-Indolebutyric acid (IBA)	-1.55	inactive
R4A_0003768_001	SPE_K20484910	-0.027276017	inactive	N	SPE_K20484910	ampyrone	-5.95	inactive
R4A_0003765_001					SPE_K30485548	sumanirole	5.61	inactive
R4A_0004717_001	SPE_K92382976	-0.016040045	inactive	N	SPE_K92382976	5-carboxamidotryptamine	1.09	inactive
R4A_0001411_001					SPE_K10415035		8.77	inactive
R4A_0000681_001					SPE_K37949327	ETIDRONATE DISODIUM	-0.98	inactive
R4A_0003837_001	SPE_K81316007	-0.049898581	inactive	N	SPE_K81316007	4??8C	-9.22	inactive
R4A_0004343_001	SPE_K60184833	-0.075811166	inactive	N	SPE_K60184833	tyrphostin-AG-99	-4.24	inactive
R4A_0002680_001	SPE_A32269193	-0.194324799	inactive	N	SPE_A32269193	VGX-1027	-4.92	inactive
R4A_0001698_001	SPE_K70840370	0.030881691	inactive	N	SPE_K70840370	MDMS	-5.81	inactive
R4A_0004865_001	SPE_A05523972	-0.05044371	inactive	N	SPE_A05523972	"3-Ethyl (-)-Thiazolidine-3,4-dicarboxylate"	-3.59	inactive
R4A_0001594_001	SPE_K54729176	-0.002478008	inactive	N	SPE_K54729176	SBHA	-1.26	inactive
R4A_0001440_001					SPE_A18696154	IDAZOXAN HYDROCHLORIDE	6.24	inactive
R4A_0004121_001	SPE_A30205217	-0.046992355	inactive	N	SPE_A30205217	Ethotoin	-4.16	inactive
R4A_0000956_001	SPE_K40002998	-0.065434925	inactive	N	SPE_K40002998	Org-26576	-2.01	inactive
R4A_0003998_001	SPE_K49759007	-0.079289405	inactive	N	SPE_K49759007	4-hydroxy-phenazone	-4.93	inactive
R4A_0003508_001					SPE_K83776863	TRYPTOPHAN (L)	2.75	inactive
R4A_0002281_001	SPE_A51355958	0.019983284	inactive	N	SPE_A51355958	nebracetam	-5.56	inactive
R4A_0000046_001	SPE_K93231391	-0.092772027	inactive	N	SPE_K93231391	ETHAMBUTOL HYDROCHLORIDE	-1.3	inactive
R4A_0003112_001	SPE_K21045639	-0.102922664	inactive	N	SPE_K21045639	beta-elemene	18.37	inactive
R4A_0002882_001	SPE_K26878113	-0.078949688	inactive	N	SPE_K26878113	g-caryophyllene	-2.44	inactive
R4A_0000912_001					SPE_K29888499	TRICHLORMETHINE HYDROCHLORIDE	0.63	inactive
R4A_0003858_001					SPE_K93546328	CHLORAMINE-T	-2.26	inactive
R4A_0003847_001	SPE_K15196155	-0.013897879	inactive	N	SPE_K15196155	IBC-293	-1.84	inactive
R4A_0003073_001	SPE_K15834839	-0.079801398	inactive	N	SPE_K15834839	LOBENDAZOLE	2.26	inactive
R4A_0004272_001	SPE_A56987319	0.003426711	inactive	N	SPE_A56987319	SQ-22536	-2.16	inactive
R4A_0002758_001					SPE_K25154476	cinflumide	-0.97	inactive
R4A_0001578_001	SPE_K11399644	-0.031542923	inactive	N	SPE_K11399644	PHENFORMIN HYDROCHLORIDE	-1.11	inactive
R4A_0001234_001	SPE_K95763993	-0.208121935	inactive	N	SPE_K95763993	trapidil	1.59	inactive
R4A_0000065_001	SPE_A16347691	-0.050311002	inactive	N	SPE_A16347691	THIOCTIC ACID	-8.17	inactive
R4A_0000908_001	SPE_A14440173	-0.038539572	inactive	N	SPE_A14440173	LIPOAMIDE	8.62	inactive
R4A_0000333_001	SPE_K02816415	-0.122499589	inactive	N	SPE_K02816415	CRT0044876	-2.26	inactive
R4A_0002253_001	SPE_K92129045	0.012679008	inactive	N	SPE_K92129045	caroxazone	-4.62	inactive
R4A_0001320_001	SPE_K51730347	-0.080841576	inactive	N	SPE_K51730347	diphencyprone	-4.48	inactive
R4A_0003826_001	SPE_K21936341	-0.030864549	inactive	N	SPE_K21936341	Oxotremorine sesquifumarate	0.42	inactive
R4A_0001361_001	SPE_K24227647	-0.055975281	inactive	N	SPE_K24227647	TC2559 fumarate	-0.57	inactive
R4A_0005066_001	SPE_A37288617	-0.098035429	inactive	N	SPE_A37288617	amfepramone	-5.15	inactive
R4A_0003393_001	SPE_A02933148	-0.028344881	inactive	N	SPE_A02933148	isotiquimide	-2.36	inactive
R4A_0005225_001	SPE_K20672254	-0.007521786	inactive	N	SPE_K20672254	Pyrantel (pamoate)	-2.17	inactive
R4A_0001567_001	SPE_A63310107	-0.075080249	inactive	N	SPE_A63310107	MIGLITOL	-8.13	inactive
R4A_0005199_001	SPE_A57900429	0.070607512	inactive	N	SPE_A57900429	HYDRASTININE HYDROCHLORIDE	-1.84	inactive
R4A_0002718_001					SPE_A67182178	toloxatone	-0.17	inactive
R4A_0000495_001					SPE_K53205568	AFALANINE	2.94	inactive
R4A_0003610_001	SPE_K31170746	-0.081026745	inactive	N	SPE_K31170746	ANR-94	-2.12	inactive
R4A_0004325_001	SPE_K52219182	-0.075869542	inactive	N	SPE_K52219182	ICI-63197	-1.78	inactive
R4A_0001399_001					SPE_K70744942	A-967079	7.9	inactive
R4A_0000786_001	SPE_K15025317	-0.02639334	inactive	N	SPE_K15025317	BAY-11-7082	-2.85	inactive
R4A_0001415_001	SPE_A75140635	-0.063186344	inactive	N	SPE_A75140635	"isoquinoline,-6,7-dimethoxy-1-methyl-1,2,3,4-tetrahydro,"	-8.6	inactive
R4A_0003921_001	SPE_K13044802	-0.045229689	inactive	N	SPE_K13044802	CICLOPIROX OLAMINE	1.78	inactive
R4A_0003265_001	SPE_A98083480	0.038229863	inactive	N	SPE_A98083480	"benzenemethanol,-2,5-dimethyl-[[(1-methylethyl)amino]methyl]"	8.37	inactive
R4A_0003181_001	SPE_K85764479	0.935001692	active	Y	SPE_K85764479	somantadine	35.09	inactive
R4A_0000824_001					SPE_K60150658	glucaric-acid	-1.82	inactive
R4A_0003899_001	SPE_K15957397	-0.067040918	inactive	N	SPE_K15957397	anthraquinone	-4.71	inactive
R4A_0002739_001	SPE_K56691760	0.004771775	inactive	N	SPE_K56691760	pikamilone	-2.5	inactive
R4A_0003756_001	SPE_K72536715	-0.022391675	inactive	N	SPE_K72536715	alpha-Asarone	-1.85	inactive
R4A_0003443_001	SPE_K85090592	-0.018465886	inactive	N	SPE_K85090592	PILOCARPINE NITRATE	-4.18	inactive
R4A_0003702_001	SPE_K36889451	-0.185205339	inactive	N	SPE_K36889451	Tetramethylthiuram monosulfide	-1.56	inactive
R4A_0002789_001					SPE_K50122911	boronophenylalanine	2.53	inactive
R4A_0000282_001	SPE_A90272038	-0.107367309	inactive	N	SPE_A90272038	CGP 37849	-1.95	inactive
R4A_0001841_001	SPE_K21892374	0.038880849	inactive	N	SPE_K21892374	ethyl-2-(carbamoyloxy)benzoate	-2.6	inactive
R4A_0001720_001	SPE_K08231299	-0.139402838	inactive	N	SPE_K08231299	PROPOXUR	-0.41	inactive
R4A_0004866_001	SPE_K60914966	0.005061141	inactive	N	SPE_K60914966	ETOSALAMIDE	-0.1	inactive
R4A_0004644_001	SPE_K68408467	0.660028891	active	Y	SPE_K68408467	PROFLAVINE HEMISULFATE	15.18	inactive
R4A_0005362_001					SPE_K14888893	MINOXIDIL	-1.73	inactive
R4A_0003147_001					SPE_M10474530	"4-phenyl-1,2,3,4-tetrahydroisoquinoline"	11.09	inactive
R4A_0000731_001	SPE_K75615183	-0.012980948	inactive	N	SPE_K75615183	Talipexole dihydrochloride	-2.1	inactive
R4A_0002561_001					SPE_K32143970	AP-18	-1.28	inactive
R4A_0002230_001	SPE_K82687598	0.024913796	inactive	N	SPE_K82687598	tolonidine	-3.49	inactive
R4A_0002074_001	SPE_K14646328	-0.038021615	inactive	N	SPE_K14646328	BC-11	-0.1	inactive
R4A_0004312_001	SPE_K58413118	-0.0519175	inactive	N	SPE_K58413118	3PO	-2.24	inactive
R4A_0003882_001	SPE_K19672466	-0.001327686	inactive	N	SPE_K19672466	Etimizol	-1.53	inactive
R4A_0000579_001	SPE_K77641333	0.024377456	inactive	N	SPE_K77641333	NAPHAZOLINE HYDROCHLORIDE	0.03	inactive
R4A_0004366_001	SPE_K67043667	-0.096753527	inactive	N	SPE_K67043667	ALTRETAMINE	-11.46	inactive
R4A_0004360_001	SPE_K76381435	-0.016279025	inactive	N	SPE_K76381435	NITROMIDE	-2.95	inactive
R4A_0001277_001	SPE_A80383043	-0.161251865	inactive	N	SPE_A80383043	4-carboxy-3-hydroxyphenylglycine-(RS)	9.69	inactive
R4A_0005272_001	SPE_K03564313	0.021729202	inactive	N	SPE_K03564313	DMNB	-11.67	inactive
R4A_0000538_001	SPE_K61585876	-0.096155057	inactive	N	SPE_K61585876	3-carboxy-4-hydroxyphenylglycine-(S)	-2.54	inactive
R4A_0001277_002	SPE_K74133873	-0.081906153	inactive	N	SPE_K74133873	4-carboxy-3-hydroxyphenylglycine-(S)	-1.24	inactive
R4A_0000538_002	SPE_K76592088	-0.019741063	inactive	N	SPE_K76592088	3-carboxy-4-hydroxyphenylglycine-(R)	-1.84	inactive
R4A_0002272_001					SPE_K97752965	NICORANDIL	4.11	inactive
R4A_0005461_001	SPE_K17061841	0.024922535	inactive	N	SPE_K17061841	Stattic	-15.14	inactive
R4A_0004677_001					SPE_A76533773	lisadimate	-4.7	inactive
R4A_0004861_001					SPE_K18749874	melevodopa	-5.89	inactive
R4A_0000547_001	SPE_K48578705	-0.104056904	inactive	N	SPE_K48578705	METHYLDOPA	-2.15	inactive
R4A_0004772_001	SPE_K85925969	0.027491728	inactive	N	SPE_K85925969	ZALCITABINE	-0.24	inactive
R4A_0000665_001	SPE_K31329721	-0.083342588	inactive	N	SPE_K31329721	centazolone	-3.79	inactive
R4A_0003422_001	SPE_K67080878	-0.002051655	inactive	N	SPE_K67080878	MILRINONE	-1.45	inactive
R4A_0001945_001	SPE_A86216746	0.001545396	inactive	N	SPE_A86216746	Varenicline tartrate	-2.31	inactive
R4A_0003184_001	SPE_K12362304	-0.096480818	inactive	N	SPE_K12362304	diphenylguanidine	0.43	inactive
R4A_0000893_001	SPE_K06388322	-0.020754296	inactive	N	SPE_K06388322	Pramipexole dihydrochloride monohydrate	-2.93	inactive
R4A_0000734_001	SPE_K36965586	0.008401716	inactive	N	SPE_K36965586	m-Chlorophenylbiguanide	6.24	inactive
R4A_0000332_001	SPE_K08791496	0.068552231	inactive	N	SPE_K08791496	FENACLON	4.22	inactive
R4A_0004761_001	SPE_K09397065	-0.12053702	inactive	N	SPE_K09397065	SR-57227A	6.27	inactive
R4A_0004844_001	SPE_K36851334	-0.072461944	inactive	N	SPE_K36851334	TRIM	-0.85	inactive
R4A_0004195_001	SPE_K48300629	-0.128051128	inactive	N	SPE_K48300629	zonisamide	-5.73	inactive
R4A_0001712_001	SPE_A55748233	0.021137907	inactive	N	SPE_A55748233	benzoin	-2.84	inactive
R4A_0003585_001					SPE_K91740057	FELBINAC	-2.18	inactive
R4A_0004872_001					SPE_K24616672	PROCAINE HYDROCHLORIDE	-2.88	inactive
R4A_0002014_001	SPE_A04322457	-0.012814393	inactive	N	SPE_A04322457	ISOPROTERENOL HYDROCHLORIDE	-2.95	inactive
R4A_0002380_001	SPE_A07780951	-0.056623589	inactive	N	SPE_A07780951	METAPROTERENOL	-4.82	inactive
R4A_0004695_001	SPE_A39189014	-0.041765016	inactive	N	SPE_A39189014	METHOXAMINE HYDROCHLORIDE	-0.82	inactive
R4A_0002672_001	SPE_K00634421	0.007114588	inactive	N	SPE_K00634421	Brivaracetam	-1.91	inactive
R4A_0001475_001	SPE_K39252998	-0.010914126	inactive	N	SPE_K39252998	Atipamezole (hydrochloride)	-0.97	inactive
R4A_0003641_001	SPE_K20372197	-0.104826026	inactive	N	SPE_K20372197	Droxidopa (L-DOPS)	8.63	inactive
R4A_0004484_001	SPE_K52459018	-0.088050914	inactive	N	SPE_K52459018	kainic-acid	-8	inactive
R4A_0000756_001	SPE_K50000283	-0.081168375	inactive	N	SPE_K50000283	PHA-767491	0.77	inactive
R4A_0002396_001					SPE_K98157055	SIB-1757	-1.01	inactive
R4A_0001491_001	SPE_K99149715	-0.168649593	inactive	N	SPE_K99149715	PluriSIn #1 (NSC 14613)	-2.28	inactive
R4A_0003564_001					SPE_K76304753	PHENAZOPYRIDINE HYDROCHLORIDE	-2.17	inactive
R4A_0005013_001	SPE_K77925998	0.020378923	inactive	N	SPE_K77925998	quipazine	9.23	inactive
R4A_0002170_001	SPE_A84174873	-0.026429208	inactive	N	SPE_A84174873	BACLOFEN HYDROCHLORIDE (+/-)	2.22	inactive
R4A_0000636_001					SPE_K59590127	chlorpropham	-2.26	inactive
R4A_0002170_002	SPE_K62353271	-0.101763541	inactive	N	SPE_K62353271	(R)-baclofen	-7.85	inactive
R4A_0004633_001	SPE_K17075857	-0.010983317	inactive	N	SPE_K17075857	CHLOROXINE	-8.11	inactive
R4A_0004624_001	SPE_K96042922	-0.037886197	inactive	N	SPE_K96042922	etanidazole	-7.98	inactive
R4A_0003699_001	SPE_K53123955	-0.086560297	inactive	N	SPE_K53123955	niridazole	-3.62	inactive
R4A_0005446_001	SPE_K44091963	-0.078514042	inactive	N	SPE_K44091963	phenyl-salicylate	-5.49	inactive
R4A_0001890_001	SPE_K73947551	-0.066675505	inactive	N	SPE_K73947551	AMIFOSTINE	-10.54	inactive
R4A_0003990_001	SPE_K21520694	-0.062039577	inactive	N	SPE_K21520694	SULFACETAMIDE	-2.63	inactive
R4A_0000425_001	SPE_K45086103	0.032890933	inactive	N	SPE_K45086103	SULFAGUANIDINE	-0.19	inactive
R4A_0001818_001	SPE_A38747044	0.029259727	inactive	N	SPE_A38747044	KU14R	-2.25	inactive
R4A_0001407_001	SPE_A98299281	-0.084863935	inactive	N	SPE_A98299281	"hydroxytacrine-maleate-(r,s)"	-3.81	inactive
R4A_0001482_001					SPE_K77756533	"7,8,9,10-tetrahydroazepino[2,1-b]quinazolin-12(6H)-one"	0.69	inactive
R4A_0004150_001	SPE_K19111024	-0.00103738	inactive	N	SPE_K19111024	CLOFIBRIC ACID	-1.36	inactive
R4A_0004065_001	SPE_A29281099	0.004342756	inactive	N	SPE_A29281099	Clorprenaline HCL	35.61	inactive
R4A_0003429_001	SPE_K65667145	0.008650039	inactive	N	SPE_K65667145	Kinetin (6-Furfuryladenine)	-4.92	inactive
R4A_0002157_001	SPE_A87125127	-0.092448396	inactive	N	SPE_A87125127	3-MATIDA	0.29	inactive
R4A_0002219_001	SPE_K22667752	-0.038998839	inactive	N	SPE_K22667752	NS-8	-4.53	inactive
R4A_0004804_001					SPE_K13486660	SULFACARBAMIDE	2.89	inactive
R4A_0003291_001	SPE_K81876028	0.074912168	inactive	N	SPE_K81876028	CP-93129	-1.73	inactive
R4A_0003881_001	SPE_K73753850	-0.11768092	inactive	N	SPE_K73753850	Hexaminolevulinate (hydrochloride)	-1.79	inactive
R4A_0003952_001	SPE_A67949680	0.024556997	inactive	N	SPE_A67949680	BRL-44408	-2.66	inactive
R4A_0002293_001	SPE_K88956297	-0.03239558	inactive	N	SPE_K88956297	"1-((Z)-3-Chloroallyl)-1,3,5,7-tetraazaadamantan-1-ium chloride"	-3.36	inactive
R4A_0000173_001					SPE_K48526231	SODIUM NITROPRUSSIDE DIHYDRATE	-4.12	inactive
R4A_0000306_001	SPE_K12968785	-0.119893784	inactive	N	SPE_K12968785	BERGAPTEN	-2.63	inactive
R4A_0003637_001					SPE_K63430059	METHOXSALEN	11.67	inactive
R4A_0002803_001					SPE_K30284967	6-aminopenicillanic-acid	0.65	inactive
R4A_0003673_001	SPE_A10739734	-0.010233324	inactive	N	SPE_A10739734	EFAROXAN HYDROCHLORIDE	0.77	inactive
R4A_0005095_001	SPE_K54142781	-0.124190827	inactive	N	SPE_K54142781	cirazoline	4.05	inactive
R4A_0004530_001					SPE_K66019333	OXANTEL PAMOATE	4.3	inactive
R4A_0004738_001	SPE_K77171813	0.002526431	inactive	N	SPE_K77171813	proxyfan	-5.1	inactive
R4A_0000253_001	SPE_K33521504	0.12585612	inactive	N	SPE_K33521504	GSK-LSD-1	27.93	inactive
R4A_0004941_001	SPE_K24179883	-0.048941778	inactive	N	SPE_K24179883	ARSANILIC ACID	9.57	inactive
R4A_0003631_001	SPE_K67445247	-0.008207275	inactive	N	SPE_K67445247	flurofamide	-5.79	inactive
R4A_0000709_001	SPE_A29520968	-0.031771009	inactive	N	SPE_A29520968	acifran	-2.07	inactive
R4A_0001385_001	SPE_K11595419	-0.113311444	inactive	N	SPE_K11595419	L-Alanine-L-glutamine	-8.62	inactive
R4A_0003126_001	SPE_K71977764	0.010722366	inactive	N	SPE_K71977764	piroximone	-3.66	inactive
R4A_0004100_001	SPE_K49071277	0.008779283	inactive	N	SPE_K49071277	SECURININE	-1.13	inactive
R4A_0000890_001	SPE_K54529596	-0.031398506	inactive	N	SPE_K54529596	CAPTOPRIL	-0.88	inactive
R4A_0001560_001	SPE_K18905250	-0.080350058	inactive	N	SPE_K18905250	ST-91	-5.43	inactive
R4A_0001143_001					SPE_K29392254	PANTOTHENIC ACID(d) Na salt	1.43	inactive
R4A_0004182_001	SPE_A85025557	-0.061056965	inactive	N	SPE_A85025557	NCS-382	-0.78	inactive
R4A_0002476_001	SPE_A65683612	-0.058437237	inactive	N	SPE_A65683612	Phenylpiracetam	-1.72	inactive
R4A_0000807_001	SPE_K32247306	0.006175829	inactive	N	SPE_K32247306	PRIMIDONE	-1.24	inactive
R4A_0005305_001	SPE_K93255255	-0.041017777	inactive	N	SPE_K93255255	indoximod	5.95	inactive
R4A_0004223_001	SPE_K84366268	0.040801863	inactive	N	SPE_K84366268	Levocarnitine propionate (hydrochloride)	-1.2	inactive
R4A_0001138_001					SPE_A48938994	monoctanoin	-6.16	inactive
R4A_0001396_001					SPE_K13629382	eseroline-(-)	24.76	inactive
R4A_0002655_001	SPE_K89223384	-0.01834444	inactive	N	SPE_K89223384	NG-nitro-arginine	1.32	inactive
R4A_0005505_001	SPE_K88611939	0.041515492	inactive	N	SPE_K88611939	aniracetam	-7.72	inactive
R4A_0004399_001	SPE_K90033078	-0.103108155	inactive	N	SPE_K90033078	zeatin	-1.84	inactive
R4A_0004333_001					SPE_K33251802	Miglustat (N-Butyldeoxynojirimycin?HCl)	-4.4	inactive
R4A_0000447_001	SPE_A65440446	0.039250228	inactive	N	SPE_A65440446	cimaterol	-4.02	inactive
R4A_0004362_001	SPE_A46136514	-0.090036225	inactive	N	SPE_A46136514	butibufen	-4.5	inactive
R4A_0001487_001	SPE_K02908048	-0.065198566	inactive	N	SPE_K02908048	R(+)-3-(3-Hydroxyphenyl)-N-propylpiperidine hydrochloride	7.69	inactive
R4A_0001041_001	SPE_K26548821	-0.073779191	inactive	N	SPE_K26548821	quinpirol-(-)	-1.13	inactive
R4A_0001691_001	SPE_A42759514	0.022469195	inactive	N	SPE_A42759514	ORNIDAZOLE	12.26	inactive
R4A_0002290_001	SPE_A73930134	-0.069694802	inactive	N	SPE_A73930134	5-hydroxytryptophan (5-HTP)	-1.81	inactive
R4A_0000020_001	SPE_K01567962	-0.019861486	inactive	N	SPE_K01567962	pyrazolanthrone	-1.5	inactive
R4A_0005385_001	SPE_A67006024	-0.097630485	inactive	N	SPE_A67006024	SNAP	-3.03	inactive
R4A_0005106_001	SPE_K55420858	-0.045736905	inactive	N	SPE_K55420858	mirin	-1.38	inactive
R4A_0004805_001	SPE_K86171477	-0.037073011	inactive	N	SPE_K86171477	Eltoprazine (hydrochloride)	-1.86	inactive
R4A_0003817_001					SPE_K68693535		2.12	inactive
R4A_0003933_001	SPE_K07449869	-0.037944209	inactive	N	SPE_K07449869	APC-100	-2.28	inactive
R4A_0002692_001	SPE_A53952395	-0.109172679	inactive	N	SPE_A53952395	PRILOCAINE HYDROCHLORIDE	-3.79	inactive
R4A_0000406_001	SPE_K21565985	0.015770004	inactive	N	SPE_K21565985	XYLAZINE	1.07	inactive
R4A_0002927_001	SPE_K71454870	-0.137625203	inactive	N	SPE_K71454870	MORANTEL CITRATE	-4.71	inactive
R4A_0002849_001					SPE_K53153417	BUTYLATED HYDROXYTOLUENE	-5.89	inactive
R4A_0000350_001	SPE_K12047401	0.20890714	inactive	N	SPE_K12047401	Palifosfamide	-1.62	inactive
R4A_0003175_001	SPE_A92872453	-0.073898558	inactive	N	SPE_A92872453	N-acetylmannosamine	-6.05	inactive
R4A_0002500_001	SPE_K80653534	-0.036521288	inactive	N	SPE_K80653534	N-acetyl-D-glucosamine	-2.3	inactive
R4A_0001665_001	SPE_A94709349	-0.007621206	inactive	N	SPE_A94709349	METAXALONE	2.1	inactive
R4A_0000532_001					SPE_K62737565	GABAPENTIN	8.91	inactive
R4A_0000473_001	SPE_A40940854	0.009171597	inactive	N	SPE_A40940854	Ibuproxam	-0.01	inactive
R4A_0000558_001	SPE_K12609457	-0.064246972	inactive	N	SPE_K12609457	EXALAMIDE	-5.88	inactive
R4A_0002275_001	SPE_K23163214	-0.06490734	inactive	N	SPE_K23163214	dizocilpine-(-) maleate	8.79	inactive
R4A_0002275_002	SPE_K58930050	0.010368688	inactive	N	SPE_K58930050	dizocilpine-(+)	2.5	inactive
R4A_0000592_001	SPE_K13032584	-0.060321953	inactive	N	SPE_K13032584	PROCARBAZINE HYDROCHLORIDE	5.6	inactive
R4A_0003652_001	SPE_K40782193	-0.039185324	inactive	N	SPE_K40782193	QX-222	1.04	inactive
R4A_0002241_001	SPE_K25699529	0.005753914	inactive	N	SPE_K25699529	Tapentadol (hydrochloride)	-2.25	inactive
R4A_0005224_001	SPE_K21452876	-0.042748843	inactive	N	SPE_K21452876	CHLORAZANIL HYDROCHLORIDE	-1.52	inactive
R4A_0001745_001	SPE_K26160755	0.004103227	inactive	N	SPE_K26160755	RS-45041-190	-1.86	inactive
R4A_0000483_001	SPE_A24857382	0.037445866	inactive	N	SPE_A24857382	N-acetyl-tyrosine	-5.32	inactive
R4A_0004915_001	SPE_K62607075	-0.025044389	inactive	N	SPE_K62607075	9-anthracenecarboxylic-acid	-1.81	inactive
R4A_0002785_001	SPE_K70592963	-0.038372485	inactive	N	SPE_K70592963	PHENINDIONE	-0.55	inactive
R4A_0000480_001	SPE_K43457670	-0.004735789	inactive	N	SPE_K43457670	ACETAZOLAMIDE	1.15	inactive
R4A_0001153_001	SPE_K12261274	-0.057110736	inactive	N	SPE_K12261274	Zaltidine	-2.01	inactive
R4A_0002037_001	SPE_K95603879	-0.042989574	inactive	N	SPE_K95603879	BHQ	0.77	inactive
R4A_0004092_001	SPE_A61188230	-0.096726487	inactive	N	SPE_A61188230	cedrol	-2.96	inactive
R4A_0003729_001	SPE_K62751771	0.022607605	inactive	N	SPE_K62751771	levomenol	-1.53	inactive
R4A_0004092_002					SPE_K96362839	cedrol-(+)	4.78	inactive
R4A_0002408_001					SPE_K48738253	CGS 19755	-3.97	inactive
R4A_0004920_001	SPE_A49952467	0.031709072	inactive	N	SPE_A49952467	salsolinol-1-carboxylic-acid	-1.39	inactive
R4A_0002335_001					SPE_A88684804	BUCETIN	-6.27	inactive
R4A_0002716_001	SPE_K36660044	-0.013108091	inactive	N	SPE_K36660044	BUFEXAMAC	-3.14	inactive
R4A_0000418_001					SPE_K38055836	ETHAMIVAN	-1.23	inactive
R4A_0001259_001					SPE_K52075040	Cerulenin	5.72	inactive
R4A_0001756_001	SPE_K98557884	-0.100731233	inactive	N	SPE_K98557884	suritozole	0.34	inactive
R4A_0000566_001	SPE_A25619068	-0.074675649	inactive	N	SPE_A25619068	Fadrozole hydrochloride	4.29	inactive
R4A_0005506_001	SPE_K54395039	0.058336783	inactive	N	SPE_K54395039	PR-619	-0.78	inactive
R4A_0000115_001	SPE_K18922609	-0.09726127	inactive	N	SPE_K18922609	NEOSTIGMINE BROMIDE	-3.43	inactive
R4A_0004549_001	SPE_K24697665	-0.047207686	inactive	N	SPE_K24697665	Bucillamine	-4.67	inactive
R4A_0004188_001	SPE_K84214706	0.011056416	inactive	N	SPE_K84214706	7-chlorokynurenic-acid	0.78	inactive
R4A_0003401_001	SPE_K58146797	-0.035559068	inactive	N	SPE_K58146797	"5-(4chlorophenyl)-4-ethyl-2,4-dihydro-3H-1,2,4-triazol-3-one"	-4.76	inactive
R4A_0004964_001	SPE_K93880783	-0.086543818	inactive	N	SPE_K93880783	STAVUDINE	-4.41	inactive
R4A_0002468_001	SPE_K43978949	-0.037537707	inactive	N	SPE_K43978949	PIT tosylate	1.02	inactive
R4A_0002938_001	SPE_K83064458	-0.021380451	inactive	N	SPE_K83064458	7-(?-Hydroxyethyl)theophylline	0.64	inactive
R4A_0004400_001	SPE_K71350836	-0.157943246	inactive	N	SPE_K71350836	butalbital	-3.26	inactive
R4A_0002616_001	SPE_K02501528	-0.06404308	inactive	N	SPE_K02501528	S 18986	-4.95	inactive
R4A_0005021_001	SPE_K97874492	1.040572776	active	Y	SPE_K97874492	ACRIFLAVINIUM HYDROCHLORIDE	25.01	inactive
R4A_0000384_001	SPE_K26373640	-0.04924452	inactive	N	SPE_K26373640	IKK-2-inhibitor	-1.58	inactive
R4A_0000374_001	SPE_K13346085	-0.05673872	inactive	N	SPE_K13346085	2-APB	-1.28	inactive
R4A_0003298_001					SPE_K11756522	FURAZOLIDONE	-2.92	inactive
R4A_0005348_001	SPE_K93240442	-0.108581966	inactive	N	SPE_K93240442	DINITOLMIDE	-13.07	inactive
R4A_0002236_001					SPE_K35952844	Sodium Glucoheptonate Dihydrate	-2.51	inactive
R4A_0002236_002					SPE_M41172429	CALCIUM GLUCEPTATE	-2.15	inactive
R4A_0000259_001	SPE_K81021983	0.041993316	inactive	N	SPE_K81021983	Cyclocytidine HCl	0.88	inactive
R4A_0002586_001	SPE_K32318651	-0.036656351	inactive	N	SPE_K32318651	ACYCLOVIR	-7	inactive
R4A_0002921_001	SPE_K90982969	-0.037023676	inactive	N	SPE_K90982969	etilevodopa	-3.83	inactive
R4A_0003538_001	SPE_K61951118	-0.011781473	inactive	N	SPE_K61951118	FG-7142	-1.63	inactive
R4A_0002935_001	SPE_K62929068	-0.151064512	inactive	N	SPE_K62929068	6-benzylaminopurine	-8.79	inactive
R4A_0004184_001	SPE_A21280314	-0.135696918	inactive	N	SPE_A21280314	nifenalol	6.25	inactive
R4A_0005061_001	SPE_M79902621	-0.04185924	inactive	N	SPE_M79902621	TERBUTALINE HEMISULFATE	-0.5	inactive
R4A_0003834_001	SPE_K92426617	0.000183168	inactive	N	SPE_K92426617	esaprazole	-1.25	inactive
R4A_0005064_001	SPE_A53472930	-0.111986675	inactive	N	SPE_A53472930	seclazone	-3.01	inactive
R4A_0000117_001	SPE_K22010301	-0.038116434	inactive	N	SPE_K22010301	JLK-6	0.56	inactive
R4A_0001713_001	SPE_A74387232	-0.045432363	inactive	N	SPE_A74387232	PMPA	1.83	inactive
R4A_0000241_001	SPE_K28824103	-0.088032442	inactive	N	SPE_K28824103	Genipin	2.68	inactive
R4A_0002924_001	SPE_K04725460	0.022287355	inactive	N	SPE_K04725460	ANTHRALIN	-3.33	inactive
R4A_0005252_001					SPE_K51807679	dithranol	-0.49	inactive
R4A_0004170_001					SPE_A69512159	CARBIDOPA	-4.37	inactive
R4A_0000599_001	SPE_A96051074	-0.095655862	inactive	N	SPE_A96051074	Carnosine	-4.18	inactive
R4A_0002514_001	SPE_K79145628	-0.10384815	inactive	N	SPE_K79145628	Nimorazole	-2.15	inactive
R4A_0004658_001	SPE_A44448661	-0.04276507	inactive	N	SPE_A44448661	pentobarbital	-1.95	inactive
R4A_0000967_001					SPE_K46862739	METYRAPONE	-0.75	inactive
R4A_0000826_001	SPE_A46597779	-0.000421742	inactive	N	SPE_A46597779	OG-L002	37.06	inactive
R4A_0003052_001	SPE_K55430733	0.528973851	active	Y	SPE_K55430733	WAY-629	25.24	inactive
R4A_0004347_001	SPE_K80021413	-0.0130419	inactive	N	SPE_K80021413	ML204	-2.64	inactive
R4A_0002278_001	SPE_K63169195	0.008184248	inactive	N	SPE_K63169195	U-0124	-2.12	inactive
R4A_0000557_001	SPE_K86972824	-0.118266691	inactive	N	SPE_K86972824	OLTIPRAZ	-6.92	inactive
R4A_0000163_001					SPE_K47492008	alclofenac	-0.67	inactive
R4A_0003739_001	SPE_K31731454	-0.115424291	inactive	N	SPE_K31731454	Pemirolast (potassium)	-2.44	inactive
R4A_0000559_001	SPE_K91822704	0.004710028	inactive	N	SPE_K91822704	2'-Deoxycytidine (hydrochloride)	-1.56	inactive
R4A_0003557_001	SPE_K10029415	-0.046781644	inactive	N	SPE_K10029415	enisamium-iodide	-1	inactive
R4A_0001430_001	SPE_K62056274	0.018621635	inactive	N	SPE_K62056274	N-methylquipazine	-1.59	inactive
R4A_0001215_001	SPE_K90374350	-0.103823034	inactive	N	SPE_K90374350	CHLORQUINALDOL	-4.16	inactive
R4A_0000430_001	SPE_A68942014	-0.048970742	inactive	N	SPE_A68942014	amitifadine	0.19	inactive
R4A_0003802_001	SPE_A01145011	-0.099641197	inactive	N	SPE_A01145011	zebularine	-5.42	inactive
R4A_0004860_001	SPE_K79254416	-0.020566125	inactive	N	SPE_K79254416	decitabine	-9.37	inactive
R4A_0000985_001	SPE_K54790157	0.079903055	inactive	N	SPE_K54790157	TRIOXSALEN	-5.78	inactive
R4A_0002444_001	SPE_K80738081	0.01927048	inactive	N	SPE_K80738081	Resveratrol	-2.27	inactive
R4A_0003284_001	SPE_A65145453	-0.079868835	inactive	N	SPE_A65145453	ATPA	-0.91	inactive
R4A_0003968_001	SPE_K53061490	-0.016308521	inactive	N	SPE_K53061490	ozagrel	-0.75	inactive
R4A_0001635_001	SPE_K41494493	0.06481719	inactive	N	SPE_K41494493	bisphenol-a	-3.93	inactive
R4A_0000371_001	SPE_K65146499	-0.108393235	inactive	N	SPE_K65146499	NABUMETONE	-6.81	inactive
R4A_0002186_001	SPE_K00234327	0.394455093	inactive	N	SPE_K00234327	RU 24969	-0.41	inactive
R4A_0000142_001	SPE_K53156626	0.005577776	inactive	N	SPE_K53156626	7-methoxytacrine	27.75	inactive
R4A_0005098_001	SPE_K31339597	-0.111682227	inactive	N	SPE_K31339597	SDZ-SER-082	5.83	inactive
R4A_0001852_001	SPE_K88553858	-0.086012371	inactive	N	SPE_K88553858	BENURESTAT	10.22	inactive
R4A_0005218_001	SPE_A37441042	0.048209992	inactive	N	SPE_A37441042	TULOBUTEROL HYDROCHLORIDE	-1.18	inactive
R4A_0001128_001	SPE_K55424922	-0.027286915	inactive	N	SPE_K55424922	anpirtoline	0.4	inactive
R4A_0005170_001	SPE_K37747025	-0.060508708	inactive	N	SPE_K37747025	Sanazole	-8	inactive
R4A_0002320_001	SPE_K39693230	-0.003121953	inactive	N	SPE_K39693230	Osalmid	18.86	inactive
R4A_0000777_001	SPE_K73157543	-0.145119334	inactive	N	SPE_K73157543	PHENYL AMINOSALICYLATE	-2.08	inactive
R4A_0004031_001	SPE_A75015151	-0.023832195	inactive	N	SPE_A75015151	NKY-80	3.12	inactive
R4A_0001970_001					SPE_K02992638	LAMIVUDINE	-5.12	inactive
R4A_0003877_001	SPE_K55172746	-0.088859644	inactive	N	SPE_K55172746	apricitabine	-0.01	inactive
R4A_0004063_001					SPE_K26341917	L-Ergothioneine	-5.73	inactive
R4A_0001456_001	SPE_A87715314	0.057825544	inactive	N	SPE_A87715314	PRONETALOL HYDROCHLORIDE	20.23	inactive
R4A_0005018_001	SPE_K97181089	-0.003929517	inactive	N	SPE_K97181089	AMILORIDE HYDROCHLORIDE	-2.3	inactive
R4A_0001163_001	SPE_K98530306	-0.003961336	inactive	N	SPE_K98530306	CLONIDINE HYDROCHLORIDE	-9.02	inactive
R4A_0002270_001	SPE_K46690591	-0.045538129	inactive	N	SPE_K46690591	"5,6-dihydro-5-aza-2'-deoxycytidine"	-4.19	inactive
R4A_0000574_001	SPE_K59197931	-0.033073276	inactive	N	SPE_K59197931	NAPROXEN	-1.35	inactive
R4A_0003831_001	SPE_K51087630	-0.038853432	inactive	N	SPE_K51087630	Tirasemtiv	-1.48	inactive
R4A_0005402_001	SPE_K16444452	-0.059352487	inactive	N	SPE_K16444452	ibudilast	-2.04	inactive
R4A_0004713_001	SPE_K17868609	-0.069006555	inactive	N	SPE_K17868609	BRL-54443	-2.21	inactive
R4A_0003771_001	SPE_K27010807	0.00619261	inactive	N	SPE_K27010807	TC-G-1000	-0.01	inactive
R4A_0000742_001	SPE_K43890836	-0.013421129	inactive	N	SPE_K43890836	gemcadiol	-4.7	inactive
R4A_0000627_001					SPE_K37602296	NS-309	10.36	inactive
R4A_0002363_001	SPE_K89299012	-0.027470863	inactive	N	SPE_K89299012	DCEBIO	-5.92	inactive
R4A_0004648_001	SPE_K62736196	-0.103032174	inactive	N	SPE_K62736196	GUANABENZ ACETATE	1.84	inactive
R4A_0002838_001	SPE_A62841832	-0.102641493	inactive	N	SPE_A62841832	3-bromocamphor	-3.49	inactive
R4A_0001615_001	SPE_K06159959	-0.003440115	inactive	N	SPE_K06159959	CCMQ	1.45	inactive
R4A_0004937_001					SPE_K93332168	isocarboxazid	-10.68	inactive
R4A_0000678_001	SPE_K58626373	0.103958426	inactive	N	SPE_K58626373	dexfenfluramine	3.76	inactive
R4A_0002488_001	SPE_A59747053	-0.118298205	inactive	N	SPE_A59747053	indeloxazine	25.44	inactive
R4A_0003777_001	SPE_K12568846	-0.037228406	inactive	N	SPE_K12568846	AMINOPYRINE	-4.65	inactive
R4A_0003804_001	SPE_K19438463	-0.093172821	inactive	N	SPE_K19438463	CNQX	-1.93	inactive
R4A_0003060_001	SPE_K02898090	0.07002522	inactive	N	SPE_K02898090	kifunensine	-4.33	inactive
R4A_0003201_001	SPE_A28329383	-0.006150038	inactive	N	SPE_A28329383	MTPG	-9.78	inactive
R4A_0002563_001	SPE_K47886988	-0.055806825	inactive	N	SPE_K47886988	NALIDIXIC ACID	-1.64	inactive
R4A_0004993_001	SPE_K82767007	-0.109818441	inactive	N	SPE_K82767007	Dazoxiben	-2.18	inactive
R4A_0004668_001	SPE_K68553471	0.034938995	inactive	N	SPE_K68553471	TODRALAZINE HYDROCHLORIDE	-1.79	inactive
R4A_0003789_001	SPE_A25234499	-0.048157311	inactive	N	SPE_A25234499	AMINOGLUTETHIMIDE	-3.57	inactive
R4A_0002415_001	SPE_K84883208	-0.13648614	inactive	N	SPE_K84883208	MR-948	17.67	inactive
R4A_0000814_001	SPE_K97530723	-0.030569011	inactive	N	SPE_K97530723	melatonin	-1.72	inactive
R4A_0000080_001					SPE_A45929034	BENZOCLIDINE	-1.28	inactive
R4A_0001460_001					SPE_K26833429	costunolide	-1.57	inactive
R4A_0003403_001	SPE_K53731810	0.042580392	inactive	N	SPE_K53731810	alantolactone	2.6	inactive
R4A_0000056_001					SPE_K64414150	tymazoline	17.06	inactive
R4A_0003993_001	SPE_K96391852	-0.170776335	inactive	N	SPE_K96391852	Aloperine	16.56	inactive
R4A_0005221_001					SPE_K33642804	SYMCLOSENE	-3.7	inactive
R4A_0004087_001	SPE_K66527818	-0.080085115	inactive	N	SPE_K66527818	VU 0364770	-2.47	inactive
R4A_0004603_001	SPE_A14344385	-0.032013081	inactive	N	SPE_A14344385	IDRA-21	-0.33	inactive
R4A_0004776_001					SPE_K58513245	Pamidronate Disodium	-8.19	inactive
R4A_0004576_001	SPE_K74236708	-0.038802057	inactive	N	SPE_K74236708	Acitazanolast	-4.71	inactive
R4A_0002066_001	SPE_K33141550	-0.036625731	inactive	N	SPE_K33141550	L-NAME	-7.77	inactive
R4A_0000971_001					SPE_K85679373	SULBACTAM	11.41	inactive
R4A_0000460_001	SPE_K25140590	0.030274494	inactive	N	SPE_K25140590	CX-516	-2.01	inactive
R4A_0005236_001	SPE_K28405228	-0.120168605	inactive	N	SPE_K28405228	Mecarbinate	-4.04	inactive
R4A_0005261_001	SPE_K11851476	0.007786298	inactive	N	SPE_K11851476	Pardoprunox (hydrochloride)	-1.83	inactive
R4A_0003853_001	SPE_A07232941	-0.012717147	inactive	N	SPE_A07232941	8-M-PDOT	-1.24	inactive
R4A_0005148_001	SPE_K76677554	0.014357461	inactive	N	SPE_K76677554	AJ76-(+)	-3.11	inactive
R4A_0001221_001					SPE_K51768138	LOMUSTINE	-5.33	inactive
R4A_0001037_001	SPE_K21283037	-0.032009465	inactive	N	SPE_K21283037	RILUZOLE	-2.22	inactive
R4A_0001605_001	SPE_K53438416	-0.00477706	inactive	N	SPE_K53438416	YZ9	-3.11	inactive
R4A_0001445_001	SPE_A65597028	-0.059455269	inactive	N	SPE_A65597028	RX-821002	-1.78	inactive
R4A_0000883_001	SPE_K16664969	-0.035929965	inactive	N	SPE_K16664969	GTP-14564	-1.91	inactive
R4A_0003730_001	SPE_K39339537	-0.061327341	inactive	N	SPE_K39339537	epirizole	-2.4	inactive
R4A_0004109_001	SPE_K53903639	0.014436808	inactive	N	SPE_K53903639	ISX-9	-4.98	inactive
R4A_0001571_001					SPE_A72441487	stiripentol	-1.46	inactive
R4A_0000741_001					SPE_K11073688		-9.36	inactive
R4A_0002583_001	SPE_K89329876	-0.045654967	inactive	N	SPE_K89329876	BRD-9876	-5.37	inactive
R4A_0000839_001	SPE_A19585813	-0.107823802	inactive	N	SPE_A19585813	METHYLPHENIDATE HYDROCHLORIDE	10.33	inactive
R4A_0004877_001					SPE_K99170882	NSC319726	-1.79	inactive
R4A_0002862_001	SPE_K52662033	0.016583977	inactive	N	SPE_K52662033	LIDOCAINE HYDROCHLORIDE	-4.06	inactive
R4A_0004004_001	SPE_K32847234	-0.046834439	inactive	N	SPE_K32847234	SPARTEINE SULFATE	0.11	inactive
R4A_0000204_001	SPE_K49519144	-0.081561922	inactive	N	SPE_K49519144	LY2140023 (LY404039)	-3.92	inactive
R4A_0000088_001	SPE_A94055480	-0.034392225	inactive	N	SPE_A94055480	ISO-1	0.59	inactive
R4A_0003088_001	SPE_K32456483	0.100331163	inactive	N	SPE_K32456483	PRT4165	-2.75	inactive
R4A_0004815_001	SPE_K84794093	-0.044937744	inactive	N	SPE_K84794093	"2',3'-dideoxyadenosine"	-3.8	inactive
R4A_0004583_001	SPE_K65417056	-0.09805172	inactive	N	SPE_K65417056	MEPRYLCAINE HYDROCHLORIDE	0.66	inactive
R4A_0003701_001	SPE_K75089421	-0.071425394	inactive	N	SPE_K75089421	PROCAINAMIDE HYDROCHLORIDE	-1.09	inactive
R4A_0004140_001	SPE_A14574269	0.288870465	inactive	N	SPE_A14574269	UB-165	-1.49	inactive
R4A_0002626_001	SPE_K55853390	-0.003331229	inactive	N	SPE_K55853390	ISOSORBIDE DINITRATE	-2.72	inactive
R4A_0002463_001	SPE_A89164055	-0.065633066	inactive	N	SPE_A89164055	sorbinil	-0.1	inactive
R4A_0000465_001	SPE_K99063460	0.003310713	inactive	N	SPE_K99063460	Didanosine (Videx)	-8.37	inactive
R4A_0001811_001	SPE_K18305454	0.037544012	inactive	N	SPE_K18305454	OAC2	-1.72	inactive
R4A_0000934_001	SPE_K71799949	0.030004108	inactive	N	SPE_K71799949	CARBAMAZEPINE	-1.44	inactive
R4A_0004682_001	SPE_K06762493	-0.087897667	inactive	N	SPE_K06762493	isbufylline	-1.16	inactive
R4A_0000980_001					SPE_K13356952	METHAZOLAMIDE	-9.22	inactive
R4A_0002705_001	SPE_A56359832	-0.033286091	inactive	N	SPE_A56359832	ZILEUTON	3.44	inactive
R4A_0003367_002	SPE_K83551379	-0.101795662	inactive	N	SPE_K83551379	Levodropropizine	-4.45	inactive
R4A_0000916_001	SPE_A09062839	-0.026579985	inactive	N	SPE_A09062839	amyleine	-1.47	inactive
R4A_0003581_001	SPE_K41933240	-0.094177844	inactive	N	SPE_K41933240	Curcumol	-4.82	inactive
R4A_0001705_001	SPE_K69191882	-0.129316144	inactive	N	SPE_K69191882	guanidinoethyldisulfide-bicarbonate	5.22	inactive
R4A_0003937_001					SPE_K39230570	clomesone	5.67	inactive
R4A_0002721_001	SPE_K34149328	-0.133577449	inactive	N	SPE_K34149328	bonaphthone	-7.69	inactive
R4A_0002422_001	SPE_K24507548	-0.014469073	inactive	N	SPE_K24507548	CINTRIAMIDE	-6.57	inactive
R4A_0001515_001	SPE_K10878147	-0.045666713	inactive	N	SPE_K10878147	OAC1	4.15	inactive
R4A_0000795_001	SPE_K50888640	-0.044178736	inactive	N	SPE_K50888640	MDL-27531	-3.26	inactive
R4A_0002596_001					SPE_K11244467	Ambazone	-10.17	inactive
R4A_0005271_001	SPE_A59198242	-0.107410161	inactive	N	SPE_A59198242	viloxazine	-0.95	inactive
R4A_0003367_001	SPE_A29349577	0.057155248	inactive	N	SPE_A29349577	DROPROPIZINE	-1.7	inactive
R4A_0003055_001	SPE_A96510685	-0.046855091	inactive	N	SPE_A96510685	PIROCTONE OLAMINE	-2.28	inactive
R4A_0002933_001	SPE_A79052425	-0.083494501	inactive	N	SPE_A79052425	SIB-1553A	2.34	inactive
R4A_0002943_001					SPE_K76927775	NITROFURANTOIN	-2.22	inactive
R4A_0002953_001	SPE_K47608922	-0.098878234	inactive	N	SPE_K47608922	DIPYROCETYL	-9.93	inactive
R4A_0003320_001	SPE_K20079257	-0.144545069	inactive	N	SPE_K20079257	Rufinamide (Banzel)	-3.93	inactive
R4A_0001326_001	SPE_K44004064	-0.109296718	inactive	N	SPE_K44004064	acefylline	-4.41	inactive
R4A_0004710_001	SPE_K99107520	-0.048338663	inactive	N	SPE_K99107520	felbamate	-2.04	inactive
R4A_0002255_001	SPE_A28887267	-0.031523739	inactive	N	SPE_A28887267	PROXYPHYLLINE	4.07	inactive
R4A_0002425_001	SPE_A94965935	0.024332601	inactive	N	SPE_A94965935	cicloprofen	-1.32	inactive
R4A_0004801_001	SPE_K63504947	0.036547547	inactive	N	SPE_K63504947	semaxanib	-1.96	inactive
R4A_0001730_001	SPE_A71765060	0.026496814	inactive	N	SPE_A71765060	picartamide	-5.51	inactive
R4A_0001644_001	SPE_A49947412	-0.05829986	inactive	N	SPE_A49947412	"3,4-DCPG-(+/-)"	-2.14	inactive
R4A_0001644_002	SPE_K06204668	-0.048377973	inactive	N	SPE_K06204668	"3,4-DCPG-(R)"	-2.09	inactive
R4A_0001644_003	SPE_K86305586	0.006644486	inactive	N	SPE_K86305586	"3,4-DCPG-(S)"	-0.83	inactive
R4A_0004392_001	SPE_A79643124	-0.056735626	inactive	N	SPE_A79643124	flosequinan	0.88	inactive
R4A_0004088_001	SPE_K82259334	0.008316197	inactive	N	SPE_K82259334	methyldopate	-8.9	inactive
R4A_0001147_001	SPE_A27143604	-0.040416866	inactive	N	SPE_A27143604	diarylpropionitrile	-1.76	inactive
R4A_0004338_001	SPE_K90629600	-0.07584421	inactive	N	SPE_K90629600	emorfazone	-3.66	inactive
R4A_0002317_001	SPE_A51747092	-0.019406184	inactive	N	SPE_A51747092	Moprolol	-4.9	inactive
R4A_0002761_001	SPE_A88254928	-0.027088192	inactive	N	SPE_A88254928	ALBUTEROL	-2.76	inactive
R4A_0002761_002	SPE_K34469523	-0.066073228	inactive	N	SPE_K34469523	Levalbuterol hydrochloride	-3.42	inactive
R4A_0003115_001	SPE_K33459542	-0.027632463	inactive	N	SPE_K33459542	ditolylguanidine	3.35	inactive
R4A_0005067_001	SPE_A29644307	-0.084950821	inactive	N	SPE_A29644307	Nomifensine	0.64	inactive
R4A_0003437_001	SPE_K10065684	-0.03411625	inactive	N	SPE_K10065684	DANTHRON	-4.59	inactive
R4A_0000796_001	SPE_K22064724	-0.028278645	inactive	N	SPE_K22064724	Napabucasin	-0.05	inactive
R4A_0002850_001	SPE_K63151507	-0.014245897	inactive	N	SPE_K63151507	MNITMT	-0.51	inactive
R4A_0002527_001	SPE_K77911775	-0.049274369	inactive	N	SPE_K77911775	ADX-10059	-8.54	inactive
R4A_0002309_001					SPE_A15397381	L-Cystine	-0.38	inactive
R4A_0001549_001	SPE_K48173020	-0.055577117	inactive	N	SPE_K48173020	ameltolide	-1.86	inactive
R4A_0000791_001	SPE_K26657438	-0.054912434	inactive	N	SPE_K26657438	IMIQUIMOD HYDROCHLORIDE	1.88	inactive
R4A_0001503_001	SPE_A24587114	0.011626387	inactive	N	SPE_A24587114	ISOETHARINE MESYLATE	19.22	inactive
R4A_0005186_001	SPE_K83354763	0.01085077	inactive	N	SPE_K83354763	JSH-23	-2.41	inactive
R4A_0002257_001	SPE_K92490248	-0.009682198	inactive	N	SPE_K92490248	Anethole (trithione)	-2.06	inactive
R4A_0000977_001	SPE_K36982194	-0.055625788	inactive	N	SPE_K36982194	oxacyclohexadecan-2-one	-5.89	inactive
R4A_0002825_001	SPE_K35114608	-0.033265482	inactive	N	SPE_K35114608	1-hexadecanal	-3.07	inactive
R4A_0005015_001	SPE_K44942604	-0.124237787	inactive	N	SPE_K44942604	pentolinium	1.88	inactive
R4A_0002209_001					SPE_K29254801	THIRAM	-1.49	inactive
R4A_0002810_001	SPE_A93477898	-0.034615164	inactive	N	SPE_A93477898	PETCM	2.48	inactive
R4A_0004026_001	SPE_A05186015	-0.104660913	inactive	N	SPE_A05186015	BUPROPION	4.52	inactive
R4A_0001201_001	SPE_A31521121	-0.059171593	inactive	N	SPE_A31521121	METHOCARBAMOL	-2.74	inactive
R4A_0000251_001					SPE_K68567222	BVT-948	-3.23	inactive
R4A_0003553_001	SPE_K94883909	-0.131528654	inactive	N	SPE_K94883909	SU9516	-0.89	inactive
R4A_0000991_001	SPE_K36859431	-0.013497941	inactive	N	SPE_K36859431	sapropterin	-0.69	inactive
R4A_0002187_001	SPE_K92041145	-0.034102271	inactive	N	SPE_K92041145	O6-Benzylguanine	-2.86	inactive
R4A_0001406_001	SPE_K91422571	0.006511807	inactive	N	SPE_K91422571	tromaril	-4.6	inactive
R4A_0001545_001	SPE_K92778217	-0.029352408	inactive	N	SPE_K92778217	MEFENAMIC ACID	-1.77	inactive
R4A_0000124_001	SPE_K24771047	-0.036895053	inactive	N	SPE_K24771047	Ampalex	-1.43	inactive
R4A_0001736_001					SPE_A72603112	thiopental	0.1	inactive
R4A_0001641_001	SPE_A23072235	-0.048744189	inactive	N	SPE_A23072235	PHENIRAMINE MALEATE	-3.41	inactive
R4A_0004755_001	SPE_K77771411	-0.030278302	inactive	N	SPE_K77771411	moxonidine	-1.91	inactive
R4A_0001240_001	SPE_A44188509	-0.093164948	inactive	N	SPE_A44188509	AZD1446	0.39	inactive
R4A_0002794_001	SPE_K24689407	-0.014733971	inactive	N	SPE_K24689407	3-bromo-7-nitroindazole	-2.56	inactive
R4A_0003092_001	SPE_K59986511	-0.131857175	inactive	N	SPE_K59986511	BENZOYL PEROXIDE	-9.46	inactive
R4A_0001696_001	SPE_K15976406	-0.103500049	inactive	N	SPE_K15976406	"Telbivudine (Sebivo, Tyzeka)"	-4.57	inactive
R4A_0003694_001	SPE_A81129465	0.051726981	inactive	N	SPE_A81129465	FENOPROFEN	-1.09	inactive
R4A_0002581_001					SPE_K18613660	MEXENEONE	-5.75	inactive
R4A_0003655_001	SPE_K28061410	-0.123188136	inactive	N	SPE_K28061410	??-Lapachone	-1.72	inactive
R4A_0000033_001	SPE_K54847683	-0.126719571	inactive	N	SPE_K54847683	Equol	-8.37	inactive
R4A_0005460_001	SPE_K45888792	-0.039868837	inactive	N	SPE_K45888792	(-)-Huperzine A	-2.16	inactive
R4A_0000214_001	SPE_K24864897	-0.168072386	inactive	N	SPE_K24864897	JNJ-26990990	3.3	inactive
R4A_0001050_001	SPE_K05919151	0.002553233	inactive	N	SPE_K05919151	Dixanthogen	-5.5	inactive
R4A_0000464_001	SPE_K37203094	0.015234317	inactive	N	SPE_K37203094	1-Hexadecanol	-6.99	inactive
R4A_0003570_001	SPE_K11973162	0.371055817	inactive	N	SPE_K11973162	Tipiracil (hydrochloride)	-1.92	inactive
R4A_0000023_001					SPE_K72542090	Clodronate Disodium	-2.27	inactive
R4A_0004241_001					SPE_K33106058	CYTARABINE	2.35	inactive
R4A_0005169_001	SPE_K84698278	-0.11070705	inactive	N	SPE_K84698278	Agomelatine	-3.76	inactive
R4A_0002112_001	SPE_K00656370	-0.048321826	inactive	N	SPE_K00656370	6-aminochrysene	-0.54	inactive
R4A_0004988_001					SPE_K08255599	frovatriptan	-6.83	inactive
R4A_0004822_001	SPE_K07954936	-0.03447125	inactive	N	SPE_K07954936	2-Iminobiotin	-5.63	inactive
R4A_0001692_001	SPE_K90027121	-0.170194432	inactive	N	SPE_K90027121	AMPROLIUM	-2.82	inactive
R4A_0001871_001	SPE_K11558771	0.075370347	inactive	N	SPE_K11558771	Droxinostat	-3.77	inactive
R4A_0000818_001	SPE_K13050303	-0.137970751	inactive	N	SPE_K13050303	Uridine	-9.17	inactive
R4A_0002858_001	SPE_K55026842	-0.122704595	inactive	N	SPE_K55026842	AZACITIDINE	16.82	inactive
R4A_0001760_001	SPE_K94397152	-0.011401751	inactive	N	SPE_K94397152	RIBAVIRIN	-3.24	inactive
R4A_0004331_001	SPE_K42500029	0.023950416	inactive	N	SPE_K42500029	CGP-57380	-1.75	inactive
R4A_0005290_001					SPE_K82002057	DFB	0.14	inactive
R4A_0002538_001	SPE_K22193694	-0.026394697	inactive	N	SPE_K22193694	DIOXYBENZONE	-3.03	inactive
R4A_0000507_001	SPE_K91509126	0.092349051	inactive	N	SPE_K91509126	piceatannol	-1.23	inactive
R4A_0004113_001	SPE_A86044036	0.025952253	inactive	N	SPE_A86044036	flurbiprofen-(+/-)	0.44	inactive
R4A_0004113_002	SPE_K69907333	-0.11885142	inactive	N	SPE_K69907333	Flurbiprofen	-2.74	inactive
R4A_0004113_003	SPE_K75410565	-0.000106017	inactive	N	SPE_K75410565	flurizan	-1.34	inactive
R4A_0004365_001	SPE_K44442813	-0.099563667	inactive	N	SPE_K44442813	PIDOTIMOD	-3.91	inactive
R4A_0001609_001	SPE_K84266862	-0.034304834	inactive	N	SPE_K84266862	BRL-50481	-2.23	inactive
R4A_0002503_001	SPE_K78294846	-0.042104479	inactive	N	SPE_K78294846	Osthole (Osthol)	-1.25	inactive
R4A_0002884_001	SPE_A54880345	-0.104914075	inactive	N	SPE_A54880345	ETOMIDATE	-4.52	inactive
R4A_0001686_001	SPE_K56912469	-0.056605157	inactive	N	SPE_K56912469	SAR407899 (hydrochloride)	-2.35	inactive
R4A_0001912_001					SPE_K12737986	ABT-888 (Veliparib)	-1.53	inactive
R4A_0005107_001					SPE_K95496960	BIOTIN	-4.26	inactive
R4A_0001489_001	SPE_K08356259	0.081961857	inactive	N	SPE_K08356259	XYLOMETAZOLINE HYDROCHLORIDE	15.01	inactive
R4A_0005463_001	SPE_K75385383	-0.08581766	inactive	N	SPE_K75385383	DIPT	6.36	inactive
R4A_0002350_001	SPE_A07164067	-0.058342437	inactive	N	SPE_A07164067	HOKU-81	-2.23	inactive
R4A_0001600_001	SPE_K38911213	-0.06097593	inactive	N	SPE_K38911213	apraclonidine	-1.25	inactive
R4A_0001595_001	SPE_K18157228	-0.079394402	inactive	N	SPE_K18157228	5-Fluoro-2'-deoxycytidine	1.64	inactive
R4A_0001846_001	SPE_A53134341	-0.052678059	inactive	N	SPE_A53134341	Ro-106-9920	4.16	inactive
R4A_0005184_001	SPE_A43082555	-0.045089553	inactive	N	SPE_A43082555	LOXOPROFEN	0.43	inactive
R4A_0004383_001	SPE_A10903566	0.022069346	inactive	N	SPE_A10903566	imiloxan	-1.64	inactive
R4A_0003363_001	SPE_K62971431	-0.034160556	inactive	N	SPE_K62971431	Tasimelteon	-5.55	inactive
R4A_0001588_001					SPE_K42596464	OXOLAMINE CITRATE	3.95	inactive
R4A_0003218_001					SPE_K79633074	xilobam	-2.86	inactive
R4A_0001402_001					SPE_K47690382	bipenamol	8.83	inactive
R4A_0003994_001	SPE_A39230911	-0.084415526	inactive	N	SPE_A39230911	chlorphensin-carbamate	0.94	inactive
R4A_0001672_001	SPE_K32830106	-0.187068536	inactive	N	SPE_K32830106	GUANFACINE HYDROCHLORIDE	3.49	inactive
R4A_0005494_001					SPE_A68537732	DOXIFLURIDINE	-4.17	inactive
R4A_0002996_001					SPE_K73088654	FLOXURIDINE	-11.2	inactive
R4A_0000601_001	SPE_K28121004	-0.047743032	inactive	N	SPE_K28121004	N-acetylglycyl-D-glutamic-acid	-1.79	inactive
R4A_0000588_001	SPE_K23204545	0.035810216	inactive	N	SPE_K23204545	BUSULFAN	-2.03	inactive
R4A_0004369_001	SPE_K62734952	0.071433263	inactive	N	SPE_K62734952	Arglabin	2.15	inactive
R4A_0002802_001	SPE_K65678996	-0.040060053	inactive	N	SPE_K65678996	NEFIRACETAM	1.22	inactive
R4A_0004442_001	SPE_K37846922	-0.122180913	inactive	N	SPE_K37846922	Diindolylmethane	-4.8	inactive
R4A_0000006_001	SPE_K66845263	-0.054699827	inactive	N	SPE_K66845263	sophocarpine	-2.58	inactive
R4A_0004129_001	SPE_K13261168	0.022120275	inactive	N	SPE_K13261168	"LY-163,502?2HCl"	1.65	inactive
R4A_0001033_001	SPE_A27732521	-0.00049514	inactive	N	SPE_A27732521	TOLPERISONE HYDROCHLORIDE	-4.52	inactive
R4A_0001047_001					SPE_K56707426	Nitarsone	-5.95	inactive
R4A_0002811_001					SPE_K50712474	MC-1	-4.81	inactive
R4A_0001066_001					SPE_A05729358	CPCCOEt	0.73	inactive
R4A_0004996_001	SPE_K61452026	-0.107840725	inactive	N	SPE_K61452026	Emtricitabine	-4.15	inactive
R4A_0001388_001	SPE_K89125793	-0.089118995	inactive	N	SPE_K89125793	TINIDAZOLE	-5.29	inactive
R4A_0005216_001					SPE_M17926088	FPA-124	-1.79	inactive
R4A_0005223_001	SPE_K02407574	-0.115831529	inactive	N	SPE_K02407574	parbendazole	-1.87	inactive
R4A_0002703_001	SPE_K20976221	-0.194758674	inactive	N	SPE_K20976221	NU-2058	-3.64	inactive
R4A_0001780_001					SPE_K44084986	Y-27632	-1.53	inactive
R4A_0001674_001	SPE_A03216249	-0.054959362	inactive	N	SPE_A03216249	MEPIVACAINE HYDROCHLORIDE	1	inactive
R4A_0001158_001	SPE_A15202882	0.069116119	inactive	N	SPE_A15202882	MILNACIPRAN HYDROCHLORIDE	-0.03	inactive
R4A_0001052_001					SPE_K13281575	SEMUSTINE	15.29	inactive
R4A_0003040_001					SPE_K75527158	ALENDRONATE SODIUM TRIHYDRATE	0.52	inactive
R4A_0003781_001	SPE_K71696703	-0.115877838	inactive	N	SPE_K71696703	Triflusal	-2.73	inactive
R4A_0004208_001	SPE_A86248581	-0.081130952	inactive	N	SPE_A86248581	tetrahydrouridine	-8.11	inactive
R4A_0004523_001	SPE_K76973696	-0.020671536	inactive	N	SPE_K76973696	Tryptanthrin	-1.15	inactive
R4A_0001362_001	SPE_K40176866	-0.075371652	inactive	N	SPE_K40176866	NS-9283	-5.61	inactive
R4A_0004198_001	SPE_K77561571	-0.051301875	inactive	N	SPE_K77561571	Topiroxostat	-1.96	inactive
R4A_0003483_001	SPE_A05515753	-0.053115914	inactive	N	SPE_A05515753	ERDOSTEINE	-1.76	inactive
R4A_0005398_001	SPE_K21152241	0.054124515	inactive	N	SPE_K21152241	enoximone	-1.45	inactive
R4A_0002644_001	SPE_K62363391	-0.080172134	inactive	N	SPE_K62363391	DAPSONE	3.12	inactive
R4A_0002204_001	SPE_K28120222	-0.070276276	inactive	N	SPE_K28120222	parthenolide-(alternate-stereo)	-3.04	inactive
R4A_0002038_001	SPE_A97701745	-0.019638167	inactive	N	SPE_A97701745	PINDOLOL	-1.97	inactive
R4A_0002038_002	SPE_K95598440	-0.058244188	inactive	N	SPE_K95598440	pindolol-(-)	-11.51	inactive
R4A_0002024_001					SPE_A92826379		-11.14	inactive
R4A_0005465_001					SPE_K25312248	Matrine ((+)-Matrine)	-5.82	inactive
R4A_0000373_001	SPE_A18795974	-0.090327544	inactive	N	SPE_A18795974	7-hydroxy-DPAT	13.42	inactive
R4A_0000179_001	SPE_A48015106	-0.099909507	inactive	N	SPE_A48015106	8-hydroxy-DPAT	1.02	inactive
R4A_0003960_001					SPE_K11576103	benzyldimethyloctylammonium	-1.9	inactive
R4A_0001049_001	SPE_A73908300	-0.096413945	inactive	N	SPE_A73908300	EX 527	-0.07	inactive
R4A_0004715_001	SPE_K88429204	-0.117071384	inactive	N	SPE_K88429204	PYRIMETHAMINE	-1.87	inactive
R4A_0000320_001	SPE_K70327191	0.029145977	inactive	N	SPE_K70327191	BENZOXIQUINE	2.08	inactive
R4A_0005242_001	SPE_K72915123	-0.058839133	inactive	N	SPE_K72915123	CINCHOPHEN	-2.23	inactive
R4A_0003668_001	SPE_K52075715	-0.079160682	inactive	N	SPE_K52075715	OXIBENDAZOLE	-2.44	inactive
R4A_0001182_001	SPE_A17846016	0.017131222	inactive	N	SPE_A17846016	Trolox	-2.19	inactive
R4A_0001111_001	SPE_K41406082	0.00736551	inactive	N	SPE_K41406082	SULFAPYRIDINE	-0.56	inactive
R4A_0005198_001	SPE_K38797369	0.034354828	inactive	N	SPE_K38797369	PD-128907	-3.86	inactive
R4A_0004683_001	SPE_A98990573	0.046777504	inactive	N	SPE_A98990573	Epinastine HCl	0.56	inactive
R4A_0004456_001	SPE_K48684885	-0.024282424	inactive	N	SPE_K48684885	BAY-11-7085	-2.64	inactive
R4A_0000314_001	SPE_K97072811	-0.012399756	inactive	N	SPE_K97072811	TG003	-4.89	inactive
R4A_0001997_001	SPE_A93683007	-0.027506063	inactive	N	SPE_A93683007	mabuprofen	-2.07	inactive
R4A_0004093_001	SPE_K49460120	0.064320647	inactive	N	SPE_K49460120	10058-F4	0.78	inactive
R4A_0001358_001	SPE_K60060639	-0.060647151	inactive	N	SPE_K60060639	N-methyllidocaine-iodide	-1.87	inactive
R4A_0002029_001	SPE_A24122750	-0.012070011	inactive	N	SPE_A24122750	saclofen	-0.91	inactive
R4A_0004604_001	SPE_K45163704	-0.14950098	inactive	N	SPE_K45163704	midafotel	-1.39	inactive
R4A_0001499_001	SPE_K22031190	-0.079710773	inactive	N	SPE_K22031190	DIFLUNISAL	-2.89	inactive
R4A_0001933_001	SPE_K20745393	-0.043371244	inactive	N	SPE_K20745393	Olprinone (Hydrochloride)	-2.55	inactive
R4A_0003935_001	SPE_K32273377	-0.061466583	inactive	N	SPE_K32273377	SULFADIAZINE	-3.05	inactive
R4A_0004510_001	SPE_K68232650	-0.089234954	inactive	N	SPE_K68232650	Lacosamide	-4.4	inactive
R4A_0001347_001	SPE_K11129031	-0.058055889	inactive	N	SPE_K11129031	GEMFIBROZIL	-3.41	inactive
R4A_0005026_001	SPE_K10706131	0.005531191	inactive	N	SPE_K10706131	RIVASTIGMINE TARTRATE	1.78	inactive
R4A_0002416_001	SPE_K73073971	0.095860664	inactive	N	SPE_K73073971	ZLN005	1.03	inactive
R4A_0003219_001					SPE_A00993607	ALPRENOLOL HYDROCHLORIDE	12.14	inactive
R4A_0001660_001	SPE_K35504063	-0.069713347	inactive	N	SPE_K35504063	Sclareolide (Norambreinolide)	1.48	inactive
R4A_0004380_001	SPE_K80060353	-0.052530572	inactive	N	SPE_K80060353	IEM 1754 dihydrobroMide	16.77	inactive
R4A_0004348_001	SPE_K43230258	-0.048317559	inactive	N	SPE_K43230258	Crisaborole	-2.68	inactive
R4A_0003022_001	SPE_K65428967	-0.103728596	inactive	N	SPE_K65428967	cordycepin	-8.96	inactive
R4A_0000643_001					SPE_K55930204	PHENYTOIN SODIUM	-1.89	inactive
R4A_0004293_001	SPE_K60102752	-0.038886001	inactive	N	SPE_K60102752	Alibendol	-1.23	inactive
R4A_0001583_001	SPE_K26997899	-0.125259438	inactive	N	SPE_K26997899	D-64131	3.11	inactive
R4A_0000724_001					SPE_K03294269	NU6027	-4.05	inactive
R4A_0004767_001	SPE_A68304895	0.634600208	active	Y	SPE_A68304895	BTS-54505	9.43	inactive
R4A_0001593_001					SPE_K10180294	uracil-mustard	8.76	inactive
R4A_0003865_001	SPE_K64400208	-0.039868147	inactive	N	SPE_K64400208	DNQX	-2.1	inactive
R4A_0004739_001					SPE_K08748705	tretazicar	2.87	inactive
R4A_0000623_001	SPE_A60832661	-0.002845978	inactive	N	SPE_A60832661	CPP	-1.3	inactive
R4A_0004460_001					SPE_K55529781	furegrelate	-0.95	inactive
R4A_0005003_001	SPE_K47458712	-0.112210807	inactive	N	SPE_K47458712	ANISINDIONE	-7.25	inactive
R4A_0005093_001					SPE_K08837089	ACTINOQUINOL SODIUM	-2.55	inactive
R4A_0000616_001	SPE_K04196797	-0.069208119	inactive	N	SPE_K04196797	OXCARBAZEPINE	11.45	inactive
R4A_0000443_001	SPE_K61665160	-0.054227344	inactive	N	SPE_K61665160	BYK-204165	-1.64	inactive
R4A_0000151_001	SPE_K34157611	6.4933E-05	inactive	N	SPE_K34157611	CIMETIDINE	-2.74	inactive
R4A_0002558_001	SPE_K97360717	-0.006283737	inactive	N	SPE_K97360717	N-oxydiethylenebenzothiazole-2-sulfenamide	-2.03	inactive
R4A_0003761_001	SPE_A21446384	-0.03837193	inactive	N	SPE_A21446384	xibenolol	19.8	inactive
R4A_0004693_001					SPE_A19777893	menadione-bisulfite	-0.84	inactive
R4A_0004309_001	SPE_K97939847	-0.141888031	inactive	N	SPE_K97939847	cridanimod	-3.33	inactive
R4A_0001918_001	SPE_K47780086	-0.073927366	inactive	N	SPE_K47780086	PENCICLOVIR	3.08	inactive
R4A_0000996_001	SPE_K92049597	-0.015806179	inactive	N	SPE_K92049597	TRIAMTERENE	-1.84	inactive
R4A_0001894_001	SPE_K28494619	-0.067350833	inactive	N	SPE_K28494619	SULFAMETHOXAZOLE	-1.62	inactive
R4A_0003509_001	SPE_K53849769	-0.055295743	inactive	N	SPE_K53849769	O4I1	-6.9	inactive
R4A_0000540_001	SPE_K24715592	0.081464942	inactive	N	SPE_K24715592	ETHACRIDINE LACTATE	-10.8	inactive
R4A_0002356_001	SPE_A56012032	-0.079313708	inactive	N	SPE_A56012032	Thiorphan	-1.4	inactive
R4A_0004769_001	SPE_K26502378	-0.090172095	inactive	N	SPE_K26502378	VANITIOLIDE	-1.12	inactive
R4A_0003725_001	SPE_A78877355	0.068701269	inactive	N	SPE_A78877355	NEFOPAM	2.33	inactive
R4A_0004904_001	SPE_K06335600	-0.088454415	inactive	N	SPE_K06335600	tizanidine	0.86	inactive
R4A_0004066_001	SPE_K28183345	-0.054475654	inactive	N	SPE_K28183345	CHLOROGUANIDE HYDROCHLORIDE	-3.81	inactive
R4A_0002289_001	SPE_K66241279	-0.040551419	inactive	N	SPE_K66241279	CINROMIDE	-3.03	inactive
R4A_0003838_001	SPE_K22861715	-0.009834887	inactive	N	SPE_K22861715	Chrysin	-1.68	inactive
R4A_0005451_001	SPE_K42095107	-0.060606347	inactive	N	SPE_K42095107	daidzein	-1.52	inactive
R4A_0002412_001	SPE_K59284035	-0.034610401	inactive	N	SPE_K59284035	Chrysophanic acid (Chrysophanol)	-2.68	inactive
R4A_0002188_001	SPE_A00827783	0.016150298	inactive	N	SPE_A00827783	DYPHYLLINE	-0.79	inactive
R4A_0004310_001	SPE_K46392623	-0.023246065	inactive	N	SPE_K46392623	TG 100713	1.91	inactive
R4A_0003208_001	SPE_A40639672	-0.135959391	inactive	N	SPE_A40639672	KETOROLAC TROMETHAMINE	-4.44	inactive
R4A_0004035_001					SPE_K82122102	Amfenac Sodium (monohydrate)	-2.23	inactive
R4A_0000757_001	SPE_A97739905	0.045746934	inactive	N	SPE_A97739905	KETOPROFEN	-3.44	inactive
R4A_0005436_001	SPE_K12513978	0.023623913	inactive	N	SPE_K12513978	FENBUFEN	-3.66	inactive
R4A_0003362_001	SPE_A79981887	0.080188522	inactive	N	SPE_A79981887	MIDODRINE HYDROCHLORIDE	-1.58	inactive
R4A_0000382_001	SPE_A22642447	-0.013627231	inactive	N	SPE_A22642447	licarbazepine	-1.17	inactive
R4A_0003461_001	SPE_K04112579	-0.020917536	inactive	N	SPE_K04112579	Nepafenac	-4.4	inactive
R4A_0004813_001	SPE_A67521319	-0.099520515	inactive	N	SPE_A67521319	pimonidazole	-2.43	inactive
R4A_0003635_001	SPE_K18573821	-0.078198774	inactive	N	SPE_K18573821	PAOPA	0.41	inactive
R4A_0001348_001	SPE_A55464252	-0.031528578	inactive	N	SPE_A55464252	3-(4-Methylbenzylidene)camphor	-2.21	inactive
R4A_0001105_001	SPE_K46989997	-0.072291771	inactive	N	SPE_K46989997	"2-(chloromethyl)-5,6,7,8-tetrahydro[1]benzothieno[2,3-d]pyrimidin-4(3H)-one"	-2.42	inactive
R4A_0005158_001	SPE_K87386013	-0.095527226	inactive	N	SPE_K87386013	"2-(2,5-Dioxopyrrolidin-1-Yl)Ethyl Methyl Fumarate"	-4.7	inactive
R4A_0001100_001	SPE_K35498378	-0.002635162	inactive	N	SPE_K35498378	ALRESTATIN	-2.4	inactive
R4A_0001707_001	SPE_K22662435	0.008764596	inactive	N	SPE_K22662435	GANCICLOVIR HYDRATE	1.51	inactive
R4A_0004139_001	SPE_A64610707	-0.137143715	inactive	N	SPE_A64610707	Pranoprofen	-4.04	inactive
R4A_0002316_001					SPE_K83036479	ACETYLSALICYLANILIDE	-0.15	inactive
R4A_0001981_001	SPE_A88548664	-0.076061656	inactive	N	SPE_A88548664	SKF-38393	-1.04	inactive
R4A_0001915_001	SPE_K14705039	-0.025132684	inactive	N	SPE_K14705039	SULFATHIAZOLE	-3.89	inactive
R4A_0003354_001	SPE_K13566078	0.041073647	inactive	N	SPE_K13566078	BMS-345541	38.84	inactive
R4A_0004712_001	SPE_A64319165	-0.074935976	inactive	N	SPE_A64319165	SN-2	-1.19	inactive
R4A_0005525_001	SPE_K47278471	0.065389712	inactive	N	SPE_K47278471	DIPHENHYDRAMINE HYDROCHLORIDE	7.41	inactive
R4A_0004229_001	SPE_K57033106	0.000774483	inactive	N	SPE_K57033106	TRIPELENNAMINE CITRATE	3.36	inactive
R4A_0000610_001	SPE_A73566563	-0.04447877	inactive	N	SPE_A73566563	tiprenolol	0.09	inactive
R4A_0002052_001	SPE_K29812331	-0.005826579	inactive	N	SPE_K29812331	dimemorfan	3.88	inactive
R4A_0005273_001	SPE_K76609936	-0.016722923	inactive	N	SPE_K76609936	Imidacloprid	-8.38	inactive
R4A_0003687_001	SPE_K13394247	-0.060640344	inactive	N	SPE_K13394247	Radafaxine (hydrochloride)	-1.66	inactive
R4A_0003148_001	SPE_K62200014	-0.076616454	inactive	N	SPE_K62200014	ANAGRELIDE HYDROCHLORIDE	-4.32	inactive
R4A_0000182_001	SPE_K74195153	-0.018351771	inactive	N	SPE_K74195153	irsogladine	-2	inactive
R4A_0003416_001	SPE_K93460210	-0.117166262	inactive	N	SPE_K93460210	LAMOTRIGINE	-2.56	inactive
R4A_0000860_001	SPE_K33583600	-0.00449071	inactive	N	SPE_K33583600	Isoliquiritigenin	-6.35	inactive
R4A_0001045_001	SPE_K34328244	-0.11505469	inactive	N	SPE_K34328244	Liquiritigenin	-4.3	inactive
R4A_0004337_001					SPE_K94689771	Pinocembrin	-6.76	inactive
R4A_0003477_001					SPE_K86892782	EDOXUDINE	-8.77	inactive
R4A_0003082_001					SPE_K78496197	SCS	-3.15	inactive
R4A_0004320_001					SPE_K82562631	TOLMETIN SODIUM	-3.18	inactive
R4A_0004480_001					SPE_K53097745	Pterostilbene	11.88	inactive
R4A_0002888_001	SPE_A72297358	-0.023362148	inactive	N	SPE_A72297358	ozolinone	-8.42	inactive
R4A_0000210_001	SPE_K47878171	0.027336027	inactive	N	SPE_K47878171	BEPHENIUM HYDROXYNAPTHOATE	5.42	inactive
R4A_0002319_001	SPE_K09785578	-0.122721174	inactive	N	SPE_K09785578	Bakuchiol	-1.73	inactive
R4A_0002833_001	SPE_K61802864	-0.017792002	inactive	N	SPE_K61802864	CHLORINDIONE	1.02	inactive
R4A_0004728_001	SPE_K60443845	-0.043032741	inactive	N	SPE_K60443845	CHLORMIDAZOLE	-2.71	inactive
R4A_0002221_001	SPE_A43809092	-0.086884225	inactive	N	SPE_A43809092	clobutinol	8.83	inactive
R4A_0003530_001					SPE_K66213167	RX-3117	0.33	inactive
R4A_0004079_001	SPE_A72390365	-0.06703118	inactive	N	SPE_A72390365	sn-Glycero-3-phosphocholine	0.5	inactive
R4A_0001202_001	SPE_K20431737	-0.033498491	inactive	N	SPE_K20431737	BENZOYLPAS	3.46	inactive
R4A_0000388_001	SPE_A61194565	0.178836078	inactive	N	SPE_A61194565	BENSERAZIDE HYDROCHLORIDE	0.53	inactive
R4A_0003329_001	SPE_A66966115	-0.011010675	inactive	N	SPE_A66966115	"NM107, 2'-C-methylcytidine"	-5.94	inactive
R4A_0000133_001	SPE_K11630072	0.08766002	inactive	N	SPE_K11630072	CARMOFUR	16.14	inactive
R4A_0004180_001	SPE_K24443618	-0.05933974	inactive	N	SPE_K24443618	ETEBENECID	3.91	inactive
R4A_0002239_001	SPE_K33860217	0.023296365	inactive	N	SPE_K33860217	CP-94253	4.69	inactive
R4A_0001788_001	SPE_K18678457	-0.053789174	inactive	N	SPE_K18678457	ZD-7288	2.05	inactive
R4A_0003975_001	SPE_A12633378	0.055289497	inactive	N	SPE_A12633378	ML-213	-9.32	inactive
R4A_0005084_001	SPE_K10314788	-0.083274026	inactive	N	SPE_K10314788	MECLOFENOXATE HYDROCHLORIDE	-9.35	inactive
R4A_0002834_001	SPE_A95802703	0.045888663	inactive	N	SPE_A95802703	1-(2-chloro-5-methylphenoxy)-3-(isopropylamino)-2-propanol	21.7	inactive
R4A_0000309_001	SPE_K60287130	-0.02412306	inactive	N	SPE_K60287130	"5,7-dichlorokynurenic-acid"	-1.66	inactive
R4A_0004816_001	SPE_K48892307	-0.115972486	inactive	N	SPE_K48892307	SALSALATE	-2.04	inactive
R4A_0004218_001	SPE_A93255169	-0.050668	inactive	N	SPE_A93255169	thalidomide	-9.75	inactive
R4A_0003841_001	SPE_K53448858	0.040175751	inactive	N	SPE_K53448858	AICAR (Acadesine)	-3.54	inactive
R4A_0000947_001					SPE_K53852914	MENBUTONE	-7.01	inactive
R4A_0003168_001	SPE_K18131774	-0.021598714	inactive	N	SPE_K18131774	ETHOXZOLAMIDE	6.44	inactive
R4A_0000094_001	SPE_K81136890	0.052674364	inactive	N	SPE_K81136890	Leu-Leu-OMe?HCl	-1.49	inactive
R4A_0002323_001	SPE_A47364545	-0.017130731	inactive	N	SPE_A47364545	SK&F-10047-(+)	-0.02	inactive
R4A_0003260_001	SPE_K04603573	0.052567999	inactive	N	SPE_K04603573	"1,12-Besm"	-2.17	inactive
R4A_0002674_001	SPE_K49783248	-0.053497386	inactive	N	SPE_K49783248	DECAMETHONIUM BROMIDE	2.31	inactive
R4A_0003996_001					SPE_M67659203	PAMABROM	3.28	inactive
R4A_0002195_001	SPE_A02990301	-0.010845164	inactive	N	SPE_A02990301	LOFEXIDINE  HYDROCHLORIDE	3.59	inactive
R4A_0001550_001	SPE_K88061624	0.000876366	inactive	N	SPE_K88061624	Mizoribine (Bredinin)	-4.37	inactive
R4A_0002957_001	SPE_K07798980	-0.074103407	inactive	N	SPE_K07798980	PSI-6130	-1.58	inactive
R4A_0002516_001	SPE_A34006693	-0.141078723	inactive	N	SPE_A34006693	Suprofen (Profenal)	-0.4	inactive
R4A_0000365_001					SPE_K43873574	ilepcimide	-6.45	inactive
R4A_0004158_001	SPE_A36318220	-0.040983064	inactive	N	SPE_A36318220	necrostatin-1	-3.91	inactive
R4A_0005182_001	SPE_K28761891	-0.0703611	inactive	N	SPE_K28761891	RAMELTEON	1.73	inactive
R4A_0001671_001	SPE_A55913614	-0.099825015	inactive	N	SPE_A55913614	PRIMAQUINE PHOSPHATE	1.37	inactive
R4A_0005232_001	SPE_K14765469	-0.010632411	inactive	N	SPE_K14765469	vesamicol	-4.38	inactive
R4A_0000160_001	SPE_A67975844	-0.067490485	inactive	N	SPE_A67975844	NSC-405020	-0.37	inactive
R4A_0000275_001					SPE_K04643877	perzinfotel	-5.15	inactive
R4A_0001087_001					SPE_K18948558	Clevudine (Levovir)	5.41	inactive
R4A_0002254_001					SPE_K73394555	OXOLINIC ACID	-4.34	inactive
R4A_0001469_001	SPE_K80353807	0.377721189	inactive	N	SPE_K80353807	KHELLIN	0.72	inactive
R4A_0000620_001	SPE_K56156805	-0.07430729	inactive	N	SPE_K56156805	Benznidazole	0.3	inactive
R4A_0004266_001	SPE_K95573441	0.012305956	inactive	N	SPE_K95573441	PFK-015	-10	inactive
R4A_0002287_001	SPE_K97464279	-0.116095449	inactive	N	SPE_K97464279	DIAVERIDINE	-5.91	inactive
R4A_0002361_001	SPE_K99174507	-0.120338576	inactive	N	SPE_K99174507	cardiogenol-c	-0.65	inactive
R4A_0001248_001					SPE_A72988804	tiaprofenic-acid	-1.57	inactive
R4A_0003029_001	SPE_A99939097	0.020757589	inactive	N	SPE_A99939097	CARISOPRODOL	-1.53	inactive
R4A_0001053_001	SPE_K26739552	0.083277072	inactive	N	SPE_K26739552	FENSPIRIDE HYDROCHLORIDE	-1.69	inactive
R4A_0000150_001	SPE_A10070317	0.252603553	inactive	N	SPE_A10070317	PROPRANOLOL HYDROCHLORIDE (+/-)	25.52	inactive
R4A_0004244_001	SPE_K15933101	0.021743488	inactive	N	SPE_K15933101	Ropinirole HCl	5.76	inactive
R4A_0004841_001	SPE_K16195444	0.008830696	inactive	N	SPE_K16195444	OXYMETAZOLINE HYDROCHLORIDE	-4.13	inactive
R4A_0003750_001	SPE_K90727284	-0.006567461	inactive	N	SPE_K90727284	pincainide	-0.91	inactive
R4A_0004049_001	SPE_A04252265	-0.040464147	inactive	N	SPE_A04252265	Eperisone HCl	4.16	inactive
R4A_0000573_001	SPE_A09722536	0.008499724	inactive	N	SPE_A09722536	CYCLOPHOSPHAMIDE	-2.34	inactive
R4A_0001428_001	SPE_A67097164	-0.014661885	inactive	N	SPE_A67097164	IFOSFAMIDE	0.96	inactive
R4A_0000800_001	SPE_A69777949	-0.034372897	inactive	N	SPE_A69777949	FLUMEQUINE	-2.22	inactive
R4A_0001619_001					SPE_A96485169	EBPC	-2.54	inactive
R4A_0002892_001	SPE_K32730239	-0.00058406	inactive	N	SPE_K32730239	SU3327	-17.05	inactive
R4A_0005471_001	SPE_K42816473	-0.075011725	inactive	N	SPE_K42816473	zilpaterol	-1.61	inactive
R4A_0005471_002	SPE_K85285268	-0.086100735	inactive	N	SPE_K85285268	Zilpaterol?HCl	3.01	inactive
R4A_0004788_001	SPE_K64178227	-0.041262168	inactive	N	SPE_K64178227	BTS	-2.29	inactive
R4A_0000748_001	SPE_A97730597	-0.069780619	inactive	N	SPE_A97730597	hexylcaine	-7.2	inactive
R4A_0004891_001	SPE_K63165456	0.844499989	active	Y	SPE_K63165456	norcyclobenzaprine	42.4	inactive
R4A_0001419_001	SPE_K47323024	0.062375626	inactive	N	SPE_K47323024	METHAPYRILENE HYDROCHLORIDE	-0.5	inactive
R4A_0002801_001	SPE_K48988407	-0.000434818	inactive	N	SPE_K48988407	5-chloro-2'-deoxycytidine	-4.04	inactive
R4A_0005137_001	SPE_K50133271	0.033785846	inactive	N	SPE_K50133271	TOLFENAMIC ACID	-2.87	inactive
R4A_0004428_001	SPE_K14704277	-0.177755679	inactive	N	SPE_K14704277	CINOXACIN	-0.04	inactive
R4A_0003171_001					SPE_K56735750	CARBADOX	-5.07	inactive
R4A_0000604_001					SPE_K17894950	Indirubin	-4.5	inactive
R4A_0003089_001	SPE_K77791657	-0.024834913	inactive	N	SPE_K77791657	3-deazaneplanocin A (DZNeP) HCl	-12.74	inactive
R4A_0004263_001	SPE_K97375133	-0.026380362	inactive	N	SPE_K97375133	ferrostatin-1	-2.75	inactive
R4A_0000122_001					SPE_K34251960	cibenzoline	13.28	inactive
R4A_0001714_001	SPE_A33178345	-0.03049714	inactive	N	SPE_A33178345	phenindamine	6.76	inactive
R4A_0000167_001	SPE_K45462423	-0.062002613	inactive	N	SPE_K45462423	VU0361737	0.69	inactive
R4A_0000940_001	SPE_K11046126	-0.0446174	inactive	N	SPE_K11046126	VUF 10166	5.5	inactive
R4A_0004958_001					SPE_K22685337	ROXARSONE	-5.26	inactive
R4A_0003931_001	SPE_K11238904	-0.06166636	inactive	N	SPE_K11238904	Gemcitabine	-2.59	inactive
R4A_0001797_001	SPE_K45152786	-0.014175442	inactive	N	SPE_K45152786	merbarone	-8.79	inactive
R4A_0005081_001	SPE_K34624869	0.060555737	inactive	N	SPE_K34624869	NS-8593	-0.25	inactive
R4A_0000750_001	SPE_K92984783	-0.007551621	inactive	N	SPE_K92984783	melperone	-2.94	inactive
R4A_0002261_001	SPE_A98845662	-0.061831924	inactive	N	SPE_A98845662	DESVENLAFAXINE SUCCINATE	-2.56	inactive
R4A_0004143_001	SPE_K51033547	-0.017820925	inactive	N	SPE_K51033547	TRAMADOL HYDROCHLORIDE	1.12	inactive
R4A_0003406_001	SPE_K56596464	-0.002514866	inactive	N	SPE_K56596464	QX-314	-7.72	inactive
R4A_0004766_001	SPE_K85804405	-0.013522428	inactive	N	SPE_K85804405	LY231617	9.53	inactive
R4A_0002714_001	SPE_K10176267	-0.130821935	inactive	N	SPE_K10176267	L-701252	-2.19	inactive
R4A_0003274_001	SPE_K00603606	0.03169058	inactive	N	SPE_K00603606	TICLOPIDINE HYDROCHLORIDE	5.84	inactive
R4A_0000270_001	SPE_K08478539	0.032586423	inactive	N	SPE_K08478539	SMER-28	-2.54	inactive
R4A_0001809_001	SPE_A08316590	-0.073453171	inactive	N	SPE_A08316590	broxaterol	0.54	inactive
R4A_0002763_001	SPE_K85882401	-0.001594207	inactive	N	SPE_K85882401	Avibactam (sodium)	-0.26	inactive
R4A_0001840_001	SPE_K70592483	-0.040789331	inactive	N	SPE_K70592483	phenylacetylglutamine	-5.49	inactive
R4A_0004413_001	SPE_K80607346	-0.086365808	inactive	N	SPE_K80607346	FK-962	-3.78	inactive
R4A_0003565_001	SPE_K93524252	-0.071669656	inactive	N	SPE_K93524252	SULFAMERAZINE	-3.55	inactive
R4A_0003413_001	SPE_K16183658	-0.059663489	inactive	N	SPE_K16183658	MN-64	-1.84	inactive
R4A_0004609_001	SPE_K81418486	-0.059234465	inactive	N	SPE_K81418486	"Vorinostat (SAHA, MK0683)"	-5.13	inactive
R4A_0004183_001	SPE_K20287671	0.008232362	inactive	N	SPE_K20287671	SU-4312	-0.66	inactive
R4A_0005053_001					SPE_A57833392	Oxymatrine (Matrine N-oxide)	-6.58	inactive
R4A_0001166_001	SPE_K45071273	-0.088306385	inactive	N	SPE_K45071273	TETRACAINE HYDROCHLORIDE	6.48	inactive
R4A_0000704_001	SPE_K64191834	-0.131097771	inactive	N	SPE_K64191834	"CBS, N-Cyclohexyl-2-benzothiazolesulfenamide"	-0.51	inactive
R4A_0004650_001	SPE_K28863208	-0.000404957	inactive	N	SPE_K28863208	PNU-282987	-0.98	inactive
R4A_0004316_001	SPE_K75551531	-0.082485699	inactive	N	SPE_K75551531	nitecapone	-0.23	inactive
R4A_0005468_001					SPE_K34411947	STREPTOZOSIN	1.67	inactive
R4A_0002487_001	SPE_K64838454	0.024967882	inactive	N	SPE_K64838454	Dipraglurant	-0.93	inactive
R4A_0005172_001	SPE_K91370081	-0.030369564	inactive	N	SPE_K91370081	anisomycin	-2.85	inactive
R4A_0003361_001	SPE_K11663430	-0.077419128	inactive	N	SPE_K11663430	pyroxamide	-3.54	inactive
R4A_0004711_001	SPE_K59875992	0.060061135	inactive	N	SPE_K59875992	N-(4-methoxyphenyl)-1-phenyl-1H-pyrazol-3-amine	-5.34	inactive
R4A_0004071_001	SPE_K79337272	0.045352551	inactive	N	SPE_K79337272	LSN-2463359	-6	inactive
R4A_0004104_001	SPE_K02764365	-0.009951765	inactive	N	SPE_K02764365	methiazole	-7.27	inactive
R4A_0001528_001	SPE_K79131256	-0.084035554	inactive	N	SPE_K79131256	ALBENDAZOLE	6.15	inactive
R4A_0003186_001					SPE_K54799382	2-(diethylamino)ethyl 4-ethoxybenzoate	0.82	inactive
R4A_0003796_001					SPE_A64977602	MIRTAZAPINE	-8.07	inactive
R4A_0003703_001	SPE_K99300445	0.130717473	inactive	N	SPE_K99300445	ANTAZOLINE PHOSPHATE	16.95	inactive
R4A_0002039_001	SPE_K95785345	-0.089260693	inactive	N	SPE_K95785345	THIAMINE HYDROCHLORIDE	1.4	inactive
R4A_0004221_001					SPE_A19661776	MIANSERIN HYDROCHLORIDE	15.9	inactive
R4A_0002623_002	SPE_M58433298	-0.124861643	inactive	N	SPE_M58433298	sodium-dodecyl-sulfate	-3.59	inactive
R4A_0001947_001	SPE_A86415025	-0.039881862	inactive	N	SPE_A86415025	"1-(1,2-Diphenylethyl)piperidine-(+/-)"	6.03	inactive
R4A_0003658_001	SPE_K07409305	0.019438497	inactive	N	SPE_K07409305	Org-12962	29.23	inactive
R4A_0004620_001	SPE_A27924917	-0.02037404	inactive	N	SPE_A27924917	2-hydroxysaclofen	-4.58	inactive
R4A_0000542_001	SPE_K17500877	-0.007563038	inactive	N	SPE_K17500877	Bropirimine	-2.71	inactive
R4A_0001700_001	SPE_K99506538	0.006092954	inactive	N	SPE_K99506538	xenalipin	-4.47	inactive
R4A_0001133_001	SPE_K43419711	-0.003813436	inactive	N	SPE_K43419711	Wy-16922	-3.58	inactive
R4A_0000682_001	SPE_A79431551	0.001818409	inactive	N	SPE_A79431551	3-Deazaadenosine	0.15	inactive
R4A_0001757_001	SPE_K16505263	-0.063654681	inactive	N	SPE_K16505263	Forodesine (hydrochloride)	-0.15	inactive
R4A_0001521_001	SPE_K70507123	-0.064768596	inactive	N	SPE_K70507123	DOXOFYLLINE	-5.28	inactive
R4A_0003548_001	SPE_K76064317	0.025410387	inactive	N	SPE_K76064317	Tyrphostin AG 1296 (AG 1296)	-10.14	inactive
R4A_0002744_001	SPE_K56077740	-0.01074275	inactive	N	SPE_K56077740	MMPX	-0.95	inactive
R4A_0002887_001	SPE_K15502390	0.007985795	inactive	N	SPE_K15502390	NEVIRAPINE	-1.9	inactive
R4A_0003069_001	SPE_K77677632	-0.085988196	inactive	N	SPE_K77677632	SB-200646	-0.64	inactive
R4A_0004562_001	SPE_K26168087	-0.032052417	inactive	N	SPE_K26168087	Magnolol	-1.71	inactive
R4A_0002786_001					SPE_K95309561	dienestrol	0.7	inactive
R4A_0001059_001	SPE_K98493452	-0.139007269	inactive	N	SPE_K98493452	Honokiol	-3.16	inactive
R4A_0004246_001					SPE_K88366685	TRIMETAZIDINE DIHYDROCHLORIDE	-3.48	inactive
R4A_0000514_001	SPE_A43671941	-0.087012841	inactive	N	SPE_A43671941	oxprenolol	7.84	inactive
R4A_0001325_001	SPE_K60762818	0.393376332	inactive	N	SPE_K60762818	DESIPRAMINE HYDROCHLORIDE	36.57	inactive
R4A_0004370_001	SPE_K79501723	-0.088200818	inactive	N	SPE_K79501723	CYCLIZINE	16.07	inactive
R4A_0002623_001	SPE_K05680146	0.121394392	inactive	N	SPE_K05680146	dodecyl-sulfate	1.59	inactive
R4A_0001618_001	SPE_A77118605	-0.009113653	inactive	N	SPE_A77118605	D609	-2.09	inactive
R4A_0000855_001	SPE_K41160163	0.025919627	inactive	N	SPE_K41160163	fenobam	-1.76	inactive
R4A_0002442_001	SPE_K34663752	-0.078363536	inactive	N	SPE_K34663752	6-chloromelatonin	-2.44	inactive
R4A_0001007_001	SPE_K71686520	-0.032931661	inactive	N	SPE_K71686520	ICA-110381	-6.45	inactive
R4A_0001315_001	SPE_A33692381	-0.019245902	inactive	N	SPE_A33692381	ZIDOVUDINE [AZT]	-4.18	inactive
R4A_0003057_001	SPE_K01577834	-0.030171081	inactive	N	SPE_K01577834	ADENOSINE	-2.41	inactive
R4A_0003057_002	SPE_K72093121	-0.117106648	inactive	N	SPE_K72093121	VIDARABINE	-0.52	inactive
R4A_0001084_001	SPE_K20605374	-0.145607894	inactive	N	SPE_K20605374	NSC697923	-15.13	inactive
R4A_0001081_001	SPE_K59331299	-0.161392747	inactive	N	SPE_K59331299	voglibose	7.39	inactive
R4A_0003478_001	SPE_K62810658	0.029649937	inactive	N	SPE_K62810658	PD-98059	-2.29	inactive
R4A_0000649_001					SPE_K19742012	sulfamoxole	-0.96	inactive
R4A_0002818_001	SPE_K50859149	-0.021134068	inactive	N	SPE_K50859149	SULFISOXAZOLE	-0.76	inactive
R4A_0000311_001	SPE_K31471398	-0.090700423	inactive	N	SPE_K31471398	dihydrexidine	3.51	inactive
R4A_0004494_001					SPE_K76022557	APOMORPHINE HYDROCHLORIDE	5.96	inactive
R4A_0000843_001	SPE_A41304429	-0.004620159	inactive	N	SPE_A41304429	practolol	-0.54	inactive
R4A_0000938_001					SPE_K29562203	SCH-202676	-1.31	inactive
R4A_0002048_001	SPE_K85479953	0.198140644	inactive	N	SPE_K85479953	STF-62247	-9.7	inactive
R4A_0005418_001	SPE_K97061094	0.033136357	inactive	N	SPE_K97061094	Azacyclonol	23.15	inactive
R4A_0001923_001	SPE_K06894065	0.054211999	inactive	N	SPE_K06894065	"2-Bromo-1-(3,3-dinitroazetidin-1-yl)ethan-1-one"	0.64	inactive
R4A_0001389_001	SPE_K37561857	0.136485414	inactive	N	SPE_K37561857	zardaverine	-2.3	inactive
R4A_0002086_001	SPE_A93407926	-0.010283381	inactive	N	SPE_A93407926	Allopurinol riboside	2.43	inactive
R4A_0001398_001	SPE_K55567017	-0.050770268	inactive	N	SPE_K55567017	Formononetin (Formononetol)	-8.95	inactive
R4A_0003470_001	SPE_K92116564	-0.043876898	inactive	N	SPE_K92116564	Isoxepac	-2.68	inactive
R4A_0000377_001	SPE_K07265709	-0.04435191	inactive	N	SPE_K07265709	dexrazoxane	-2.06	inactive
R4A_0000348_001	SPE_K52523550	-0.006878772	inactive	N	SPE_K52523550	N-Acetyl carnosine	-1.53	inactive
R4A_0001015_001					SPE_K91543828	Pentostatin	-5.63	inactive
R4A_0001986_001	SPE_A73709786	-0.094400494	inactive	N	SPE_A73709786	LB-100	0.66	inactive
R4A_0000633_001					SPE_K36775483	DMeOB	-5.47	inactive
R4A_0004666_001	SPE_K87349602	-0.042021879	inactive	N	SPE_K87349602	beta-CCB	-1.41	inactive
R4A_0005141_001	SPE_K57427145	-0.028145734	inactive	N	SPE_K57427145	ripazepam	-0.8	inactive
R4A_0004714_001					SPE_A88080608	EQUILIN	10.44	inactive
R4A_0003723_001	SPE_K45330754	-0.013572273	inactive	N	SPE_K45330754	DIETHYLSTILBESTROL	-2.48	inactive
R4A_0000469_001	SPE_K41143549	-0.032781395	inactive	N	SPE_K41143549	N20C	-0.08	inactive
R4A_0001735_001	SPE_A03623303	-0.046937201	inactive	N	SPE_A03623303	METOPROLOL TARTRATE	-1.47	inactive
R4A_0001664_001	SPE_K31792052	-0.056348833	inactive	N	SPE_K31792052	pifithrin-cyclic	-0.74	inactive
R4A_0005155_001	SPE_K07237224	0.022553493	inactive	N	SPE_K07237224	Moclobemide (Ro 111163)	-6.19	inactive
R4A_0002520_001	SPE_K62326629	-0.107671978	inactive	N	SPE_K62326629	DICHLOROPHEN	-6.35	inactive
R4A_0001367_001	SPE_K03808106	-0.002487796	inactive	N	SPE_K03808106	NS-19504	-1.9	inactive
R4A_0005303_001					SPE_K56276053	propatylnitrate	-2.72	inactive
R4A_0004353_001	SPE_A42699921	-0.046885223	inactive	N	SPE_A42699921	teriflunomide	0.72	inactive
R4A_0002368_001	SPE_K05724540	-0.039576171	inactive	N	SPE_K05724540	FTAXILIDE	-7.21	inactive
R4A_0004411_001	SPE_K52313696	-0.140299337	inactive	N	SPE_K52313696	CI994 (Tacedinaline)	10.04	inactive
R4A_0004279_001	SPE_K75699339	-0.036830769	inactive	N	SPE_K75699339	Rizatriptan Benzoate (Maxalt)	-5.8	inactive
R4A_0002823_001	SPE_K90082312	0.051061737	inactive	N	SPE_K90082312	VUF10460	5.46	inactive
R4A_0005229_001	SPE_A36074203	0.090489596	inactive	N	SPE_A36074203	remacemide	8.52	inactive
R4A_0003624_001	SPE_A53576514	0.187744402	inactive	N	SPE_A53576514	ORPHENADRINE CITRATE	25.27	inactive
R4A_0005479_001	SPE_K21123171	-0.175820877	inactive	N	SPE_K21123171	Pramiracetam	-5.97	inactive
R4A_0003397_001	SPE_K49119234	-0.054757124	inactive	N	SPE_K49119234	TMPH	0.44	inactive
R4A_0001628_001	SPE_K59839632	-0.021890265	inactive	N	SPE_K59839632	ICA-069673	-0.35	inactive
R4A_0005344_001	SPE_K43449605	0.050537721	inactive	N	SPE_K43449605	oncrasin-1	-1.97	inactive
R4A_0004980_001	SPE_K68091065	0.015696766	inactive	N	SPE_K68091065	HALAZONE	-3.49	inactive
R4A_0002264_001	SPE_K01493881	-0.027712593	inactive	N	SPE_K01493881	apigenin	-0.77	inactive
R4A_0005129_001	SPE_K04851519	-0.057891584	inactive	N	SPE_K04851519	Aloe-emodin	-4.58	inactive
R4A_0004168_001	SPE_K43797669	0.248310132	inactive	N	SPE_K43797669	GENISTEIN	-2.31	inactive
R4A_0003735_001	SPE_K58685305	-0.108175226	inactive	N	SPE_K58685305	Emodin	-2.77	inactive
R4A_0001068_001	SPE_K72327355	-0.032564896	inactive	N	SPE_K72327355	baicalein	-2.06	inactive
R4A_0001821_001	SPE_K00486786	-0.063051807	inactive	N	SPE_K00486786	Ro-08-2750	0.33	inactive
R4A_0001085_001	SPE_A40546373	0.009673862	inactive	N	SPE_A40546373	Morinidazole	0.25	inactive
R4A_0003720_001	SPE_K56291712	0.043612541	inactive	N	SPE_K56291712	Voxtalisib	-0.35	inactive
R4A_0000021_001	SPE_K01767299	0.045001648	inactive	N	SPE_K01767299	Ciproxifan Maleate	13.03	inactive
R4A_0004405_001	SPE_K31682896	-0.051829529	inactive	N	SPE_K31682896	SULFAMETHIZOLE	-4.31	inactive
R4A_0001898_001	SPE_K85119730	-0.005179873	inactive	N	SPE_K85119730	TOLBUTAMIDE	-2.32	inactive
R4A_0000780_001					SPE_A37959677	ESTRONE	-1.87	inactive
R4A_0003221_001					SPE_K69253806	HEXESTROL	-2.92	inactive
R4A_0003810_001					SPE_K94882685	TOLONIUM CHLORIDE	-24	inactive
R4A_0000217_001	SPE_K13409143	-0.045221744	inactive	N	SPE_K13409143	Isopropyl myristate	-2.19	inactive
R4A_0001180_001	SPE_K20501889	-0.058941048	inactive	N	SPE_K20501889	Octadecan-1-ol	-3.7	inactive
R4A_0000524_001	SPE_K47887731	-0.092887283	inactive	N	SPE_K47887731	Nitenpyram	0.71	inactive
R4A_0000454_001	SPE_K20480395	0.022453033	inactive	N	SPE_K20480395	UF-010	-9.9	inactive
R4A_0002643_001	SPE_K87316765	-0.06242312	inactive	N	SPE_K87316765	Prinaberel	-1.45	inactive
R4A_0000212_001	SPE_K84964099	-0.101106883	inactive	N	SPE_K84964099	spautin-1	2.6	inactive
R4A_0004852_001	SPE_A55204514	-0.06252117	inactive	N	SPE_A55204514	"6,7-Dihydroxy-1-(4-Hydroxybenzyl)-1,2,3,4-tetrahydroisoquinoline Hydrochloride"	-3.06	inactive
R4A_0002082_001	SPE_K62949423	-0.075143965	inactive	N	SPE_K62949423	NSC-625987	-1.78	inactive
R4A_0001727_001	SPE_A95696066	0.025840294	inactive	N	SPE_A95696066	nisoxetine	12.97	inactive
R4A_0001319_001	SPE_A44008656	-0.003977242	inactive	N	SPE_A44008656	DOXYLAMINE SUCCINATE	-0.14	inactive
R4A_0002589_001	SPE_K33211335	0.063655219	inactive	N	SPE_K33211335	DEXTROMETHORPHAN HYDROBROMIDE	7.4	inactive
R4A_0001369_001	SPE_K22356203	-0.047995783	inactive	N	SPE_K22356203	IDO5L	0.83	inactive
R4A_0001446_001	SPE_A48420483	-0.059288464	inactive	N	SPE_A48420483	bupranolol	35.52	inactive
R4A_0005001_001	SPE_K84253429	-0.02306313	inactive	N	SPE_K84253429	Zoledronic Acid (Zoledronate)	-1.98	inactive
R4A_0003266_001	SPE_A62021152	-0.107861825	inactive	N	SPE_A62021152	WAY-161503	3.03	inactive
R4A_0000344_001	SPE_K08037784	-0.052987111	inactive	N	SPE_K08037784	"Arbutin (Uva, p-Arbutin)"	-7.03	inactive
R4A_0001042_001	SPE_K08832567	0.018869901	inactive	N	SPE_K08832567	Naringenin	-2.95	inactive
R4A_0000233_001	SPE_K17497770	0.095803376	inactive	N	SPE_K17497770	Butein	-4.21	inactive
R4A_0001463_001	SPE_K65377893	0.037095584	inactive	N	SPE_K65377893	7-Aminocephalosporanic acid	6.22	inactive
R4A_0001568_001	SPE_K06234293	-0.189667236	inactive	N	SPE_K06234293	LY364947	-7.58	inactive
R4A_0001920_001	SPE_A04506385	-0.155352518	inactive	N	SPE_A04506385	Stepronin	-5.05	inactive
R4A_0004534_001	SPE_K45125084	-0.07320731	inactive	N	SPE_K45125084	zolimidine	-2.12	inactive
R4A_0001868_001					SPE_A32172948		-5.88	inactive
R4A_0005149_001	SPE_K27141178	0.051819375	inactive	N	SPE_K27141178	SB-203186	2.28	inactive
R4A_0004505_001					SPE_A18917088	ESTRADIOL	-0.48	inactive
R4A_0004966_001	SPE_K73391359	0.746355524	active	Y	SPE_K73391359	dimethisoquin	37.57	inactive
R4A_0000271_001	SPE_K83245588	-0.151294462	inactive	N	SPE_K83245588	Pilsicainide hydrochloride	-2.24	inactive
R4A_0001359_001	SPE_A64011898	-0.01368638	inactive	N	SPE_A64011898	5?-Androstenone	-0.52	inactive
R4A_0004436_001					SPE_K13240081	nimustine	-2.5	inactive
R4A_0003377_001	SPE_A17411484	-0.000906061	inactive	N	SPE_A17411484	CARPROFEN	-1.06	inactive
R4A_0004083_001	SPE_K77484724	-0.119339115	inactive	N	SPE_K77484724	Adefovir	-5.15	inactive
R4A_0004080_001	SPE_K29668683	0.117497677	inactive	N	SPE_K29668683	BD-1063	18.25	inactive
R4A_0002804_001					SPE_K70159787	SMI-4a	-9.18	inactive
R4A_0002567_001	SPE_K10852020	-0.080481555	inactive	N	SPE_K10852020	Tolcapone	6.64	inactive
R4A_0004372_001	SPE_A12994259	-0.00723399	inactive	N	SPE_A12994259	Pomalidomide	-6.7	inactive
R4A_0002105_001	SPE_K78633253	0.04082338	inactive	N	SPE_K78633253	EXO-1	0.11	inactive
R4A_0002562_001					SPE_K70912147	co-102862	-8.28	inactive
R4A_0003951_001					SPE_K36274133	SUN-B-8155	1.39	inactive
R4A_0005140_001	SPE_A16332958	-0.074381867	inactive	N	SPE_A16332958	MODAFINIL	-1.1	inactive
R4A_0005140_002	SPE_K87278688	-0.03873369	inactive	N	SPE_K87278688	ARMODAFINIL	0.14	inactive
R4A_0001332_001	SPE_A84389633	0.097484745	inactive	N	SPE_A84389633	"tropanyl-3,5-dimethylbenzoate"	32.75	inactive
R4A_0004653_001	SPE_A20348246	-0.0845288	inactive	N	SPE_A20348246	CHLORMEZANONE	2.2	inactive
R4A_0000869_001	SPE_K29359156	-0.047282542	inactive	N	SPE_K29359156	EBSELEN	-2.68	inactive
R4A_0004445_001	SPE_K15563106	-0.185824355	inactive	N	SPE_K15563106	Phloretin	-2.79	inactive
R4A_0004367_001	SPE_K02729857	-0.014478732	inactive	N	SPE_K02729857	phenylbenzimidazole-sulfonic-acid	-0.79	inactive
R4A_0004097_001	SPE_K50905564	-0.020516136	inactive	N	SPE_K50905564	cardionogen-1	10.69	inactive
R4A_0003215_001	SPE_K78097265	-0.115495161	inactive	N	SPE_K78097265	ADELMIDROL	2.9	inactive
R4A_0004774_001	SPE_K79353516	-0.02121068	inactive	N	SPE_K79353516	CY208-243	2.12	inactive
R4A_0000164_001					SPE_A10773072	glycerol-monolaurate	-0.78	inactive
R4A_0002878_001	SPE_K52080565	-0.038995339	inactive	N	SPE_K52080565	Nandrolone	-1.6	inactive
R4A_0005409_001	SPE_K50938786	0.000285795	inactive	N	SPE_K50938786	Ropivacaine HCl	-5.63	inactive
R4A_0004910_001	SPE_K09659835	-0.041934698	inactive	N	SPE_K09659835	loreclezole	-1.41	inactive
R4A_0000911_001	SPE_A65793993	0.034671908	inactive	N	SPE_A65793993	BTS-72664	-0.09	inactive
R4A_0005120_001	SPE_K14571191	-0.069815951	inactive	N	SPE_K14571191	zometapine	-1.14	inactive
R4A_0002994_001					SPE_K99048103	ACETARSOL	-8.7	inactive
R4A_0003243_001	SPE_K43860855	-0.050660758	inactive	N	SPE_K43860855	iobenguane	-3.59	inactive
R4A_0005121_001					SPE_K68188368	NIFUROXAZIDE	-0.62	inactive
R4A_0002554_001	SPE_K36864847	0.900491902	active	Y	SPE_K36864847	BD-1047	43.47	inactive
R4A_0002638_001	SPE_K83023055	-0.094905903	inactive	N	SPE_K83023055	GR-135531	-2.02	inactive
R4A_0002946_001					SPE_K41312087	GW-441756	2.75	inactive
R4A_0001390_001	SPE_A34255068	0.053050076	inactive	N	SPE_A34255068	ROLIPRAM	-3.94	inactive
R4A_0000114_001	SPE_K49811169	-0.055020302	inactive	N	SPE_K49811169	Dihydro-?-erythroidine?HBr	-0.32	inactive
R4A_0001390_002	SPE_K65856711	-0.050644663	inactive	N	SPE_K65856711	rolipram-S(+)	-3.42	inactive
R4A_0001390_003	SPE_K75516118	-0.007793881	inactive	N	SPE_K75516118	rolipram-R(-)	-0.04	inactive
R4A_0000993_001					SPE_K58265391	METICRANE	1.83	inactive
R4A_0005055_001	SPE_A26845397	-0.101661923	inactive	N	SPE_A26845397	isamoltane	13.73	inactive
R4A_0000439_001	SPE_K66715657	-0.053818438	inactive	N	SPE_K66715657	UH-232-(+)	0.14	inactive
R4A_0003376_001	SPE_K60212747	0.03934795	inactive	N	SPE_K60212747	Neridronate Sodium Salt	-0.14	inactive
R4A_0002588_001	SPE_K28307902	-0.117419033	inactive	N	SPE_K28307902	FLUTAMIDE	-4.95	inactive
R4A_0001810_001					SPE_K24820488	CH-170	-10.12	inactive
R4A_0000085_001	SPE_K34073885	0.014417875	inactive	N	SPE_K34073885	Tanshinone I	-3.59	inactive
R4A_0001759_001	SPE_K45117373	0.008825633	inactive	N	SPE_K45117373	Y-26763	-6.36	inactive
R4A_0003547_001					SPE_K14529030	Meisoindigo	-1.2	inactive
R4A_0003223_001	SPE_K59983611	-0.079219788	inactive	N	SPE_K59983611	SULFABENZAMIDE	-1.93	inactive
R4A_0005476_001					SPE_A35196708	Homatropine Bromide	-3.26	inactive
R4A_0004846_001	SPE_A27370296	0.079834946	inactive	N	SPE_A27370296	CYCLANDELATE	2.57	inactive
R4A_0002136_001					SPE_A65280694	MOLINDONE HYDROCHLORIDE	3.76	inactive
R4A_0001021_001	SPE_K29713308	0.29720606	inactive	N	SPE_K29713308	mebhydrolin	37.21	inactive
R4A_0000773_001	SPE_K93258693	-0.07860707	inactive	N	SPE_K93258693	GW-9662	-4.43	inactive
R4A_0000710_001	SPE_K26556907	0.021895665	inactive	N	SPE_K26556907	benzofenac	2.22	inactive
R4A_0003763_001	SPE_K97746869	-0.018512922	inactive	N	SPE_K97746869	CHLORPROPAMIDE	-1.26	inactive
R4A_0001747_001					SPE_K82903013	"3,3'-dichlorobenzaldazine"	-9.4	inactive
R4A_0004073_001	SPE_A75726477	-0.055466929	inactive	N	SPE_A75726477	CLENBUTEROL HYDROCHLORIDE	-1.67	inactive
R4A_0002375_001	SPE_K32821942	-0.003358165	inactive	N	SPE_K32821942	AZATHIOPRINE	-1.78	inactive
R4A_0001312_001					SPE_K19136521	indirubin-3-monoxime	-2.74	inactive
R4A_0003409_001	SPE_K55748775	-0.047822132	inactive	N	SPE_K55748775	SCH-28080	-0.79	inactive
R4A_0001943_001	SPE_K63253858	0.530822713	active	Y	SPE_K63253858	SPP-86	1.2	inactive
R4A_0001829_001	SPE_A67748489	-0.090058758	inactive	N	SPE_A67748489	K-858	18.64	inactive
R4A_0004321_001	SPE_K72462751	-0.159190417	inactive	N	SPE_K72462751	C-1	0.47	inactive
R4A_0004469_001	SPE_K80043866	-0.058653277	inactive	N	SPE_K80043866	Sodium gualenate	-3.22	inactive
R4A_0001149_001	SPE_K33743361	-0.086034964	inactive	N	SPE_K33743361	ML133 HCL	11.42	inactive
R4A_0002079_001					SPE_K07753030	ACECAINIDE HYDROCHLORIDE	-8.7	inactive
R4A_0000064_001	SPE_K34411045	-0.024143227	inactive	N	SPE_K34411045	HJC-0350	-10.51	inactive
R4A_0003318_001	SPE_A51714012	-0.039469696	inactive	N	SPE_A51714012	VENLAFAXINE HYDROCHLORIDE	-1.3	inactive
R4A_0004308_001	SPE_K70281171	-0.015229014	inactive	N	SPE_K70281171	U-99194	-1.54	inactive
R4A_0004438_001	SPE_K74603273	0.063108177	inactive	N	SPE_K74603273	"ICI-118,551"	10.4	inactive
R4A_0002183_001	SPE_K53737926	0.538075118	active	Y	SPE_K53737926	AMITRIPTYLINE HYDROCHLORIDE	39.67	inactive
R4A_0001237_001	SPE_K83322645	0.139236406	inactive	N	SPE_K83322645	L-693403	2.5	inactive
R4A_0001028_001	SPE_K31843556	0.00705467	inactive	N	SPE_K31843556	T-0070907	-1.82	inactive
R4A_0004688_001	SPE_K68851986	-0.026278917	inactive	N	SPE_K68851986	Necrostatin 2	-1.67	inactive
R4A_0001500_001	SPE_K17774839	-0.038861466	inactive	N	SPE_K17774839	JNJ-7777120	15.23	inactive
R4A_0004892_001					SPE_K65716359	exifone	10.6	inactive
R4A_0001252_001	SPE_K00662280	-0.151754181	inactive	N	SPE_K00662280	CL-218872	-4.68	inactive
R4A_0005118_001	SPE_K20902145	-0.026214842	inactive	N	SPE_K20902145	Treosulfan	0.79	inactive
R4A_0000472_001	SPE_K57569181	0.006971887	inactive	N	SPE_K57569181	PENTOXIFYLLINE	-6.36	inactive
R4A_0000177_001	SPE_K11640013	-0.053361872	inactive	N	SPE_K11640013	SULFAMETHAZINE	-2.34	inactive
R4A_0003239_001	SPE_A07207424	-0.037442627	inactive	N	SPE_A07207424	Ro-20-1724	-1.11	inactive
R4A_0001971_001	SPE_K54339150	-0.090093555	inactive	N	SPE_K54339150	proquazone	3	inactive
R4A_0002285_001	SPE_K93441486	-0.022402906	inactive	N	SPE_K93441486	Diphemanil Methylsulfate	-10.07	inactive
R4A_0004600_001	SPE_K18059238	0.016854452	inactive	N	SPE_K18059238	gamma-linolenic-acid	-4.09	inactive
R4A_0000654_001	SPE_A19633847	0.008584855	inactive	N	SPE_A19633847	PERHEXILINE MALEATE	37.99	inactive
R4A_0002620_001	SPE_K15086322	-0.010708296	inactive	N	SPE_K15086322	JNJ-10191584	-5.89	inactive
R4A_0003480_001	SPE_K65814004	-0.054256543	inactive	N	SPE_K65814004	diphenyleneiodonium	-0.66	inactive
R4A_0004570_001	SPE_K96153583	-0.125806675	inactive	N	SPE_K96153583	Cidofovir (Vistide)	-10.21	inactive
R4A_0004826_001	SPE_K81935556	0.115192439	inactive	N	SPE_K81935556	TCS-3035	4.17	inactive
R4A_0003909_001	SPE_K51575138	0.013822694	inactive	N	SPE_K51575138	TPCA-1	-0.84	inactive
R4A_0001885_001	SPE_K77950083	-0.077017829	inactive	N	SPE_K77950083	UPF-1069	-1.34	inactive
R4A_0000583_001	SPE_K91234829	-0.034729193	inactive	N	SPE_K91234829	napirimus	-1.38	inactive
R4A_0002568_001	SPE_K37069697	-0.001532463	inactive	N	SPE_K37069697	fexinidazole	-2.82	inactive
R4A_0004020_001	SPE_K42673188	0.022481465	inactive	N	SPE_K42673188	verubulin	-0.74	inactive
R4A_0002911_001					SPE_K85046107	Ramosetron (Hydrochloride)	17.86	inactive
R4A_0001592_001	SPE_K38370968	-0.089956153	inactive	N	SPE_K38370968	3-AQC	0.77	inactive
R4A_0004531_001					SPE_K81144366	MOXISYLYTE HYDROCHLORIDE	2.56	inactive
R4A_0001651_001	SPE_A32597168	-0.100560316	inactive	N	SPE_A32597168	Letosteine	-3.45	inactive
R4A_0003692_001	SPE_A67482312	-0.021984887	inactive	N	SPE_A67482312	4-P-PDOT	-2.11	inactive
R4A_0003001_001	SPE_K37694030	0.26087021	inactive	N	SPE_K37694030	DOXEPIN HYDROCHLORIDE	41.13	inactive
R4A_0001697_001	SPE_K43055376	-0.044510848	inactive	N	SPE_K43055376	Imepitoin	-1.04	inactive
R4A_0004179_001	SPE_K35882976	-0.099176533	inactive	N	SPE_K35882976	(4-oxo-2-phenyl-4H-chromen-8-yl)acetic acid	-2.66	inactive
R4A_0001397_001	SPE_K34533029	-0.031102498	inactive	N	SPE_K34533029	tyrphostin-AG-494	3.7	inactive
R4A_0004684_001	SPE_K03095347	-0.122710985	inactive	N	SPE_K03095347	LEVOSIMENDAN	-4.23	inactive
R4A_0003748_001	SPE_A44090213	-0.09166241	inactive	N	SPE_A44090213	INDOPROFEN	-3.93	inactive
R4A_0004486_001	SPE_K00938507	0.00365707	inactive	N	SPE_K00938507	SULFAMETHOXYPYRIDAZINE	-1.34	inactive
R4A_0004727_001	SPE_K14116214	-0.012713425	inactive	N	SPE_K14116214	SULFAMONOMETHOXINE	-1.77	inactive
R4A_0002251_001	SPE_K17205817	-0.007457861	inactive	N	SPE_K17205817	sulfametopyrazine	4.24	inactive
R4A_0001214_001	SPE_K87492696	-0.003555049	inactive	N	SPE_K87492696	SULFAMETER	-2.47	inactive
R4A_0000805_001	SPE_A49838158	0.023853684	inactive	N	SPE_A49838158	phenprocoumon	-4.73	inactive
R4A_0003942_001					SPE_K93618743	IPRIFLAVONE	-4.93	inactive
R4A_0002903_001					SPE_A05334458	(?)-Lisofylline	-8.3	inactive
R4A_0001976_001	SPE_K56751279	0.188290865	inactive	N	SPE_K56751279	Y-33075 (dihydrochloride)	-2.05	inactive
R4A_0004128_001	SPE_K62186992	-0.059150728	inactive	N	SPE_K62186992	Hydroxystilbamidine	-2.09	inactive
R4A_0002653_001	SPE_K77634909	-0.086444613	inactive	N	SPE_K77634909	AEG3482	0.23	inactive
R4A_0004295_001	SPE_A40084411	0.017638381	inactive	N	SPE_A40084411	CGP-12177	-1.16	inactive
R4A_0002176_001	SPE_A84228258	-0.077533666	inactive	N	SPE_A84228258	brefeldin-a	-2.38	inactive
R4A_0000475_001					SPE_K30126819	DIMESNA	-11.73	inactive
R4A_0001497_001	SPE_K20655524	-0.013755611	inactive	N	SPE_K20655524	MEFEXAMIDE HYDROCHLORIDE	-4.1	inactive
R4A_0000523_001	SPE_K11927976	-0.11227608	inactive	N	SPE_K11927976	ER-27319 maleate	13.54	inactive
R4A_0002045_001	SPE_K79684402	-0.080310916	inactive	N	SPE_K79684402	Ro-10-5824	1.09	inactive
R4A_0001239_001	SPE_K79743788	-0.034443328	inactive	N	SPE_K79743788	A-582941	-1.43	inactive
R4A_0004651_001	SPE_K60798049	0.027916553	inactive	N	SPE_K60798049	fanetizole	-3.35	inactive
R4A_0000269_001	SPE_K38436528	0.063324027	inactive	N	SPE_K38436528	IMIPRAMINE HYDROCHLORIDE	23.58	inactive
R4A_0001172_001	SPE_K26222048	-0.064892883	inactive	N	SPE_K26222048	"trans-10,cis-12-Conjugated-linoleic-acid"	-3.09	inactive
R4A_0003166_001	SPE_K56807945	-0.062773778	inactive	N	SPE_K56807945	FG-2216	-2.69	inactive
R4A_0004297_001					SPE_A23359898	Sibutramine (hydrochloride)	7.43	inactive
R4A_0002405_001	SPE_K44067360	0.025304696	inactive	N	SPE_K44067360	FLUFENAMIC ACID	-2.29	inactive
R4A_0004923_001					SPE_K63861289	MOLSIDOMINE	-1.44	inactive
R4A_0004512_001	SPE_K81807412	-0.005648365	inactive	N	SPE_K81807412	N6-methyladenosine (m6A)	-4.94	inactive
R4A_0005063_001	SPE_K53220666	0.031119521	inactive	N	SPE_K53220666	TRIMETOZINE	-5.33	inactive
R4A_0002128_001	SPE_K09537769	-0.098912005	inactive	N	SPE_K09537769	NU 7026	0.24	inactive
R4A_0000455_001	SPE_K19655798	-0.063707528	inactive	N	SPE_K19655798	compound-401	-0.21	inactive
R4A_0004982_001	SPE_K87696786	-0.026195416	inactive	N	SPE_K87696786	LY456236	-9.56	inactive
R4A_0004970_001	SPE_K92848252	-0.037489234	inactive	N	SPE_K92848252	DIMINAZENE ACETURATE	17.54	inactive
R4A_0005527_001	SPE_K90825648	-0.032972091	inactive	N	SPE_K90825648	RS-127445	-4.48	inactive
R4A_0004591_001	SPE_A67060370	-0.098295501	inactive	N	SPE_A67060370	Albendazole Oxide (Ricobendazole)	0.62	inactive
R4A_0005206_001	SPE_K36055864	-0.07058299	inactive	N	SPE_K36055864	CYCLOHEXIMIDE	-13.05	inactive
R4A_0002656_001	SPE_K90333595	0.028135249	inactive	N	SPE_K90333595	PHENTOLAMINE HYDROCHLORIDE	-2.18	inactive
R4A_0005487_001	SPE_K47598052	-0.032233591	inactive	N	SPE_K47598052	PP-1	-0.98	inactive
R4A_0003183_001	SPE_K22936972	0.022109175	inactive	N	SPE_K22936972	DIPHENYLPYRALINE HYDROCHLORIDE	26.1	inactive
R4A_0001926_001					SPE_K72815923	Xanomeline (oxalate)	17.85	inactive
R4A_0000894_001	SPE_K06644925	-0.088633949	inactive	N	SPE_K06644925	oleamide	-1.41	inactive
R4A_0002423_001					SPE_K61642990	FERb-033	-1.03	inactive
R4A_0005474_001	SPE_K25690923	-0.10530894	inactive	N	SPE_K25690923	4-iodo-6-phenylpyrimidine	-2.32	inactive
R4A_0001631_001					SPE_K05185389	RISEDRONATE SODIUM	-2.68	inactive
R4A_0002035_001	SPE_K98763141	-0.034075247	inactive	N	SPE_K98763141	NIFLUMIC ACID	-3.76	inactive
R4A_0004911_001	SPE_K27938825	-0.09859931	inactive	N	SPE_K27938825	DMXAA (Vadimezan)	-3.38	inactive
R4A_0000468_001	SPE_K19515365	0.050357952	inactive	N	SPE_K19515365	bendazac	0	inactive
R4A_0000369_001	SPE_K27678847	-0.022097549	inactive	N	SPE_K27678847	ARTEMISININ	-7.24	inactive
R4A_0004926_001	SPE_K80608265	-0.101577379	inactive	N	SPE_K80608265	erteberel	-1.91	inactive
R4A_0003015_001	SPE_K44777625	-0.105390481	inactive	N	SPE_K44777625	FH1(BRD-K4477)	-4.6	inactive
R4A_0004855_001	SPE_K75349868	-0.070871928	inactive	N	SPE_K75349868	remodelin	-2.43	inactive
R4A_0005243_001	SPE_A62133859	-0.053579766	inactive	N	SPE_A62133859	NLG919	-1.09	inactive
R4A_0002734_001	SPE_K40255344	0.008452023	inactive	N	SPE_K40255344	Tyrphostin 9 (SF 6847)	0.84	inactive
R4A_0004907_001	SPE_A06771424	0.0441022	inactive	N	SPE_A06771424	anisotropine methylbromide	-4.25	inactive
R4A_0004255_001					SPE_A33479817	terodiline	49.74	inactive
R4A_0005138_001	SPE_K69632891	-0.051435898	inactive	N	SPE_K69632891	"2,2,2-Tribromoethanol"	-4.8	inactive
R4A_0005287_001	SPE_K17979676	-0.113741521	inactive	N	SPE_K17979676	EPROBEMIDE	-4.05	inactive
R4A_0002952_001					SPE_K92976206	Guanosine	-4.89	inactive
R4A_0005382_001	SPE_K60241851	-0.059631188	inactive	N	SPE_K60241851	isodibut	-9.41	inactive
R4A_0004426_001	SPE_K69247067	-0.038782988	inactive	N	SPE_K69247067	Afloqualone	-2.2	inactive
R4A_0004044_001	SPE_K49788188	-0.108839792	inactive	N	SPE_K49788188	heclin	-2.21	inactive
R4A_0000516_001	SPE_K80194255	-0.037915006	inactive	N	SPE_K80194255	BW-A4C	-9.75	inactive
R4A_0004314_001	SPE_K56334280	-0.167036794	inactive	N	SPE_K56334280	Amonafide	19.78	inactive
R4A_0003533_001	SPE_A78134170	0.005514351	inactive	N	SPE_A78134170	cadralazine	0.64	inactive
R4A_0001763_001	SPE_K21670884	-0.098102258	inactive	N	SPE_K21670884	Cariporide	-2.54	inactive
R4A_0000213_001	SPE_K43363084	0.09884003	inactive	N	SPE_K43363084	Atglistatin	-8.09	inactive
R4A_0002173_001	SPE_K58486055	0.015744455	inactive	N	SPE_K58486055	Reparixin	-1.78	inactive
R4A_0003209_001	SPE_K30634073	-0.083256818	inactive	N	SPE_K30634073	Levallorphan tartrate	0.64	inactive
R4A_0002790_001	SPE_K80315159	0.355893218	inactive	N	SPE_K80315159	DPPE	30.22	inactive
R4A_0001591_001	SPE_K27536248	0.052975128	inactive	N	SPE_K27536248	TCID	-8.99	inactive
R4A_0004323_001					SPE_K17874929	bromebric-acid	7.96	inactive
R4A_0000909_001	SPE_K27335680	-0.08500558	inactive	N	SPE_K27335680	Rheic Acid	-2.48	inactive
R4A_0003678_001	SPE_K61043483	0.019715979	inactive	N	SPE_K61043483	AZD9272	-1.87	inactive
R4A_0002998_001	SPE_K28442028	-0.079656462	inactive	N	SPE_K28442028	R-1479	0.35	inactive
R4A_0002998_002	SPE_K57284066	-0.019526655	inactive	N	SPE_K57284066	RO-9187	-1.12	inactive
R4A_0003110_001	SPE_K94830329	-0.052588434	inactive	N	SPE_K94830329	PTC124 (Ataluren)	-2.4	inactive
R4A_0000939_001	SPE_K67772619	-0.120807516	inactive	N	SPE_K67772619	Rheochrysidin (Physcione)	-10.61	inactive
R4A_0004793_001	SPE_K73303757	-0.156331631	inactive	N	SPE_K73303757	Biochanin A (4-Methylgenistein)	-5.25	inactive
R4A_0000865_001	SPE_K78303961	-0.089989841	inactive	N	SPE_K78303961	glycitein	3.49	inactive
R4A_0002840_001	SPE_A53244165	-0.030118256	inactive	N	SPE_A53244165	Golgicide A	-14.42	inactive
R4A_0004098_001	SPE_K96188950	-0.050643204	inactive	N	SPE_K96188950	caffeic-acid-phenethyl-ester	-9.88	inactive
R4A_0001363_001					SPE_A49622760	Faropenem sodium hemipentahydrate	-1.64	inactive
R4A_0001096_001	SPE_K33308633	-0.160186875	inactive	N	SPE_K33308633	INCA-6	-1.69	inactive
R4A_0002208_001	SPE_A86871940	0.001311667	inactive	N	SPE_A86871940	Nicaraven	-5.4	inactive
R4A_0002918_001	SPE_A62071884	-0.010553199	inactive	N	SPE_A62071884	siguazodan	-1.8	inactive
R4A_0001357_001	SPE_K06426971	-0.036904822	inactive	N	SPE_K06426971	ryuvidine	-4.12	inactive
R4A_0004925_001	SPE_K36636143	0.027250925	inactive	N	SPE_K36636143	Nolatrexed Dihydrochloride	3.27	inactive
R4A_0000339_001					SPE_K11421397	ARTENIMOL	5.66	inactive
R4A_0002777_001	SPE_K93767137	-0.137996188	inactive	N	SPE_K93767137	Oseltamivir (acid)	-2.44	inactive
R4A_0000305_001	SPE_A79672927	0.006117421	inactive	N	SPE_A79672927	TROPICAMIDE	-0.35	inactive
R4A_0000092_001	SPE_K98765504	-0.010380382	inactive	N	SPE_K98765504	taurolidine	-1.83	inactive
R4A_0003600_001	SPE_A70514680	-0.001681034	inactive	N	SPE_A70514680	Articaine HCl	4.34	inactive
R4A_0000013_001	SPE_K81572616	0.074779673	inactive	N	SPE_K81572616	CK-636	2.62	inactive
R4A_0003679_001	SPE_K16406336	-0.079966656	inactive	N	SPE_K16406336	METHYLENE BLUE	5.81	inactive
R4A_0005376_001	SPE_K06980535	0.843362719	active	Y	SPE_K06980535	PROMAZINE HYDROCHLORIDE	37.67	inactive
R4A_0005194_001					SPE_K39707084	lynestrenol	-6.81	inactive
R4A_0003769_001	SPE_K47079459	-0.077398313	inactive	N	SPE_K47079459	CETRIMONIUM BROMIDE	3.37	inactive
R4A_0004977_001	SPE_K32021043	0.05814107	inactive	N	SPE_K32021043	SULFACHLORPYRIDAZINE	-2.24	inactive
R4A_0005445_001					SPE_A68464583	Mazindol	4.81	inactive
R4A_0000009_001	SPE_K16508793	-0.055521354	inactive	N	SPE_K16508793	diazepam	-2.23	inactive
R4A_0004056_001	SPE_K63915849	-0.119517064	inactive	N	SPE_K63915849	AS-604850	21.67	inactive
R4A_0005393_001	SPE_A23155040	-0.015120261	inactive	N	SPE_A23155040	NS-3861	6.82	inactive
R4A_0001317_001	SPE_K66788707	0.007989515	inactive	N	SPE_K66788707	fludarabine	-3.23	inactive
R4A_0000994_001	SPE_K47441935	-0.032640554	inactive	N	SPE_K47441935	NK-252	-4.85	inactive
R4A_0000070_001	SPE_K92435527	0.557177577	active	Y	SPE_K92435527	PF-04885614	42.83	inactive
R4A_0004058_001					SPE_A71407503	Nifuratel	0.39	inactive
R4A_0001438_001	SPE_K88789588	0.019244209	inactive	N	SPE_K88789588	Letrozole	-0.05	inactive
R4A_0002722_001	SPE_K59522102	0.026996511	inactive	N	SPE_K59522102	PIPERINE	5.03	inactive
R4A_0000676_001	SPE_K95237249	0.00643039	inactive	N	SPE_K95237249	PROBENECID	-3.55	inactive
R4A_0002873_001	SPE_A09911125	-0.068820452	inactive	N	SPE_A09911125	prolylleucylglycinamide	-9.44	inactive
R4A_0002773_001	SPE_K15256258	-0.070391475	inactive	N	SPE_K15256258	TC-E-5002	-4.53	inactive
R4A_0002970_001	SPE_K25524093	-0.163054573	inactive	N	SPE_K25524093	PSN-375963	-10.2	inactive
R4A_0005131_001	SPE_K97564742	-0.083293668	inactive	N	SPE_K97564742	PYRILAMINE MALEATE	5.57	inactive
R4A_0004181_001	SPE_K84507776	-0.004381976	inactive	N	SPE_K84507776	PNU-89843	-3.77	inactive
R4A_0003608_001					SPE_K27460187	Leucomethylene blue (Mesylate)	-0.16	inactive
R4A_0002667_001	SPE_K49049886	0.073870873	inactive	N	SPE_K49049886	CGS-15943	2.92	inactive
R4A_0003036_001	SPE_K34303607	-0.091765982	inactive	N	SPE_K34303607	CKI-7	0.33	inactive
R4A_0001701_001	SPE_K05236810	0.191842017	inactive	N	SPE_K05236810	Luteolin	-5.81	inactive
R4A_0001781_001	SPE_K12807006	-0.111054029	inactive	N	SPE_K12807006	kaempferol	-2.54	inactive
R4A_0004919_001	SPE_K31836715	0.047814839	inactive	N	SPE_K31836715	Fisetin (Fustel)	-3.47	inactive
R4A_0002799_001	SPE_K64614248	-0.117772245	inactive	N	SPE_K64614248	SALICIN	-0.4	inactive
R4A_0003374_001					SPE_K81613478	Gastrodin (Gastrodine)	-6.61	inactive
R4A_0001466_001	SPE_K00739965	-0.057054463	inactive	N	SPE_K00739965	Guacetisal	1.91	inactive
R4A_0000423_001					SPE_K42019693		-0.03	inactive
R4A_0002068_001	SPE_K60298136	-0.092434172	inactive	N	SPE_K60298136	ITE	-2.95	inactive
R4A_0002506_001					SPE_A95032015	ABACAVIR SULFATE	-2.62	inactive
R4A_0002577_001	SPE_A50016482	0.018936588	inactive	N	SPE_A50016482	CI-923	-0.92	inactive
R4A_0001250_001	SPE_K88405679	-0.073821758	inactive	N	SPE_K88405679	THONZYLAMINE HYDROCHLORIDE	-9.04	inactive
R4A_0003080_001	SPE_K66874953	0.046935289	inactive	N	SPE_K66874953	pifithrin-alpha	-0.53	inactive
R4A_0001580_001	SPE_K18316707	-0.063003927	inactive	N	SPE_K18316707	O-1918	-4.61	inactive
R4A_0001010_001	SPE_K22429181	-0.029723461	inactive	N	SPE_K22429181	RETINOL	-1.23	inactive
R4A_0005108_001	SPE_K79884267	-0.082103698	inactive	N	SPE_K79884267	all trans Retinal	13.1	inactive
R4A_0003953_001	SPE_K15891719	-0.134557207	inactive	N	SPE_K15891719	TENOFOVIR	-4.42	inactive
R4A_0004350_001					SPE_K59037100	2-HYDROXY-4-METHOXY-BENZOPHENONE	-3.04	inactive
R4A_0000161_001					SPE_A00100033	nifurtimox	-9.12	inactive
R4A_0000027_001	SPE_K79905821	-0.059945121	inactive	N	SPE_K79905821	gabazine	-1.58	inactive
R4A_0000028_001	SPE_K94723713	-0.08666993	inactive	N	SPE_K94723713	Rutaecarpine (Rutecarpine)	-5.8	inactive
R4A_0002276_001	SPE_K80480517	0.003197516	inactive	N	SPE_K80480517	RepSox	-5.09	inactive
R4A_0004954_001	SPE_A22081593	-0.041977641	inactive	N	SPE_A22081593	sulmazole	-8.57	inactive
R4A_0004054_001	SPE_K89306950	0.018304805	inactive	N	SPE_K89306950	ML130	-3.34	inactive
R4A_0002865_001	SPE_A74667430	-0.011591725	inactive	N	SPE_A74667430	ETODOLAC	2.2	inactive
R4A_0001681_001					SPE_K14003026	RITODRINE HYDROCHLORIDE	-3.41	inactive
R4A_0000176_001	SPE_K49481516	0.026535819	inactive	N	SPE_K49481516	GALANTAMINE	-3.23	inactive
R4A_0004285_001	SPE_K54314721	-0.044648584	inactive	N	SPE_K54314721	ZOLMITRIPTAN	5.78	inactive
R4A_0000135_001	SPE_K11548689	0.02427734	inactive	N	SPE_K11548689	"N,N-Bis(2-hydroxyethyl)dodecanamide"	-3.72	inactive
R4A_0003875_001	SPE_K61536336	-0.074801829	inactive	N	SPE_K61536336	SB-366791	-3.37	inactive
R4A_0001208_001	SPE_K45435259	-0.052133213	inactive	N	SPE_K45435259	SCH-23390	1.73	inactive
R4A_0002226_001	SPE_K50813454	-0.025792919	inactive	N	SPE_K50813454	amflutizole	-1.44	inactive
R4A_0000337_001	SPE_K19558579	-0.035842994	inactive	N	SPE_K19558579	UK-5099	-1.05	inactive
R4A_0001378_001	SPE_K33588785	-0.114918025	inactive	N	SPE_K33588785	obidoxime	-1.91	inactive
R4A_0003682_001	SPE_K37682401	-0.037074196	inactive	N	SPE_K37682401	PIROMIDIC ACID	7.42	inactive
R4A_0002447_001	SPE_K48053228	-0.136078493	inactive	N	SPE_K48053228	PHA-568487 fumarate	4.79	inactive
R4A_0003388_001	SPE_K96206066	-0.071337005	inactive	N	SPE_K96206066	difenpiramide	-3.31	inactive
R4A_0003636_001	SPE_A47884604	-0.121809639	inactive	N	SPE_A47884604	cyanopindolol	-4.94	inactive
R4A_0003347_001					SPE_A18620900	ESTRIOL	-1.55	inactive
R4A_0002683_001	SPE_A55393291	-0.146549794	inactive	N	SPE_A55393291	TESTOSTERONE	2.46	inactive
R4A_0000984_001					SPE_K85833139	PRASTERONE	13.71	inactive
R4A_0004834_001	SPE_A31800922	0.004717639	inactive	N	SPE_A31800922	PROCYCLIDINE HYDROCHLORIDE	20.34	inactive
R4A_0001684_001	SPE_K47539947	0.026339252	inactive	N	SPE_K47539947	Tetradecylthioacetic acid	0.32	inactive
R4A_0002167_001	SPE_A49358627	-0.139339373	inactive	N	SPE_A49358627	Ciprofibrate	-0.88	inactive
R4A_0004225_001	SPE_K40366680	-0.047923866	inactive	N	SPE_K40366680	CAY10505	-6.32	inactive
R4A_0003117_001	SPE_K64755930	0.001365493	inactive	N	SPE_K64755930	etazolate	-1.97	inactive
R4A_0000529_001	SPE_A90926615	-0.048261376	inactive	N	SPE_A90926615	Adrafinil	-2.43	inactive
R4A_0003760_001					SPE_A78303415	HYOSCYAMINE	-4.79	inactive
R4A_0003760_002					SPE_A93739713	ATROPINE SULFATE	-0.43	inactive
R4A_0003016_001	SPE_K59895502	-0.036504184	inactive	N	SPE_K59895502	"Caramiphen, Parpanil"	2.32	inactive
R4A_0000479_001	SPE_K72259270	-0.044683171	inactive	N	SPE_K72259270	Dyclonine (hydrochloride)	4.72	inactive
R4A_0002301_001	SPE_A01636364	-0.099977034	inactive	N	SPE_A01636364	BUPIVACAINE HYDROCHLORIDE	12.64	inactive
R4A_0004894_001	SPE_K41731458	0.001580814	inactive	N	SPE_K41731458	TRICLOSAN	-5.79	inactive
R4A_0004236_001	SPE_K55847762	-0.133389383	inactive	N	SPE_K55847762	Lobenzarit disodium	-3.54	inactive
R4A_0001884_001	SPE_K12511835	0.118445127	inactive	N	SPE_K12511835	XL413 (hydrochloride)	0.31	inactive
R4A_0000069_001	SPE_A59303141	-0.048051198	inactive	N	SPE_A59303141	QUINETHAZONE	-5.39	inactive
R4A_0003906_001	SPE_A57806482	0.022541144	inactive	N	SPE_A57806482	BRL-26314	-4.97	inactive
R4A_0001581_001					SPE_K83257731	CHLOROPYRAMINE HYDROCHLORIDE	32.54	inactive
R4A_0003762_001	SPE_K90065682	-0.012364848	inactive	N	SPE_K90065682	5-iodo-A-85380	0.83	inactive
R4A_0003254_001	SPE_K58736316	-0.121823536	inactive	N	SPE_K58736316	CIANIDANOL [+-catechin]	-3.72	inactive
R4A_0001599_001	SPE_K07208025	0.022411601	inactive	N	SPE_K07208025	TRIMETHOPRIM	-2.94	inactive
R4A_0000973_001	SPE_K78666826	-0.005443757	inactive	N	SPE_K78666826	procaterol	-0.93	inactive
R4A_0002057_001	SPE_K25359048	0.052870806	inactive	N	SPE_K25359048	WZ 811	2.9	inactive
R4A_0004716_001					SPE_A43999749	HOMATROPINE METHYLBROMIDE	-3.36	inactive
R4A_0000222_001	SPE_K45497762	-0.006263775	inactive	N	SPE_K45497762	succinylcholine-chloride	0.96	inactive
R4A_0003490_001	SPE_A43598550	-0.101188951	inactive	N	SPE_A43598550	3-alpha-Hydroxy-5-beta-androstan-17-one	-10.04	inactive
R4A_0003490_002	SPE_K12329651	-0.116602917	inactive	N	SPE_K12329651	androsterone	0.46	inactive
R4A_0002929_001	SPE_K22525962	-0.080402077	inactive	N	SPE_K22525962	Dihydrotestosterone	-0.1	inactive
R4A_0003490_003					SPE_K42756753	Epiandrosterone (3??-androsterone)	-3.99	inactive
R4A_0004914_001	SPE_K95851186	-0.055795966	inactive	N	SPE_K95851186	CGP-13501	-1.77	inactive
R4A_0001145_001	SPE_A09828896	-0.052474258	inactive	N	SPE_A09828896	SKF-81297	-2.2	inactive
R4A_0004771_001	SPE_A15687940	0.171805138	inactive	N	SPE_A15687940	clofedanol	0.93	inactive
R4A_0001903_001					SPE_K93814253	LINDANE	-3.66	inactive
R4A_0003421_001					SPE_K66664625	4-iodo-L-phenylalanine	-0.07	inactive
R4A_0004973_001	SPE_K26420709	-0.116672597	inactive	N	SPE_K26420709	toyocamycin	8.12	inactive
R4A_0000336_001	SPE_K35589454	-0.105268218	inactive	N	SPE_K35589454	Danegaptide Hydrochloride	0.51	inactive
R4A_0002807_001	SPE_K76617868	0.167909475	inactive	N	SPE_K76617868	FASUDIL HYDROCHLORIDE	0.23	inactive
R4A_0003999_001	SPE_A77291778	-0.002528307	inactive	N	SPE_A77291778	CYCLOPENTOLATE HYDROCHLORIDE	4.26	inactive
R4A_0001768_001	SPE_K31812033	-0.029102991	inactive	N	SPE_K31812033	levobunolol	-3.94	inactive
R4A_0001768_002	SPE_K73323637	-0.093747151	inactive	N	SPE_K73323637	levobunolol-(+)	-7.08	inactive
R4A_0002101_001	SPE_K26573499	-0.018564697	inactive	N	SPE_K26573499	DMAB-anabaseine	9.85	inactive
R4A_0000788_001	SPE_K68132782	0.115484423	inactive	N	SPE_K68132782	TERBINAFINE HYDROCHLORIDE	6.44	inactive
R4A_0005511_001	SPE_K81326768	-0.040900054	inactive	N	SPE_K81326768	ZOMEPIRAC SODIUM	-3.4	inactive
R4A_0003062_001	SPE_A29426959	-0.07345663	inactive	N	SPE_A29426959	CARBINOXAMINE MALEATE	2.78	inactive
R4A_0003158_001	SPE_K09001147	0.041256843	inactive	N	SPE_K09001147	T-62	-6.93	inactive
R4A_0002521_001	SPE_K11153516	-0.149718094	inactive	N	SPE_K11153516	Iniparib (BSI-201)	3.98	inactive
R4A_0005078_001	SPE_K68264559	-0.018861713	inactive	N	SPE_K68264559	brimonidine	0.37	inactive
R4A_0005209_001	SPE_K82027074	-0.112486443	inactive	N	SPE_K82027074	2-hydroxyflutamide	-5.53	inactive
R4A_0002067_001	SPE_K82603084	-0.073915863	inactive	N	SPE_K82603084	ETHYLENEDIAMINE TETRACETIC ACID	-11.45	inactive
R4A_0003281_001	SPE_K36461289	-0.159160266	inactive	N	SPE_K36461289	Picrotoxinin	-3.71	inactive
R4A_0002479_001	SPE_A75817871	-0.022947662	inactive	N	SPE_A75817871	blebbistatin-(+/-)	-2.01	inactive
R4A_0002479_002	SPE_K61295575	0.019406875	inactive	N	SPE_K61295575	(-)-Blebbistatin	-2.25	inactive
R4A_0003515_001	SPE_K36395411	-0.009253081	inactive	N	SPE_K36395411	SB-206553	-2.4	inactive
R4A_0003405_001	SPE_K25143390	-0.014666245	inactive	N	SPE_K25143390	MSX-122	0.01	inactive
R4A_0002395_001	SPE_A78377521	-0.09780309	inactive	N	SPE_A78377521	monastrol	-1.92	inactive
R4A_0002262_001	SPE_K00317371	-0.045902624	inactive	N	SPE_K00317371	RITA (NSC 652287)	-3.85	inactive
R4A_0004812_001	SPE_K67013324	-0.012823334	inactive	N	SPE_K67013324	luzindole	0.24	inactive
R4A_0003586_001	SPE_A37942872	-0.107133138	inactive	N	SPE_A37942872	eucatropine	-10.28	inactive
R4A_0002904_001					SPE_A78588743	EDITOL	7.78	inactive
R4A_0002694_001	SPE_A54141700	0.022243886	inactive	N	SPE_A54141700	dimetindene	10.34	inactive
R4A_0002694_002	SPE_K83192048	0.11325179	inactive	N	SPE_K83192048	dimethindene-(S)-(+)	12.02	inactive
R4A_0003519_001	SPE_K63874012	-0.017948815	inactive	N	SPE_K63874012	thioperamide	1.61	inactive
R4A_0004950_001	SPE_K65786282	0.02892343	inactive	N	SPE_K65786282	CGP-7930	-4.24	inactive
R4A_0003785_001	SPE_K68633617	-0.11675593	inactive	N	SPE_K68633617	ACDPP	-1.56	inactive
R4A_0003179_001	SPE_A61676498	-0.056560993	inactive	N	SPE_A61676498	CLIMBAZOLE	-4.32	inactive
R4A_0005074_001	SPE_A04971881	0.11026675	inactive	N	SPE_A04971881	cloranolol	36.08	inactive
R4A_0003611_001	SPE_K72078047	-0.039604963	inactive	N	SPE_K72078047	MUT056399	-1.4	inactive
R4A_0003025_001	SPE_K25394294	-0.130985149	inactive	N	SPE_K25394294	OXAPROZIN	-0.9	inactive
R4A_0002606_001					SPE_A40302156		1.13	inactive
R4A_0002312_001	SPE_K24240364	-0.062917809	inactive	N	SPE_K24240364	GYKI-52466	-5.77	inactive
R4A_0002733_001					SPE_K05434375	HA-1004?HCl	-3.17	inactive
R4A_0001027_001	SPE_K37714784	-0.111780813	inactive	N	SPE_K37714784	ABT-724	-2.24	inactive
R4A_0005102_001	SPE_K52172416	-0.117099761	inactive	N	SPE_K52172416	ANASTROZOLE	-9.99	inactive
R4A_0002457_001	SPE_A42167015	0.028121093	inactive	N	SPE_A42167015	Carteolol hydrochloride	-0.45	inactive
R4A_0003724_001					SPE_K05907307	NONIVAMIDE	4.32	inactive
R4A_0000806_001	SPE_K46523383	0.05347829	inactive	N	SPE_K46523383	PRAMOXINE HYDROCHLORIDE	2.18	inactive
R4A_0003632_001					SPE_K33335792	AMITRAZ	1.63	inactive
R4A_0002965_001	SPE_K88090157	0.726754044	active	Y	SPE_K88090157	PIMETHIXENE MALEATE	44.85	inactive
R4A_0001223_001					SPE_K84544951	SODIUM TETRADECYL SULFATE	-1.42	inactive
R4A_0003504_001	SPE_K18324993	0.056330627	inactive	N	SPE_K18324993	Budipine	4.66	inactive
R4A_0001444_001	SPE_K78061844	0.426294071	inactive	N	SPE_K78061844	4-PPBP	0.01	inactive
R4A_0001767_001	SPE_K13829090	-0.114623967	inactive	N	SPE_K13829090	IEM1460	0.34	inactive
R4A_0000215_001	SPE_K21415491	-0.104291547	inactive	N	SPE_K21415491	ALS-8112	-0.65	inactive
R4A_0002099_001	SPE_K26901728	-0.024474243	inactive	N	SPE_K26901728	Lumiracoxib (COX-189)	-3.27	inactive
R4A_0001561_001	SPE_K78841970	-0.071541768	inactive	N	SPE_K78841970	ASPARTAME	-3.16	inactive
R4A_0001016_001					SPE_A59709458	PHCCC	-1.82	inactive
R4A_0004126_001	SPE_K47105409	-0.075305691	inactive	N	SPE_K47105409	AG-490	-0.81	inactive
R4A_0004868_001	SPE_K49841478	-0.048383699	inactive	N	SPE_K49841478	"1-Ethyl-4-oxo-7-(4-pyridyl)-1,4-dihydroquinoline-3-carboxylic Acid"	-2.9	inactive
R4A_0001284_001	SPE_K38687824	-0.091563712	inactive	N	SPE_K38687824	3-({6-[(3-hydroxyphenyl)amino]pyridazin-3-yl}amino)phenol	-10.81	inactive
R4A_0002776_001	SPE_K83649660	-0.089593619	inactive	N	SPE_K83649660	VU0360172	1.13	inactive
R4A_0001544_001	SPE_K00141480	-0.095677436	inactive	N	SPE_K00141480	Tanshinone IIA (Tanshinone B)	-0.72	inactive
R4A_0005231_001	SPE_A68589262	-0.180354612	inactive	N	SPE_A68589262	Troxipide	-4.69	inactive
R4A_0004532_001	SPE_K49921286	-0.079848313	inactive	N	SPE_K49921286	LMK-235	-7.42	inactive
R4A_0001966_001	SPE_K46742498	0.068309634	inactive	N	SPE_K46742498	Alosetron?HCl	0.22	inactive
R4A_0000925_001	SPE_A19736161	0.006372519	inactive	N	SPE_A19736161	ONDANSETRON HYDROCHLORIDE	-1.72	inactive
R4A_0001708_001	SPE_K86727142	-0.113995967	inactive	N	SPE_K86727142	embelin	-1.73	inactive
R4A_0002064_001	SPE_K79116891	-0.151645756	inactive	N	SPE_K79116891	Proparacaine HCl	9	inactive
R4A_0002143_001	SPE_A54537387	0.116057711	inactive	N	SPE_A54537387	CINCHONIDINE	2.46	inactive
R4A_0002143_002	SPE_K14693417	-0.021036023	inactive	N	SPE_K14693417	CINCHONINE	0.13	inactive
R4A_0004836_001	SPE_K40227168	-0.082896569	inactive	N	SPE_K40227168	(-)-Eburnamonine	-3.26	inactive
R4A_0003589_001	SPE_A96466199	-0.089019373	inactive	N	SPE_A96466199	nuclomedone	-5.73	inactive
R4A_0000243_001	SPE_A54139254	0.081647157	inactive	N	SPE_A54139254	4-CMTB	-2.18	inactive
R4A_0000684_001					SPE_K08252256	DICLOFENAC SODIUM	-2.2	inactive
R4A_0003910_001					SPE_K50398167	MECLOFENAMATE SODIUM	-2.49	inactive
R4A_0003315_001	SPE_K01054709	-0.05464263	inactive	N	SPE_K01054709	TH588	-0.91	inactive
R4A_0001379_001	SPE_K00926464	9.59156E-05	inactive	N	SPE_K00926464	L-Tyrosylglycylglycine	-2.1	inactive
R4A_0003120_001	SPE_K77987382	0.025329053	inactive	N	SPE_K77987382	MEBENDAZOLE	2.13	inactive
R4A_0000927_001	SPE_A73891132	-0.015516752	inactive	N	SPE_A73891132	OXF-BD-02	-0.42	inactive
R4A_0004395_001	SPE_K11853856	-0.004591948	inactive	N	SPE_K11853856	PJ34 (hydrochloride)	0.11	inactive
R4A_0003718_001					SPE_K10177585	PSB-11	-9.88	inactive
R4A_0005304_001	SPE_K09126848	-0.117665638	inactive	N	SPE_K09126848	Nepicastat (hydrochloride)	4.75	inactive
R4A_0003438_001	SPE_A64227845	-0.04086862	inactive	N	SPE_A64227845	SKF-77434	-1.01	inactive
R4A_0004773_001	SPE_K25570267	-0.254690241	inactive	N	SPE_K25570267	ezutromid	-9.5	inactive
R4A_0002175_001	SPE_K50938287	-0.001409494	inactive	N	SPE_K50938287	SUMATRIPTAN	-1.88	inactive
R4A_0000219_001	SPE_A62057054	0.030093978	inactive	N	SPE_A62057054	MDL-11939	-0.41	inactive
R4A_0003814_001	SPE_K17565903	-0.082810943	inactive	N	SPE_K17565903	PRIDINOL METHANESULFONATE	3.27	inactive
R4A_0005466_001	SPE_A19195498	0.901467334	active	Y	SPE_A19195498	TRIMIPRAMINE MALEATE	34.56	inactive
R4A_0005259_001	SPE_K31168993	0.058586021	inactive	N	SPE_K31168993	McN-5652-(+/-)	14.06	inactive
R4A_0003272_001	SPE_K54759182	0.955423649	active	Y	SPE_K54759182	dosulepin	43.67	inactive
R4A_0000952_001	SPE_K75958195	0.865864294	active	Y	SPE_K75958195	PIZOTYLINE MALATE	42.56	inactive
R4A_0000624_001					SPE_K76139886	compound-58112	-1.81	inactive
R4A_0001807_001	SPE_K88682005	-0.004829133	inactive	N	SPE_K88682005	CHLOROTHIAZIDE	-0.42	inactive
R4A_0000596_001					SPE_K54093161		-10.31	inactive
R4A_0002860_001	SPE_K21673112	0.179367012	inactive	N	SPE_K21673112	BF2.649	27.92	inactive
R4A_0004538_001					SPE_A64485570	TRIFLURIDINE	0.71	inactive
R4A_0002872_001					SPE_K99984802	FLUNIXIN MEGLUMINE	-6.08	inactive
R4A_0003501_001	SPE_K61237927	-0.011681195	inactive	N	SPE_K61237927	Eslicarbazepine (acetate)	-0.57	inactive
R4A_0000095_001	SPE_K88742110	-0.077715525	inactive	N	SPE_K88742110	PCI-34051	-1.84	inactive
R4A_0001260_001	SPE_K33336844	-0.160297267	inactive	N	SPE_K33336844	Cryptotanshinone	-1.74	inactive
R4A_0000152_001	SPE_A07395371	-0.075404352	inactive	N	SPE_A07395371	Esmolol HCl	-2.41	inactive
R4A_0003424_001	SPE_A24429032	-0.14555285	inactive	N	SPE_A24429032	BE-2254	2.1	inactive
R4A_0000297_001					SPE_A02367930	ETHINYL ESTRADIOL	-0.56	inactive
R4A_0002740_001	SPE_A69917777	-0.119179051	inactive	N	SPE_A69917777	aminopentamide	-2.3	inactive
R4A_0000593_001	SPE_K08924299	0.004253421	inactive	N	SPE_K08924299	Palonosetron HCl	-0.94	inactive
R4A_0000834_001	SPE_K09946180	0.023064818	inactive	N	SPE_K09946180	CP-99994	18.77	inactive
R4A_0002353_001	SPE_A02532772	0.196285344	inactive	N	SPE_A02532772	talopram	29.52	inactive
R4A_0000201_001	SPE_K32744045	0.051101413	inactive	N	SPE_K32744045	DISULFIRAM	-1.1	inactive
R4A_0003419_001					SPE_A11776908	ENILCONAZOLE SULFATE	14.15	inactive
R4A_0003165_001	SPE_A39935389	-0.072982503	inactive	N	SPE_A39935389	Triglycidyl isocyanurate	-7.71	inactive
R4A_0002928_001					SPE_K78092779	2'-c-methylguanosine	7.18	inactive
R4A_0001771_001	SPE_K84466663	-0.084280463	inactive	N	SPE_K84466663	Nelarabine (Arranon)	-10.54	inactive
R4A_0002689_001	SPE_A00578795	-0.083619133	inactive	N	SPE_A00578795	Zaltoprofen	-6.91	inactive
R4A_0005197_001	SPE_K96809896	-0.040571037	inactive	N	SPE_K96809896	SKF-86002	-4.5	inactive
R4A_0002696_001	SPE_K29570907	-0.073545822	inactive	N	SPE_K29570907	sulmetozine	-0.06	inactive
R4A_0003414_001	SPE_K99604664	-0.028826586	inactive	N	SPE_K99604664	Tanaproget	-1.41	inactive
R4A_0004601_001	SPE_K89000287	-0.096784583	inactive	N	SPE_K89000287	BTB1	-9.73	inactive
R4A_0002040_001	SPE_K13078532	-0.042048395	inactive	N	SPE_K13078532	HYDROCHLOROTHIAZIDE	-2.21	inactive
R4A_0001889_001	SPE_K28470988	-0.083952843	inactive	N	SPE_K28470988	L-690330	2.57	inactive
R4A_0004587_001	SPE_A45906415	0.047655068	inactive	N	SPE_A45906415	N-(4-carboxyphenyl)-alpha-D-mannopyranosylamine	-5.7	inactive
R4A_0000148_001	SPE_K59339270	-0.028255768	inactive	N	SPE_K59339270	AH6809	-6.26	inactive
R4A_0003955_001	SPE_K29530284	-0.076843024	inactive	N	SPE_K29530284	AMLEXANOX	-4.3	inactive
R4A_0004567_001	SPE_K39166528	-0.103665421	inactive	N	SPE_K39166528	ID-8	-8.94	inactive
R4A_0002870_001					SPE_K12102668	NIALAMIDE	3.95	inactive
R4A_0003124_001	SPE_K47936004	0.015387361	inactive	N	SPE_K47936004	piribedil	-0.76	inactive
R4A_0000763_001	SPE_K86718786	-0.000855003	inactive	N	SPE_K86718786	SGC-707	-2.35	inactive
R4A_0004437_001	SPE_K77396579	-0.14326297	inactive	N	SPE_K77396579	NVP-DPP728	-4.45	inactive
R4A_0001241_001	SPE_K82731415	-0.039350462	inactive	N	SPE_K82731415	olomoucine	-1.91	inactive
R4A_0004106_001	SPE_K39621635	-0.085725951	inactive	N	SPE_K39621635	Artemether	-0.98	inactive
R4A_0001072_001	SPE_A13964793	-0.070537322	inactive	N	SPE_A13964793	TC1	4.29	inactive
R4A_0000422_001	SPE_A50675490	0.085828158	inactive	N	SPE_A50675490	carazolol	28.99	inactive
R4A_0003633_001					SPE_K81092066	phenacaine	3.29	inactive
R4A_0002294_001	SPE_K02867583	0.02593453	inactive	N	SPE_K02867583	MINAPRINE HYDROCHLORIDE	-1.84	inactive
R4A_0001585_001	SPE_A00758722	-0.117487372	inactive	N	SPE_A00758722	NORETHYNODREL	-3.8	inactive
R4A_0004464_001	SPE_A83260288	-0.027956364	inactive	N	SPE_A83260288	Norethindrone (Norethisterone)	-5.93	inactive
R4A_0005039_001	SPE_K30758549	0.065638642	inactive	N	SPE_K30758549	Isopropyl Palmitate	7.15	inactive
R4A_0002300_001	SPE_A51407134	-0.052087	inactive	N	SPE_A51407134	2-Octyldodecan-1-ol	-5.72	inactive
R4A_0003202_001					SPE_A11070335	Carbazochrome sodium sulfonate	6.98	inactive
R4A_0002409_001	SPE_A18611368	-0.083286145	inactive	N	SPE_A18611368	TAZOBACTAM	-1.32	inactive
R4A_0003149_001	SPE_K75649340	-0.166055311	inactive	N	SPE_K75649340	thioguanosine	19.11	inactive
R4A_0002125_001	SPE_K77951111	0.139856996	inactive	N	SPE_K77951111	PD-81723	-2.1	inactive
R4A_0004696_001	SPE_K52721684	-0.02107539	inactive	N	SPE_K52721684	PCO 400	-4.63	inactive
R4A_0001461_001					SPE_K71133585	SULFAQUINOXALINE SODIUM	-3.26	inactive
R4A_0005470_001	SPE_K23200955	0.045970448	inactive	N	SPE_K23200955	Imipenem Monohydrate	1.46	inactive
R4A_0001866_001	SPE_K07202345	0.057919491	inactive	N	SPE_K07202345	Frentizole	-0.57	inactive
R4A_0001333_001	SPE_K51318897	-0.017085316	inactive	N	SPE_K51318897	FENBENDAZOLE	-0.23	inactive
R4A_0004944_001	SPE_K75167327	-0.02511564	inactive	N	SPE_K75167327	anthranilic-acid	-4.05	inactive
R4A_0001533_001					SPE_K68095457	PALMIDROL [5mM]	-0.94	inactive
R4A_0003451_001	SPE_K88120876	-0.042032885	inactive	N	SPE_K88120876	EIPA	-1.36	inactive
R4A_0004124_001	SPE_K75641298	-0.064863576	inactive	N	SPE_K75641298	METOCLOPRAMIDE HYDROCHLORIDE	-0.15	inactive
R4A_0002474_001					SPE_K69172251	CISPLATIN	4.77	inactive
R4A_0003566_001					SPE_K57853941	OLSALAZINE SODIUM	-2.29	inactive
R4A_0002501_001	SPE_K26862302	0.002275919	inactive	N	SPE_K26862302	Diosmetin (Luteolin 4-methyl ether)	-2.3	inactive
R4A_0000696_001	SPE_K46585355	-0.111239492	inactive	N	SPE_K46585355	acetylsalicylsalicylic-acid	-8.73	inactive
R4A_0001656_001	SPE_K66030860	-0.045776544	inactive	N	SPE_K66030860	Salidroside (Rhodioloside)	-4.23	inactive
R4A_0004619_001	SPE_K89272762	-0.036790904	inactive	N	SPE_K89272762	NPPB	-0.35	inactive
R4A_0001820_001	SPE_K96233303	-0.062020823	inactive	N	SPE_K96233303	TMS	-1.18	inactive
R4A_0005437_001	SPE_K73524797	-0.014614741	inactive	N	SPE_K73524797	ST-1859	-2.53	inactive
R4A_0002630_001	SPE_A70182876	-0.038625235	inactive	N	SPE_A70182876	azapropazone	-1.18	inactive
R4A_0001991_001	SPE_K45841694	-0.010253062	inactive	N	SPE_K45841694	IU1	2.92	inactive
R4A_0004256_001	SPE_K37635256	-0.00740545	inactive	N	SPE_K37635256	S-07662	-6.74	inactive
R4A_0003894_001	SPE_K17368287	-0.056332287	inactive	N	SPE_K17368287	Adrenosterone	-0.84	inactive
R4A_0000404_001	SPE_K69636617	-0.020532037	inactive	N	SPE_K69636617	Testolactone	-2.34	inactive
R4A_0003569_001	SPE_K77627880	0.006852742	inactive	N	SPE_K77627880	A205804	-2.48	inactive
R4A_0003359_001	SPE_A36267905	-0.049942979	inactive	N	SPE_A36267905	NYLIDRIN HYDROCHLORIDE	18.63	inactive
R4A_0000188_001					SPE_K12872829	allylestrenol	0.46	inactive
R4A_0002296_001	SPE_A79857384	-0.032469802	inactive	N	SPE_A79857384	Captan	1.48	inactive
R4A_0000937_001	SPE_K15868788	-0.03687859	inactive	N	SPE_K15868788	SDZ-205-557	-0.97	inactive
R4A_0001576_001	SPE_A60821666	-0.069898566	inactive	N	SPE_A60821666	Etifoxine (hydrochloride)	-2.56	inactive
R4A_0004661_001	SPE_A57133233	0.639102299	active	Y	SPE_A57133233	Chlorcyclizine hydrochloride	44.36	inactive
R4A_0002885_001	SPE_K50490982	-0.007511036	inactive	N	SPE_K50490982	BROMINDIONE	-6.58	inactive
R4A_0001881_001	SPE_K83502127	-0.030897449	inactive	N	SPE_K83502127	trofinetide	6.91	inactive
R4A_0003127_001	SPE_K92581468	-0.049312108	inactive	N	SPE_K92581468	ocinaplon	0.82	inactive
R4A_0002597_001	SPE_K07061232	-0.096277242	inactive	N	SPE_K07061232	BW-616U	-1.39	inactive
R4A_0002258_001	SPE_K12539581	-0.103281823	inactive	N	SPE_K12539581	nocodazole	2.55	inactive
R4A_0001957_001	SPE_A78322124	-0.06300555	inactive	N	SPE_A78322124	Dobutamine (hydrochloride)	-2.76	inactive
R4A_0005167_001	SPE_A86414188	-0.131492448	inactive	N	SPE_A86414188	RACTOPAMINE HYDROCHLORIDE	1.5	inactive
R4A_0005125_001	SPE_K26362911	0.00952167	inactive	N	SPE_K26362911	Basic Fuchsin	-10.81	inactive
R4A_0001646_001					SPE_K88743730	TEGASEROD MALEATE	3.52	inactive
R4A_0003151_001	SPE_K93944989	0.059556393	inactive	N	SPE_K93944989	"Dihydrosphingosine, D-erythro"	-0.49	inactive
R4A_0000335_001	SPE_K79511609	-0.068588036	inactive	N	SPE_K79511609	2-chloroadenosine	1.94	inactive
R4A_0003222_001	SPE_K95785537	-0.041697356	inactive	N	SPE_K95785537	PP-2	0.6	inactive
R4A_0002150_001	SPE_K59753853	0.03831494	inactive	N	SPE_K59753853	MDL-29951	-0.99	inactive
R4A_0000057_001	SPE_K30466858	-0.030722042	inactive	N	SPE_K30466858	ELLAGIC ACID	4.42	inactive
R4A_0005280_001	SPE_K11590034	-0.150068098	inactive	N	SPE_K11590034	Morin hydrate (Aurantica)	-3.73	inactive
R4A_0003700_001	SPE_K97399794	0.028697393	inactive	N	SPE_K97399794	quercetin	-1.58	inactive
R4A_0000087_001	SPE_K30553453	-0.089500604	inactive	N	SPE_K30553453	Hesperetin	-4.36	inactive
R4A_0004854_001	SPE_K78342372	-0.175488052	inactive	N	SPE_K78342372	Hematoxylin (Hydroxybrazilin)	-3.36	inactive
R4A_0004936_001	SPE_K35601925	-0.065867412	inactive	N	SPE_K35601925	MB05032	-1.22	inactive
R4A_0000318_001	SPE_K01662324	-0.036958697	inactive	N	SPE_K01662324	priralfinamide	-0.12	inactive
R4A_0002774_001	SPE_K92613113	-0.099572555	inactive	N	SPE_K92613113	Safinamide Mesylate (FCE28073)	16.04	inactive
R4A_0001328_001	SPE_A87130939	0.075946675	inactive	N	SPE_A87130939	Nordihydroguaiaretic acid	-7.08	inactive
R4A_0003839_001	SPE_K68202742	-0.06574473	inactive	N	SPE_K68202742	Trichostatin A	-8.84	inactive
R4A_0003411_001	SPE_K00354853	-0.019989837	inactive	N	SPE_K00354853	RO-3	-0.7	inactive
R4A_0003150_001	SPE_K90472149	-0.038964184	inactive	N	SPE_K90472149	BCX 1470 (methanesulfonate)	6.82	inactive
R4A_0000385_001	SPE_A16700644	-0.027082218	inactive	N	SPE_A16700644	ISOXSUPRINE HYDROCHLORIDE	2.04	inactive
R4A_0003144_001	SPE_A87468186	-0.000637924	inactive	N	SPE_A87468186	FORMESTANE	-1.78	inactive
R4A_0000598_001	SPE_K44408410	-0.080917627	inactive	N	SPE_K44408410	2-methoxyestradiol	3.54	inactive
R4A_0004778_001					SPE_K58277159	NPC-01	-4.8	inactive
R4A_0002056_001	SPE_K15010214	-0.027441145	inactive	N	SPE_K15010214	Emedastine difumarate	3.32	inactive
R4A_0001099_001	SPE_K84036904	-0.117249217	inactive	N	SPE_K84036904	17??-Methyltestosterone	0.46	inactive
R4A_0004355_001	SPE_K99431849	0.018378826	inactive	N	SPE_K99431849	Peretinoin	0.07	inactive
R4A_0001514_001	SPE_A48180038	0.288554234	inactive	N	SPE_A48180038	TRIHEXYPHENIDYL HYDROCHLORIDE	23.42	inactive
R4A_0005359_001	SPE_K20755323	-0.052097327	inactive	N	SPE_K20755323	SKI-II	-1.8	inactive
R4A_0005339_001	SPE_K23301018	-0.053159345	inactive	N	SPE_K23301018	BROXYQUINOLINE	-2.78	inactive
R4A_0000208_001	SPE_K63630713	-0.004950497	inactive	N	SPE_K63630713	ETHACRYNIC ACID	-0.2	inactive
R4A_0003901_001					SPE_K89409436	chlorfenson	-7.57	inactive
R4A_0001278_001					SPE_K73469236	Nedaplatin	-1.46	inactive
R4A_0001887_001	SPE_K79107392	-0.087586996	inactive	N	SPE_K79107392	delphinidin	-9.23	inactive
R4A_0003017_001	SPE_K98769987	-0.045164998	inactive	N	SPE_K98769987	FlUMAZENIL	4.71	inactive
R4A_0001925_001	SPE_K08999871	0.035696838	inactive	N	SPE_K08999871	PIPEMIDIC ACID	-3.43	inactive
R4A_0003232_001	SPE_K89917372	-0.062173199	inactive	N	SPE_K89917372	Retigabine	-0.92	inactive
R4A_0004072_001					SPE_A62035778	SCOPOLAMINE HYDROBROMIDE	-1.02	inactive
R4A_0002430_001	SPE_A97104540	-0.010612144	inactive	N	SPE_A97104540	FENOTEROL HYDROBROMIDE	-1.14	inactive
R4A_0004152_001	SPE_A68631409	-0.121219897	inactive	N	SPE_A68631409	Evodiamine (Isoevodiamine)	8.12	inactive
R4A_0000060_001					SPE_K44164034	pumosetrag	-2.55	inactive
R4A_0003293_001	SPE_K81197548	-0.054721183	inactive	N	SPE_K81197548	NSC-632839	2.54	inactive
R4A_0004112_001	SPE_A94993966	-0.014002594	inactive	N	SPE_A94993966	Vildagliptin (LAF-237)	-5.49	inactive
R4A_0001307_001	SPE_K40581315	-0.048645865	inactive	N	SPE_K40581315	butabindide	-1.01	inactive
R4A_0000294_001	SPE_K63919159	0.279849952	inactive	N	SPE_K63919159	Cerestat	34.8	inactive
R4A_0004631_001	SPE_K34022604	0.003182022	inactive	N	SPE_K34022604	clofarabine	-8.91	inactive
R4A_0001869_001	SPE_K81341251	0.048139457	inactive	N	SPE_K81341251	TRAM-39	-3.02	inactive
R4A_0003656_001	SPE_A67799922	0.009215836	inactive	N	SPE_A67799922	Phenoxybenzamine (hydrochloride)	0.48	inactive
R4A_0001814_001	SPE_K29458283	-0.022023331	inactive	N	SPE_K29458283	CHLORAMBUCIL	-1.19	inactive
R4A_0000645_001	SPE_K94649603	-0.029112125	inactive	N	SPE_K94649603	Taxifolin (Dihydroquercetin)	-4.56	inactive
R4A_0003119_001	SPE_K68405354	-0.017778671	inactive	N	SPE_K68405354	spaglumic-acid	-0.28	inactive
R4A_0001990_001					SPE_K50720187	Flupirtine (Maleate)	-1.77	inactive
R4A_0003128_001	SPE_K60476892	0.053535265	inactive	N	SPE_K60476892	YC-1	-1.24	inactive
R4A_0000949_001	SPE_K60567437	-0.127060027	inactive	N	SPE_K60567437	DIMPYLATE	2.48	inactive
R4A_0005396_001	SPE_K77758223	-0.243053316	inactive	N	SPE_K77758223	furamidine	-7.69	inactive
R4A_0000091_001					SPE_K75445017	estetrol	-3.61	inactive
R4A_0000932_001	SPE_K01824921	-0.007176088	inactive	N	SPE_K01824921	DPCPX	9.14	inactive
R4A_0003234_001	SPE_K34154330	0.046374232	inactive	N	SPE_K34154330	tracazolate	6.87	inactive
R4A_0003282_001	SPE_A52460047	-0.015829392	inactive	N	SPE_A52460047	METHYLATROPINE NITRATE	8	inactive
R4A_0002602_001					SPE_K52113681	CP-339818	-2.27	inactive
R4A_0002783_001	SPE_K87700323	-0.038366313	inactive	N	SPE_K87700323	CETYLPYRIDINIUM CHLORIDE	-1.64	inactive
R4A_0001263_001	SPE_K33852358	-0.08187546	inactive	N	SPE_K33852358	"3-(4-chlorophenyl)-1-propyl-3,7-dihydro-1H-purine-2,6-dione"	-8.65	inactive
R4A_0000587_001	SPE_K56634222	0.143263353	inactive	N	SPE_K56634222	2-iodohippuric-acid	-3.23	inactive
R4A_0001162_001	SPE_K71499074	0.04306616	inactive	N	SPE_K71499074	Dichlorphenamide (Diclofenamide)	-0.52	inactive
R4A_0000011_001	SPE_K08310154	-0.072940375	inactive	N	SPE_K08310154	AG-1024	-4.99	inactive
R4A_0003200_001	SPE_K14988953	0.058048577	inactive	N	SPE_K14988953	AS-252424	-1.97	inactive
R4A_0001954_001	SPE_K83636919	-0.028231274	inactive	N	SPE_K83636919	Entacapone	-9.58	inactive
R4A_0000325_001	SPE_K83114366	0.008216306	inactive	N	SPE_K83114366	PF-06447475	-1.43	inactive
R4A_0001498_001	SPE_K92657060	0.014714036	inactive	N	SPE_K92657060	ZALEPLON	-1.2	inactive
R4A_0005275_001	SPE_K97643133	-0.084689066	inactive	N	SPE_K97643133	amiprilose	-8.5	inactive
R4A_0001368_001	SPE_A70067498	-0.010567677	inactive	N	SPE_A70067498	ATROPINE OXIDE	0.6	inactive
R4A_0001022_001	SPE_K26514105	-0.051972527	inactive	N	SPE_K26514105	GSK-37647	-4.15	inactive
R4A_0005174_001	SPE_K50590187	-0.020436247	inactive	N	SPE_K50590187	CAPSAICIN	-0.3	inactive
R4A_0004344_001	SPE_K51579475	1.005758777	active	Y	SPE_K51579475	Dapoxetine hydrochloride (Priligy)	43.4	inactive
R4A_0002793_001					SPE_A37752546	(1E)-1-(2-hydroxy-5-methylphenyl)-1-dodecanone oxime	1.92	inactive
R4A_0003440_001	SPE_K09255212	0.030325868	inactive	N	SPE_K09255212	CLIOQUINOL	1.15	inactive
R4A_0002081_001	SPE_K99092662	-0.023173948	inactive	N	SPE_K99092662	BMS-564929	-1.38	inactive
R4A_0004142_001	SPE_A50684349	0.033641762	inactive	N	SPE_A50684349	FENOLDOPAM MESYLATE	2.86	inactive
R4A_0000244_001	SPE_K08223200	0.407119368	inactive	N	SPE_K08223200	WAY-200070	-1.8	inactive
R4A_0002094_001	SPE_K15164005	-0.057222444	inactive	N	SPE_K15164005	apoptosis-activator-II	-3.12	inactive
R4A_0002604_001	SPE_K13223831	-0.045289479	inactive	N	SPE_K13223831	A-438079	-5.12	inactive
R4A_0002459_001	SPE_K86358349	-0.025241799	inactive	N	SPE_K86358349	bromantan	-2.12	inactive
R4A_0003706_001					SPE_K05977355	fluconazole	-0.51	inactive
R4A_0000107_001	SPE_K11071038	0.047550217	inactive	N	SPE_K11071038	ICI-162846	-0.35	inactive
R4A_0005311_001	SPE_K92524032	-0.096462351	inactive	N	SPE_K92524032	ochromycinone	-0.1	inactive
R4A_0001470_001	SPE_K53788420	-0.059816015	inactive	N	SPE_K53788420	AC-186	0.05	inactive
R4A_0002796_001	SPE_K22385716	-0.001146776	inactive	N	SPE_K22385716	LY303511	19.09	inactive
R4A_0003677_001	SPE_K59273480	0.007465954	inactive	N	SPE_K59273480	Propentofylline	1.24	inactive
R4A_0001356_001	SPE_K19601669	0.035354318	inactive	N	SPE_K19601669	S-Ruxolitinib	-6.34	inactive
R4A_0001356_002	SPE_K53972329	0.015394529	inactive	N	SPE_K53972329	Ruxolitinib (INCB018424)	-4.27	inactive
R4A_0004791_001					SPE_A29623586	ANISODAMINE HYDROBROMIDE (+/-)	-3.11	inactive
R4A_0005146_001	SPE_A26458246	0.023975786	inactive	N	SPE_A26458246	YS-49	10.95	inactive
R4A_0003590_001	SPE_K92467929	-0.059415778	inactive	N	SPE_K92467929	Oxandrolone	0.61	inactive
R4A_0001443_001	SPE_K99622919	-0.013674085	inactive	N	SPE_K99622919	BUTACAINE SULFATE	4.87	inactive
R4A_0004318_001	SPE_A56613951	0.004360284	inactive	N	SPE_A56613951	valethamate	-3.64	inactive
R4A_0004746_001	SPE_K79095980	-0.042687884	inactive	N	SPE_K79095980	5-BrdU	0.31	inactive
R4A_0005213_001	SPE_K96471533	-0.012608758	inactive	N	SPE_K96471533	NITAZOXANIDE	-2.98	inactive
R4A_0002113_001					SPE_K56086081	TUG-770	-8.03	inactive
R4A_0003290_001	SPE_A24514565	0.07610959	inactive	N	SPE_A24514565	WARFARIN	-1.2	inactive
R4A_0003863_001	SPE_K69346723	0.068471729	inactive	N	SPE_K69346723	GLUTATHIONE	-0.05	inactive
R4A_0000662_001	SPE_K27305650	-0.114658595	inactive	N	SPE_K27305650	LY294002	-6.91	inactive
R4A_0003206_001					SPE_K00674894	TAK-700 (Orteronel)	-0.4	inactive
R4A_0001295_001	SPE_K37865504	-0.017451704	inactive	N	SPE_K37865504	LY2183240	9.23	inactive
R4A_0005310_001	SPE_K77793136	-0.051563241	inactive	N	SPE_K77793136	hydroxyfasudil	-2.3	inactive
R4A_0000578_001	SPE_K10596918	-0.040348637	inactive	N	SPE_K10596918	DC-260126	-5.44	inactive
R4A_0003187_001	SPE_K19462402	-0.036393944	inactive	N	SPE_K19462402	BUFLOMEDIL HYDROCHLORIDE	3.55	inactive
R4A_0002724_001	SPE_K12742203	-0.008162053	inactive	N	SPE_K12742203	Moxaverine	-5.58	inactive
R4A_0002719_001	SPE_K45528773	-0.06625591	inactive	N	SPE_K45528773	M344	-7.81	inactive
R4A_0005306_001	SPE_K44876623	-0.021258635	inactive	N	SPE_K44876623	ZOLPIDEM	-1.72	inactive
R4A_0002709_001	SPE_K55991142	-0.022615728	inactive	N	SPE_K55991142	Alcaftadine	-2.54	inactive
R4A_0000560_001	SPE_A80280426	-0.064634198	inactive	N	SPE_A80280426	"2-(2,8-diisopropyl-3-thioxo-2,3-dihydro-4H-1,4-benzoxazin-4-yl)acetic acid"	-9.41	inactive
R4A_0001046_001	SPE_K44273375	-0.042757121	inactive	N	SPE_K44273375	TOLNAFTATE	-4.15	inactive
R4A_0004819_001	SPE_K37793595	-0.049527425	inactive	N	SPE_K37793595	Fabomotizole (hydrochloride)	0.41	inactive
R4A_0001151_001					SPE_K48061146	Benztropine mesylate	35.64	inactive
R4A_0002126_001	SPE_K88025533	1.010681087	active	Y	SPE_K88025533	Fingolimod (FTY720) HCl	46.42	inactive
R4A_0004154_001	SPE_K23728141	-0.075356041	inactive	N	SPE_K23728141	Tafamidis	0.19	inactive
R4A_0000842_001	SPE_K07656463	-0.019036184	inactive	N	SPE_K07656463	AS-1269574	-1.67	inactive
R4A_0003074_001	SPE_K65992024	-0.100330893	inactive	N	SPE_K65992024	Pirenoxine	-7.78	inactive
R4A_0001790_001	SPE_K14395568	-0.071700869	inactive	N	SPE_K14395568	NECA	-1.12	inactive
R4A_0000647_001	SPE_K38602774	-0.112115618	inactive	N	SPE_K38602774	SULISOBENZONE	-6.3	inactive
R4A_0001543_001	SPE_K76775527	-0.128050026	inactive	N	SPE_K76775527	NIMESULIDE	-7.18	inactive
R4A_0005090_001	SPE_K67860401	-0.081202292	inactive	N	SPE_K67860401	AR-A014418	-1.3	inactive
R4A_0003954_001	SPE_K03384561	0.011449656	inactive	N	SPE_K03384561	roquinimex	-2.25	inactive
R4A_0004292_001	SPE_K17415526	-0.016148475	inactive	N	SPE_K17415526	tyrphostin-AG-835	-1.75	inactive
R4A_0001227_001					SPE_K26530649	carboxypyridine-disulfide	3.39	inactive
R4A_0000427_001	SPE_K47407372	-0.100581937	inactive	N	SPE_K47407372	NIFENAZONE	-8.04	inactive
R4A_0002540_001	SPE_K87112191	0.073131972	inactive	N	SPE_K87112191	Torkinib (PP242)	8.54	inactive
R4A_0004446_001	SPE_K59574735	-0.012081343	inactive	N	SPE_K59574735	ubenimex	-1.61	inactive
R4A_0004594_001	SPE_K10843433	-0.085130992	inactive	N	SPE_K10843433	PHENYLBUTAZONE	-3.37	inactive
R4A_0003805_001					SPE_K14235254	GTS21	1.1	inactive
R4A_0003018_001	SPE_K41869275	0.030103226	inactive	N	SPE_K41869275	2-phenylmelatonin	-1.61	inactive
R4A_0003680_001					SPE_K34445261	SLV-320	-6.29	inactive
R4A_0001938_001	SPE_K70177501	-0.049163321	inactive	N	SPE_K70177501	INH1	2.34	inactive
R4A_0000343_001	SPE_K97472745	-0.106334421	inactive	N	SPE_K97472745	gestrinone	-5.99	inactive
R4A_0000568_001	SPE_K04185004	-0.060482241	inactive	N	SPE_K04185004	BENOXINATE HYDROCHLORIDE	18.9	inactive
R4A_0002490_001	SPE_K05677083	-0.028611588	inactive	N	SPE_K05677083	PACOCF3	-2.15	inactive
R4A_0005056_001	SPE_A23127772	-0.09403407	inactive	N	SPE_A23127772	Sclareol	-0.29	inactive
R4A_0000506_001	SPE_K21894922	-0.025986952	inactive	N	SPE_K21894922	TC-S-7009	-6.04	inactive
R4A_0004237_001	SPE_A57133765	0.016341089	inactive	N	SPE_A57133765	liarozole	-2.01	inactive
R4A_0005152_001					SPE_K76180386	JIB04 (NSC693627)	1.81	inactive
R4A_0004200_001	SPE_K71430621	0.222900964	inactive	N	SPE_K71430621	clobenpropit	17.52	inactive
R4A_0004051_001	SPE_K36262466	-0.03816203	inactive	N	SPE_K36262466	N-Acetylneuraminic acid	-2.76	inactive
R4A_0005166_001	SPE_K77867004	-0.064144757	inactive	N	SPE_K77867004	U-104	-1.55	inactive
R4A_0001283_001	SPE_K59317601	-0.071614623	inactive	N	SPE_K59317601	INK 128 (MLN0128)	1.87	inactive
R4A_0000822_001					SPE_K87777313	irosustat	0.16	inactive
R4A_0004354_001					SPE_K84810336	SULFISOXAZOLE ACETYL	-3.52	inactive
R4A_0005009_001					SPE_K68103045	CGS-20625	-3.03	inactive
R4A_0003032_001	SPE_K10575656	-0.029114753	inactive	N	SPE_K10575656	MRS3777 oxalate	-2.48	inactive
R4A_0003125_001	SPE_A83650191	0.000447563	inactive	N	SPE_A83650191	A61603	-5.3	inactive
R4A_0004574_001					SPE_A87606379	nadolol	-2.49	inactive
R4A_0000417_001	SPE_A99388803	0.008966277	inactive	N	SPE_A99388803	metipranolol	2.08	inactive
R4A_0001834_001	SPE_K62066682	0.008444265	inactive	N	SPE_K62066682	A-412997	-0.98	inactive
R4A_0001289_001	SPE_K77220725	0.281790909	inactive	N	SPE_K77220725	Ro-1138452	42.27	inactive
R4A_0005335_001	SPE_K28936863	-0.04710338	inactive	N	SPE_K28936863	KETOTIFEN FUMARATE	28.97	inactive
R4A_0003031_001	SPE_K01663662	0.012652354	inactive	N	SPE_K01663662	diphenidol	16.19	inactive
R4A_0000622_001	SPE_K68507560	0.063119456	inactive	N	SPE_K68507560	DICYCLOMINE HYDROCHLORIDE	7.59	inactive
R4A_0003067_001	SPE_A98174560	-0.096249896	inactive	N	SPE_A98174560	CHLORALOSE	-13.7	inactive
R4A_0000929_001	SPE_A65615053	-0.140860952	inactive	N	SPE_A65615053	zacopride	-9.6	inactive
R4A_0000779_001	SPE_K38966689	0.862033964	active	Y	SPE_K38966689	UAMC-00039	48.51	inactive
R4A_0001256_001	SPE_A81603255	-0.06257077	inactive	N	SPE_A81603255	CPSI-1306-(+/-)	-0.02	inactive
R4A_0003876_001	SPE_A91822151	-0.027629904	inactive	N	SPE_A91822151	Picrotin	2.24	inactive
R4A_0003289_001					SPE_K55250441	SULFADOXINE	-4.3	inactive
R4A_0005521_001	SPE_K71125014	0.063116502	inactive	N	SPE_K71125014	SULFADIMETHOXINE	-3.28	inactive
R4A_0005210_001	SPE_K37543758	-0.021222111	inactive	N	SPE_K37543758	Trepibutone	4.58	inactive
R4A_0002813_001	SPE_K55966568	-0.110244003	inactive	N	SPE_K55966568	orantinib	0.37	inactive
R4A_0002454_001					SPE_K76812510	DIPYRONE	-4.64	inactive
R4A_0002511_001	SPE_K03289534	-0.109213846	inactive	N	SPE_K03289534	Lersivirine	0.59	inactive
R4A_0002983_001	SPE_A94543220	-0.070005986	inactive	N	SPE_A94543220	BIFONAZOLE	-0.6	inactive
R4A_0001663_001					SPE_A14798026	MESTRANOL	-2.71	inactive
R4A_0004568_001					SPE_K14619660	ALTRENOGEST	1.92	inactive
R4A_0003969_001	SPE_K81077266	-0.12436267	inactive	N	SPE_K81077266	Gestodene	0.11	inactive
R4A_0001524_001	SPE_K93176058	0.037496646	inactive	N	SPE_K93176058	AC-55649	-2.19	inactive
R4A_0000490_001	SPE_A82772293	0.974653224	active	Y	SPE_A82772293	MEPAZINE	42.25	inactive
R4A_0003801_001					SPE_K46061689	Desogestrel	0.82	inactive
R4A_0004675_001	SPE_K73701464	-0.11827489	inactive	N	SPE_K73701464	Cloconazole HCl	2.27	inactive
R4A_0001799_001	SPE_K82357231	0.344506692	inactive	N	SPE_K82357231	DESLORATIDINE	18.09	inactive
R4A_0003681_001	SPE_K48869804	0.014677279	inactive	N	SPE_K48869804	icilin	-5.5	inactive
R4A_0001805_001	SPE_K09638361	0.04280161	inactive	N	SPE_K09638361	IC261	2.33	inactive
R4A_0002573_001	SPE_K42859542	0.009282444	inactive	N	SPE_K42859542	CFM-2	1.02	inactive
R4A_0000346_001	SPE_K15858023	-0.067166618	inactive	N	SPE_K15858023	ETP-45658	-4.96	inactive
R4A_0003571_001	SPE_K48905682	-0.10893529	inactive	N	SPE_K48905682	madrasin	0.3	inactive
R4A_0000783_001	SPE_K03164761	0.071618364	inactive	N	SPE_K03164761	Thiazovivin	-3.53	inactive
R4A_0001025_001					SPE_K49671696	KETANSERIN	-6.98	inactive
R4A_0005420_001	SPE_K20714604	0.100528211	inactive	N	SPE_K20714604	RS-56812	4.71	inactive
R4A_0004721_001					SPE_K58343622	DY131	-5.55	inactive
R4A_0003160_001	SPE_K32164935	-0.013467108	inactive	N	SPE_K32164935	TOLAZAMIDE	-4.53	inactive
R4A_0000625_001	SPE_K44942188	0.006691803	inactive	N	SPE_K44942188	Fomocain	14.29	inactive
R4A_0001857_001	SPE_K60907894	-0.039606058	inactive	N	SPE_K60907894	ADIPHENINE HYDROCHLORIDE	3.73	inactive
R4A_0003852_001	SPE_K66937583	-0.095688923	inactive	N	SPE_K66937583	lodoxamide	2.08	inactive
R4A_0000511_001	SPE_K71731651	-0.006060002	inactive	N	SPE_K71731651	PNU-120596	-2.8	inactive
R4A_0001961_001	SPE_A13116749	-0.13759322	inactive	N	SPE_A13116749	mabuterol	-1.04	inactive
R4A_0004137_001	SPE_K23902832	0.054109346	inactive	N	SPE_K23902832	R112	-1.2	inactive
R4A_0002134_001	SPE_K12762134	-0.061303219	inactive	N	SPE_K12762134	XAV-939	-1.76	inactive
R4A_0002268_001	SPE_K13167095	-0.037716207	inactive	N	SPE_K13167095	AR-42 (HDAC-42)	-6.12	inactive
R4A_0004489_001	SPE_K68392338	-0.000795587	inactive	N	SPE_K68392338	ZK-93426	-2.37	inactive
R4A_0000563_001	SPE_K41853443	-0.018853693	inactive	N	SPE_K41853443	"1,3-dipropyl-8-phenylxanthine"	-7.21	inactive
R4A_0004268_001	SPE_K36280065	0.007856092	inactive	N	SPE_K36280065	"Tofacitinib (CP-690550, Tasocitinib)"	-5.28	inactive
R4A_0002851_001					SPE_A27274504	butofilolol	20.28	inactive
R4A_0002848_001	SPE_K96006160	0.023370662	inactive	N	SPE_K96006160	Artemotil	-2.4	inactive
R4A_0001054_001					SPE_A71725768	2-methoxyphenyl 2-(4-isobutylphenyl)propanoate	-2.36	inactive
R4A_0004541_001	SPE_K76011241	0.030813983	inactive	N	SPE_K76011241	OSELTAMIVIR PHOSPHATE	-4.03	inactive
R4A_0001035_001	SPE_A21858158	-0.003404984	inactive	N	SPE_A21858158	PRAZIQUANTEL	-5.83	inactive
R4A_0005126_001	SPE_K15071410	0.007344659	inactive	N	SPE_K15071410	tiotidine	2.7	inactive
R4A_0002229_001	SPE_K18895904	0.004149754	inactive	N	SPE_K18895904	OLANZAPINE	-8.9	inactive
R4A_0004823_001	SPE_A14886633	-0.082283466	inactive	N	SPE_A14886633	NORGESTREL	-2.07	inactive
R4A_0000535_001	SPE_A29111201	0.011321293	inactive	N	SPE_A29111201	ETHISTERONE	-7.32	inactive
R4A_0004823_002					SPE_K10086084	LEVONORGESTREL	-1.88	inactive
R4A_0004646_001	SPE_K26674531	0.03699601	inactive	N	SPE_K26674531	GR-235	-1.45	inactive
R4A_0005234_001	SPE_A00546892	0.046463647	inactive	N	SPE_A00546892	Biperiden (Hydrochloride)	1.94	inactive
R4A_0003851_001	SPE_K69343602	-0.042910962	inactive	N	SPE_K69343602	ML-10302	-1.25	inactive
R4A_0003205_001					SPE_K81272440	dantrolene	-3.77	inactive
R4A_0000590_001	SPE_K86003836	-0.034737289	inactive	N	SPE_K86003836	FLUBENDAZOLE	-4.81	inactive
R4A_0003323_001					SPE_A69126730	CPA inhibitor	3.29	inactive
R4A_0005365_001	SPE_K07790550	-0.138113304	inactive	N	SPE_K07790550	Mavoglurant	2.06	inactive
R4A_0001110_001	SPE_K73027814	-0.034359403	inactive	N	SPE_K73027814	oxyfedrine	1.52	inactive
R4A_0001185_001					SPE_A92448440	sari-59-801	-2.9	inactive
R4A_0002545_001	SPE_A10967948	0.035033028	inactive	N	SPE_A10967948	GRANISETRON HYDROCHLORIDE	5.63	inactive
R4A_0002609_001	SPE_K12932420	9.30704E-06	inactive	N	SPE_K12932420	YM-976	-12	inactive
R4A_0005520_001	SPE_K69216798	-0.081988978	inactive	N	SPE_K69216798	Iodoantipyrine	-2.43	inactive
R4A_0002611_001	SPE_A85587465	0.02792063	inactive	N	SPE_A85587465	bemesetron	9.65	inactive
R4A_0001642_001	SPE_K01291782	0.047705874	inactive	N	SPE_K01291782	Molidustat	-0.16	inactive
R4A_0003568_001	SPE_K24031866	0.117569215	inactive	N	SPE_K24031866	MC1568	-1.73	inactive
R4A_0003891_001	SPE_K21733600	-0.018122497	inactive	N	SPE_K21733600	Rofecoxib	-2.07	inactive
R4A_0002391_001	SPE_K12994359	-0.083706602	inactive	N	SPE_K12994359	Valdecoxib	-5.1	inactive
R4A_0003627_001	SPE_K10671814	-0.018532277	inactive	N	SPE_K10671814	SULFAPHENAZOLE	-1.2	inactive
R4A_0003922_001	SPE_K21937671	0.018789162	inactive	N	SPE_K21937671	Loxistatin Acid (E-64C)	-2.18	inactive
R4A_0000462_001	SPE_K76210423	-0.05823722	inactive	N	SPE_K76210423	Resiquimod	0.48	inactive
R4A_0004913_001	SPE_A43974499	0.146066959	inactive	N	SPE_A43974499	reboxetine	11.04	inactive
R4A_0004751_001					SPE_K52959329	Mitiglinide Calcium	-4.71	inactive
R4A_0004495_001	SPE_K70505054	0.062892349	inactive	N	SPE_K70505054	RANITIDINE HYDROCHLORIDE	-3.1	inactive
R4A_0003597_001	SPE_K28354016	0.097641016	inactive	N	SPE_K28354016	HOMIDIUM BROMIDE	-2.9	inactive
R4A_0003747_001					SPE_A67479912	PROGESTERONE	-2.09	inactive
R4A_0005133_001	SPE_K60770992	0.186163256	inactive	N	SPE_K60770992	Pergolide mesylate	1.51	inactive
R4A_0001106_001					SPE_K52989797	CLOMIPRAMINE HYDROCHLORIDE	47.29	inactive
R4A_0003773_001	SPE_K97714174	0.00027431	inactive	N	SPE_K97714174	P22077	-1.5	inactive
R4A_0002061_001	SPE_K89072800	0.002547177	inactive	N	SPE_K89072800	2-TEDC	-12.16	inactive
R4A_0000291_001	SPE_A33447119	0.040159789	inactive	N	SPE_A33447119	OXFENDAZOLE	10.19	inactive
R4A_0004053_001	SPE_K64157027	-0.02803498	inactive	N	SPE_K64157027	ZD-2079	-2.13	inactive
R4A_0002940_001					SPE_K31633810	DAU-5884	-1.56	inactive
R4A_0003342_001	SPE_K76894955	-0.052259889	inactive	N	SPE_K76894955	A-804598	-7.08	inactive
R4A_0003486_001	SPE_A82156122	-0.016715929	inactive	N	SPE_A82156122	"Saxagliptin (BMS-477118,Onglyza)"	-6.61	inactive
R4A_0002857_001	SPE_A71033472	0.883166029	active	Y	SPE_A71033472	fendiline	43.68	inactive
R4A_0002087_001	SPE_K91111634	0.014832903	inactive	N	SPE_K91111634	Rotigotine	2.79	inactive
R4A_0001587_001	SPE_K25029121	-0.014145172	inactive	N	SPE_K25029121	Triclocarban	-9.98	inactive
R4A_0004983_001	SPE_K40758068	0.001068386	inactive	N	SPE_K40758068	Efavirenz	-4.09	inactive
R4A_0001125_001	SPE_K68336408	-0.17672953	inactive	N	SPE_K68336408	AG-1478 (Tyrphostin AG-1478)	5.64	inactive
R4A_0000536_001	SPE_K44091134	-0.01726865	inactive	N	SPE_K44091134	fluprazine	3.97	inactive
R4A_0001508_001	SPE_K61195623	0.073133864	inactive	N	SPE_K61195623	Combretastatin-A4	8.42	inactive
R4A_0003612_001	SPE_K08893438	0.088582825	inactive	N	SPE_K08893438	CCG 50014	-5.56	inactive
R4A_0005266_001	SPE_K02460719	-0.099926356	inactive	N	SPE_K02460719	SCH-51344	-1.31	inactive
R4A_0000421_001	SPE_K48367671	0.036165507	inactive	N	SPE_K48367671	FEBUXOSTAT	4.49	inactive
R4A_0002192_001	SPE_A03061970	0.050973504	inactive	N	SPE_A03061970	Alizapride hydrochloride	1.44	inactive
R4A_0002348_001	SPE_K76614248	-0.014733418	inactive	N	SPE_K76614248	atizoram	-5.61	inactive
R4A_0000363_001					SPE_K30421593	timolol	-1.83	inactive
R4A_0000772_001	SPE_K46741531	0.032403296	inactive	N	SPE_K46741531	Cafestol	-0.51	inactive
R4A_0002768_001	SPE_K75940276	-0.055329911	inactive	N	SPE_K75940276	CYM-5541	0.99	inactive
R4A_0005014_001	SPE_K59469039	-0.099259314	inactive	N	SPE_K59469039	Tyrphostin AG 879 (AG 879)	-2.37	inactive
R4A_0003133_001					SPE_K52183142	PREGNENOLONE	-3.36	inactive
R4A_0002702_001	SPE_K19482962	-0.10502826	inactive	N	SPE_K19482962	JNJ-63533054	-1.81	inactive
R4A_0000871_001	SPE_K47409078	0.004376278	inactive	N	SPE_K47409078	LH846	-2.21	inactive
R4A_0005044_001					SPE_K16180792	bis(maltolato)oxovanadium(IV)	3.46	inactive
R4A_0005065_001	SPE_K23566484	0.067941828	inactive	N	SPE_K23566484	NILUTAMIDE	-1.03	inactive
R4A_0003195_001	SPE_K46914825	0.031739171	inactive	N	SPE_K46914825	zimelidine	15.43	inactive
R4A_0004005_001	SPE_K27584835	-0.039462999	inactive	N	SPE_K27584835	kartogenin	-1.06	inactive
R4A_0001892_001	SPE_K05444225	-0.020764228	inactive	N	SPE_K05444225	E7449	0.43	inactive
R4A_0004330_001	SPE_K26122255	-0.040931614	inactive	N	SPE_K26122255	VLX-600	-3.55	inactive
R4A_0004330_002					SPE_K89053832	VLX600	-3.42	inactive
R4A_0004136_001					SPE_K13049524	STF-083010	-1.79	inactive
R4A_0005020_001	SPE_K29542628	-0.062230389	inactive	N	SPE_K29542628	1-naphthyl-PP1	1.01	inactive
R4A_0003011_001					SPE_K44353683	NATEGLINIDE	-9.88	inactive
R4A_0003808_001	SPE_K57304726	0.001931234	inactive	N	SPE_K57304726	PRE-084	-1.69	inactive
R4A_0002584_001	SPE_K95739795	-0.052218104	inactive	N	SPE_K95739795	tetrabenazine	6.09	inactive
R4A_0000012_001	SPE_K90630139	0.013849096	inactive	N	SPE_K90630139	Butenafine HCl	1.14	inactive
R4A_0000045_001	SPE_K05048137	-0.018833847	inactive	N	SPE_K05048137	Phytosphingosine	-1.8	inactive
R4A_0003154_001					SPE_K16136380	PYRITHIONE ZINC	1.71	inactive
R4A_0002628_001					SPE_K08681769	IBANDRONATE SODIUM	3.23	inactive
R4A_0001650_001	SPE_K43149758	-0.18635213	inactive	N	SPE_K43149758	Myricetin (Cannabiscetin)	-9.27	inactive
R4A_0004856_001	SPE_K66412701	-0.079483296	inactive	N	SPE_K66412701	PAZUFLOXACIN MESYLATE	-1.97	inactive
R4A_0002118_001	SPE_K19227686	0.019899673	inactive	N	SPE_K19227686	PHENOLPHTHALEIN	-3.7	inactive
R4A_0004511_001	SPE_K94176593	-0.078154864	inactive	N	SPE_K94176593	TWS-119	0.14	inactive
R4A_0000551_001					SPE_K53517854	FLUVOXAMINE MALEATE	48.93	inactive
R4A_0002757_001	SPE_K17743125	-0.107926723	inactive	N	SPE_K17743125	Belinostat (PXD101)	-7.37	inactive
R4A_0003288_001	SPE_K22520627	-0.045684098	inactive	N	SPE_K22520627	Omberacetam	-1.74	inactive
R4A_0002711_001	SPE_K74765201	-0.159291395	inactive	N	SPE_K74765201	LY 171883	-2.7	inactive
R4A_0002652_001	SPE_K26169680	0.255415672	inactive	N	SPE_K26169680	robalzotan	-2.33	inactive
R4A_0002481_001					SPE_K48619321	METHSCOPOLAMINE BROMIDE	-2.43	inactive
R4A_0000126_001	SPE_A81233518	-0.10495358	inactive	N	SPE_A81233518	GLYCOPYRROLATE	5.08	inactive
R4A_0004932_001	SPE_A08840375	-0.04525425	inactive	N	SPE_A08840375	CID-5458317	-7.18	inactive
R4A_0002089_001	SPE_A96529864	-0.079887849	inactive	N	SPE_A96529864	Isosteviol	-11	inactive
R4A_0000197_001	SPE_A03204438	-0.085933255	inactive	N	SPE_A03204438	allopregnanolone	-1.08	inactive
R4A_0000197_002	SPE_K18172896	-0.063602786	inactive	N	SPE_K18172896	"(3?,5?)-3-Hydroxy-pregnan-20-one"	-0.04	inactive
R4A_0002883_001	SPE_A22152765	-0.033752852	inactive	N	SPE_A22152765	tridihexethyl	-9.31	inactive
R4A_0002641_001	SPE_A37390343	-0.078823414	inactive	N	SPE_A37390343	AMOROLFINE HYDROCHLORIDE	-0.24	inactive
R4A_0004566_001	SPE_K34234316	0.278931029	inactive	N	SPE_K34234316	BENZALKONIUM CHLORIDE HYDRATE	-2.95	inactive
R4A_0002648_001	SPE_K30213273	-0.065217207	inactive	N	SPE_K30213273	FENOFIBRIC ACID	-3.84	inactive
R4A_0003615_001	SPE_K51967704	-0.070814727	inactive	N	SPE_K51967704	BIIB021	-3.87	inactive
R4A_0005340_001	SPE_A68723818	0.035782908	inactive	N	SPE_A68723818	BROMPHENIRAMINE MALEATE	13.91	inactive
R4A_0004227_001	SPE_K61918008	0.090505908	inactive	N	SPE_K61918008	NQDI-1	-1.87	inactive
R4A_0000100_001	SPE_K41567364	0.018039702	inactive	N	SPE_K41567364	SB-334867	-1.47	inactive
R4A_0003035_001	SPE_K11196887	-0.043554081	inactive	N	SPE_K11196887	NORFLOXACIN	-0.64	inactive
R4A_0001238_001					SPE_A49906757	scopolamine-n-oxide	-4.04	inactive
R4A_0002931_001	SPE_K81801188	0.031054032	inactive	N	SPE_K81801188	PP-121	3.22	inactive
R4A_0005384_001	SPE_K80778372	0.046372956	inactive	N	SPE_K80778372	Ro-19-4605	-0.6	inactive
R4A_0002729_001	SPE_K60635008	0.020278875	inactive	N	SPE_K60635008	UNC-2327	-0.73	inactive
R4A_0000668_001	SPE_K91333421	-0.094252341	inactive	N	SPE_K91333421	Ro-67-7476	9.2	inactive
R4A_0000534_001	SPE_K98054437	-0.107517125	inactive	N	SPE_K98054437	Epalrestat	-0.12	inactive
R4A_0004242_001	SPE_K07460388	0.045785406	inactive	N	SPE_K07460388	PHP-501 trifluoroacetate	-3.65	inactive
R4A_0004045_001	SPE_K29626940	-0.051546285	inactive	N	SPE_K29626940	Imidafenacin	-2.02	inactive
R4A_0001917_001					SPE_K55703048	"latrepirdine, Dimebon dihydrochloride"	30.57	inactive
R4A_0004135_001	SPE_K88153212	-0.024242814	inactive	N	SPE_K88153212	Tetradecyl Nicotinate	3.32	inactive
R4A_0004419_001	SPE_A48376327	0.058422687	inactive	N	SPE_A48376327	igmesine	27.71	inactive
R4A_0002244_001					SPE_K97688263	Benzamil HCl	17.21	inactive
R4A_0005462_001	SPE_A54275602	-0.049358027	inactive	N	SPE_A54275602	Lanoconazole	0.65	inactive
R4A_0004679_001	SPE_A91699651	0.053976347	inactive	N	SPE_A91699651	CHLOROQUINE DIPHOSPHATE	18.02	inactive
R4A_0002003_001	SPE_A31204924	-0.074890811	inactive	N	SPE_A31204924	MITOTANE	-2.25	inactive
R4A_0002123_001	SPE_K01614093	-0.118870725	inactive	N	SPE_K01614093	Dihydromyricetin	-1.12	inactive
R4A_0001423_001	SPE_K80431395	-0.025776469	inactive	N	SPE_K80431395	triciribine	-1.63	inactive
R4A_0001596_001	SPE_K78113049	-0.096781581	inactive	N	SPE_K78113049	ENOXACIN	-7.56	inactive
R4A_0001441_001	SPE_K63750851	0.007187789	inactive	N	SPE_K63750851	MYCOPHENOLIC ACID	-0.26	inactive
R4A_0000667_001	SPE_K64834129	0.050824588	inactive	N	SPE_K64834129	eterobarb	-0.57	inactive
R4A_0001880_001					SPE_K30707190	PNU-74654	-3.82	inactive
R4A_0001109_001	SPE_K43992824	-0.081910148	inactive	N	SPE_K43992824	zoniporide	-1.94	inactive
R4A_0002575_001	SPE_K94534639	-0.098103235	inactive	N	SPE_K94534639	LY2811376	1.83	inactive
R4A_0004055_001	SPE_K99077012	-0.125703213	inactive	N	SPE_K99077012	befuraline	1.62	inactive
R4A_0003938_001	SPE_K00615600	0.065312788	inactive	N	SPE_K00615600	AG14361	10.75	inactive
R4A_0003231_001	SPE_K54955827	-0.067135346	inactive	N	SPE_K54955827	Niraparib	-1.55	inactive
R4A_0003812_001	SPE_K29895144	-0.13141432	inactive	N	SPE_K29895144	SKLB1002	-3.89	inactive
R4A_0003157_001	SPE_K28639661	-0.04687289	inactive	N	SPE_K28639661	NGD-94-1	3.76	inactive
R4A_0003880_001	SPE_A91733352	-0.067556265	inactive	N	SPE_A91733352	CAMYLOFINE DIHYDROCHLORIDE	13.66	inactive
R4A_0002471_001					SPE_A87479750	tenidap	-2.11	inactive
R4A_0004641_001	SPE_K78513633	-0.002121091	inactive	N	SPE_K78513633	lonidamine	0.38	inactive
R4A_0001232_001					SPE_A26835809	PX-478 2HCl	3.55	inactive
R4A_0001136_001	SPE_K45033733	0.041779148	inactive	N	SPE_K45033733	FAMCICLOVIR	7.98	inactive
R4A_0001449_001	SPE_K56565215	0.026911552	inactive	N	SPE_K56565215	Vipadenant	-1.13	inactive
R4A_0005171_001	SPE_K59256312	-0.07795021	inactive	N	SPE_K59256312	Gabexate (mesylate)	-13.88	inactive
R4A_0001669_001	SPE_K61524559	-0.114681287	inactive	N	SPE_K61524559	PFI-3	-9.51	inactive
R4A_0000378_001	SPE_K03109492	0.122178893	inactive	N	SPE_K03109492	NSC-663284	8.37	inactive
R4A_0001175_001	SPE_K27721098	-0.060460627	inactive	N	SPE_K27721098	CLOPIDOGREL SULFATE	-3.68	inactive
R4A_0004493_001	SPE_K89337853	-0.000537192	inactive	N	SPE_K89337853	Minodronic Acid Hydrate	6.24	inactive
R4A_0000287_001	SPE_K82028950	0.005792201	inactive	N	SPE_K82028950	CGH2466	-2.04	inactive
R4A_0005394_001	SPE_A51078674	0.226987822	inactive	N	SPE_A51078674	Diclofensine (hydrochloride)	12.66	inactive
R4A_0004217_001	SPE_K55305701	-0.004804471	inactive	N	SPE_K55305701	SC144	-1.48	inactive
R4A_0004111_001					SPE_K87718015	Dynasore	-0.67	inactive
R4A_0004732_001	SPE_K63979671	-0.061129893	inactive	N	SPE_K63979671	etifenin	-4.82	inactive
R4A_0001235_001	SPE_K34428485	-0.084411156	inactive	N	SPE_K34428485	AG-555	-1.59	inactive
R4A_0002543_001	SPE_K70614402	-0.106621275	inactive	N	SPE_K70614402	SEN-1269	-4.33	inactive
R4A_0003178_001					SPE_K93806173	N-MPPP	6.1	inactive
R4A_0000157_001	SPE_K48832421	0.041233637	inactive	N	SPE_K48832421	PIM-1-Inhibitor-2	0.29	inactive
R4A_0004686_001					SPE_K22969690	CHLORAMPHENICOL	-0.53	inactive
R4A_0004025_001	SPE_K65890018	-0.001364206	inactive	N	SPE_K65890018	SSR128129E (SSR)	-3.94	inactive
R4A_0003925_001	SPE_K21295289	-0.083829868	inactive	N	SPE_K21295289	Senicapoc	-0.04	inactive
R4A_0005432_001	SPE_K19958299	0.036666759	inactive	N	SPE_K19958299	TCS-2210	-1.98	inactive
R4A_0001409_001	SPE_K88560311	-0.138111435	inactive	N	SPE_K88560311	"Rucaparib (AG-014699,PF-01367338) phosphate"	13.28	inactive
R4A_0003588_001	SPE_K53814070	-0.088327468	inactive	N	SPE_K53814070	Ripasudil	0.75	inactive
R4A_0000398_001	SPE_A61154809	-0.001165597	inactive	N	SPE_A61154809	GLICLAZIDE	-6.34	inactive
R4A_0002205_001	SPE_A97479839	-0.029980461	inactive	N	SPE_A97479839	PIPERIDOLATE HYDROCHLORIDE	6.22	inactive
R4A_0004122_001	SPE_K01902415	-0.095506195	inactive	N	SPE_K01902415	pirinixic-acid	-1.65	inactive
R4A_0002856_001	SPE_K06890060	-0.017752399	inactive	N	SPE_K06890060	alda-1	-2	inactive
R4A_0002174_001	SPE_A35623999	-0.078214459	inactive	N	SPE_A35623999	CGP-37157	-3.44	inactive
R4A_0002005_001	SPE_K47816470	-0.021666422	inactive	N	SPE_K47816470	AF38469	-1.47	inactive
R4A_0005263_001					SPE_A67514145	FURALTADONE	8.14	inactive
R4A_0005490_001	SPE_K55166090	0.078942251	inactive	N	SPE_K55166090	EFLOXATE	-8.68	inactive
R4A_0005017_001					SPE_K66437909	KT-433	-9.49	inactive
R4A_0001335_001	SPE_K46435977	0.016905045	inactive	N	SPE_K46435977	VALACYCLOVIR HYDROCHLORIDE	4.32	inactive
R4A_0005241_001	SPE_K32372024	-0.03304588	inactive	N	SPE_K32372024	"N,N??-Diacetyl-L-cystine"	-11.67	inactive
R4A_0001354_001	SPE_A33749298	0.026571618	inactive	N	SPE_A33749298	OXYPHENBUTAZONE	-3.35	inactive
R4A_0004277_001					SPE_K34008116	Dolasetron	-7.26	inactive
R4A_0002676_001	SPE_K36467523	0.007958452	inactive	N	SPE_K36467523	Bindarit	-4.36	inactive
R4A_0000165_001	SPE_K06294530	-0.013038041	inactive	N	SPE_K06294530	UK 383367	-5.23	inactive
R4A_0000003_001	SPE_K28571773	-0.11253035	inactive	N	SPE_K28571773	SP-141	16.13	inactive
R4A_0004875_001	SPE_K76792630	-0.093672388	inactive	N	SPE_K76792630	TC-Mps1-12	0.58	inactive
R4A_0004779_002	SPE_K70301876	0.119188235	inactive	N	SPE_K70301876	ESCITALOPRAM OXALATE	2.98	inactive
R4A_0004516_001	SPE_K83020231	0.078091293	inactive	N	SPE_K83020231	DBPR108	-0.16	inactive
R4A_0001506_001	SPE_K27911943	-0.118368874	inactive	N	SPE_K27911943	"chromanol-293B-(-)-[3R,4S]"	-6.66	inactive
R4A_0004451_001	SPE_K52960356	0.06724212	inactive	N	SPE_K52960356	ACETOHEXAMIDE	4.62	inactive
R4A_0003946_001	SPE_K48195801	0.798171917	active	Y	SPE_K48195801	tecastemizole	24.3	inactive
R4A_0002402_001	SPE_K59632282	-0.004873427	inactive	N	SPE_K59632282	QUINIDINE GLUCONATE	11.5	inactive
R4A_0002402_002					SPE_K99257182	QUININE	3.64	inactive
R4A_0003848_001	SPE_K19309090	-0.111384903	inactive	N	SPE_K19309090	SR-95639A	1.05	inactive
R4A_0001539_001	SPE_K29313239	-0.050058422	inactive	N	SPE_K29313239	4-DAMP	-5.87	inactive
R4A_0001564_001					SPE_K71075609	Dorzolamide HCL	2.72	inactive
R4A_0000663_001	SPE_K71164191	-0.041553729	inactive	N	SPE_K71164191	KD-023	0.17	inactive
R4A_0001098_001					SPE_A08302182	Etonogestrel	-2.77	inactive
R4A_0004003_001					SPE_A42881122	cyamemazine	42.39	inactive
R4A_0005157_001	SPE_K03128577	0.084070224	inactive	N	SPE_K03128577	MG-624	1.51	inactive
R4A_0003207_001	SPE_K68402494	0.927014638	active	Y	SPE_K68402494	ML-9	47.16	inactive
R4A_0002351_001					SPE_K34508702	Itanapraced	2.46	inactive
R4A_0003869_001	SPE_K02782351	0.064966055	inactive	N	SPE_K02782351	SSR-180711	0.72	inactive
R4A_0002234_001	SPE_K64103579	-0.082418114	inactive	N	SPE_K64103579	ZLN-024	-4.09	inactive
R4A_0002046_001	SPE_K72726508	0.127189589	inactive	N	SPE_K72726508	arcyriaflavin-a	-10.63	inactive
R4A_0002633_001	SPE_K04282412	-0.055421939	inactive	N	SPE_K04282412	CAPOBENIC ACID	-0.54	inactive
R4A_0005309_001	SPE_K39576764	-0.071902086	inactive	N	SPE_K39576764	mivobulin	21.82	inactive
R4A_0003247_001					SPE_K48304345	Pixantrone (dimaleate)	-1.58	inactive
R4A_0004779_001	SPE_A47598013	0.14294157	inactive	N	SPE_A47598013	citalopram	19.29	inactive
R4A_0003559_001					SPE_K25596805	JNJ-16259685	-4.4	inactive
R4A_0002135_001					SPE_A07947329	Buparvaquone	-0.77	inactive
R4A_0000457_001					SPE_K41051431	amdinocillin	2.81	inactive
R4A_0004462_001	SPE_A89175223	0.048205983	inactive	N	SPE_A89175223	BISOPROLOL FUMARATE	-3.87	inactive
R4A_0004435_001	SPE_K35430135	0.936469448	active	Y	SPE_K35430135	SR-59230A	39.08	inactive
R4A_0003008_001	SPE_K84971356	0.009809694	inactive	N	SPE_K84971356	etafenone	30.55	inactive
R4A_0003713_001	SPE_K33133047	0.024060765	inactive	N	SPE_K33133047	Dapiprazole Hydrochloride	-0.76	inactive
R4A_0005366_001	SPE_K34122555	-0.069327675	inactive	N	SPE_K34122555	DENATONIUM BENZOATE	3.81	inactive
R4A_0003106_001	SPE_K54316499	0.672383774	active	Y	SPE_K54316499	Tolterodine tartrate (Detrol LA)	37.08	inactive
R4A_0000399_001	SPE_K66956375	-0.065829141	inactive	N	SPE_K66956375	oleoylethanolamide	-1.1	inactive
R4A_0004324_001	SPE_K62387885	-0.047722545	inactive	N	SPE_K62387885	Basimglurant	0.4	inactive
R4A_0000552_001	SPE_K04704168	0.180367355	inactive	N	SPE_K04704168	CLEMIZOLE HYDROCHLORIDE	8.68	inactive
R4A_0001983_001	SPE_K27955832	-0.07614996	inactive	N	SPE_K27955832	Lomeguatrib	-7.63	inactive
R4A_0002621_001	SPE_A35837007	-0.04594549	inactive	N	SPE_A35837007	Bilobalide	-3.55	inactive
R4A_0000525_001	SPE_K82823076	-0.064764827	inactive	N	SPE_K82823076	Ro-15-4513	-4.86	inactive
R4A_0001968_001	SPE_K22503835	-0.158475652	inactive	N	SPE_K22503835	scriptaid	-2.63	inactive
R4A_0004628_001	SPE_K30933884	-0.025963435	inactive	N	SPE_K30933884	UNBS5162	-1.75	inactive
R4A_0000810_001					SPE_A59435073	"Peficitinib (ASP015K, JNJ-54781532)"	-1.38	inactive
R4A_0001626_001	SPE_K62012036	-0.078394651	inactive	N	SPE_K62012036	Acitretin	0.98	inactive
R4A_0000548_001	SPE_A48300215	-0.027498317	inactive	N	SPE_A48300215	AJMALINE	-3.79	inactive
R4A_0003754_001					SPE_A24191444	ifenprodil	8.99	inactive
R4A_0002877_001	SPE_K37814297	0.272968139	inactive	N	SPE_K37814297	Acepromazine maleate	42.62	inactive
R4A_0003736_001					SPE_K90177246	TETROQUINONE	-0.49	inactive
R4A_0004468_001	SPE_K31394475	-0.035074344	inactive	N	SPE_K31394475	CP-376395	0.31	inactive
R4A_0002875_001	SPE_K50050533	0.03861071	inactive	N	SPE_K50050533	DOCOSANOL	6.73	inactive
R4A_0000882_001	SPE_K32405725	-0.089561132	inactive	N	SPE_K32405725	Etomoxir	-2.5	inactive
R4A_0003772_001	SPE_K01868942	0.014598639	inactive	N	SPE_K01868942	RS-23597-190	0.68	inactive
R4A_0003034_001	SPE_K05528470	0.074310898	inactive	N	SPE_K05528470	L-745870	1.68	inactive
R4A_0003749_001	SPE_K35960502	-0.071549695	inactive	N	SPE_K35960502	NICLOSAMIDE	-4.22	inactive
R4A_0003575_001	SPE_K37312348	0.146946824	inactive	N	SPE_K37312348	kenpaullone	-5.18	inactive
R4A_0001909_001					SPE_K21612934	leteprinim	-5.54	inactive
R4A_0002962_001	SPE_K17849083	-0.029270235	inactive	N	SPE_K17849083	TRANILAST	-9.61	inactive
R4A_0005049_001	SPE_K68756823	0.0195564	inactive	N	SPE_K68756823	FR-180204	-4.37	inactive
R4A_0005028_001	SPE_K45861246	-0.018145058	inactive	N	SPE_K45861246	AZAPERONE	2.76	inactive
R4A_0003464_001	SPE_K38158531	-0.108510872	inactive	N	SPE_K38158531	CP 101606	-7	inactive
R4A_0003924_001	SPE_K13944729	-0.105712224	inactive	N	SPE_K13944729	AA-29504	0.41	inactive
R4A_0002358_001	SPE_A06390036	-0.074276602	inactive	N	SPE_A06390036	HYDROQUINIDINE	6.8	inactive
R4A_0001715_001					SPE_K42504537	Norgestimate metabolite Norelgestromin	-0.74	inactive
R4A_0004876_001	SPE_K87691185	0.077086213	inactive	N	SPE_K87691185	FPS-ZM1	-0.41	inactive
R4A_0000283_001	SPE_K10974103	-0.011285425	inactive	N	SPE_K10974103	DILOXANIDE FUROATE	-2.6	inactive
R4A_0002914_001	SPE_K03273112	-0.158048638	inactive	N	SPE_K03273112	1-Azakenpaullone	3.76	inactive
R4A_0001748_001					SPE_A41840684		-10.78	inactive
R4A_0005269_001	SPE_K04176066	0.011044081	inactive	N	SPE_K04176066	BERGENIN	-0.33	inactive
R4A_0001558_001	SPE_K28010364	-0.028660867	inactive	N	SPE_K28010364	PFK-158	-2.62	inactive
R4A_0001601_001	SPE_K51137250	-0.062814898	inactive	N	SPE_K51137250	ML-297	-2.49	inactive
R4A_0001563_001	SPE_K82823804	0.025333988	inactive	N	SPE_K82823804	PD-407824	-0.49	inactive
R4A_0004398_001					SPE_A23195370	NALOXONE HYDROCHLORIDE	-3.91	inactive
R4A_0003546_001	SPE_K85406984	-0.185983421	inactive	N	SPE_K85406984	sobetirome	-1.53	inactive
R4A_0003450_001	SPE_K94948151	-0.008398496	inactive	N	SPE_K94948151	Macelignan	-2.28	inactive
R4A_0005008_001	SPE_K00519864	-0.019559118	inactive	N	SPE_K00519864	Peramivir Trihydrate	-2.33	inactive
R4A_0001977_001	SPE_K57432881	-0.112722659	inactive	N	SPE_K57432881	TIAPRIDE HYDROCHLORIDE	-4.53	inactive
R4A_0004508_001	SPE_K35775715	-0.084143654	inactive	N	SPE_K35775715	Liranaftate	-7.28	inactive
R4A_0004573_001	SPE_K48059230	-0.024332501	inactive	N	SPE_K48059230	YM-298198-desmethyl	-5.2	inactive
R4A_0000879_001	SPE_A98427211	-0.071653912	inactive	N	SPE_A98427211	Suplatast (Tosylate)	-1.75	inactive
R4A_0003488_001	SPE_K65331431	-0.004276644	inactive	N	SPE_K65331431	RETINYL ACETATE	-3.31	inactive
R4A_0001742_001	SPE_K75097983	-0.000936354	inactive	N	SPE_K75097983	promestriene	-0.32	inactive
R4A_0002360_001	SPE_K46791647	0.012148612	inactive	N	SPE_K46791647	stanozolol	-1.1	inactive
R4A_0003159_001	SPE_K01109406	0.053147331	inactive	N	SPE_K01109406	Nitisinone	-5.98	inactive
R4A_0000001_001	SPE_K13087974	-0.108673817	inactive	N	SPE_K13087974	CGP-52411	-7.23	inactive
R4A_0000083_001	SPE_K37991163	-0.081301806	inactive	N	SPE_K37991163	PAROXETINE HYDROCHLORIDE	13.84	inactive
R4A_0004169_001	SPE_A86665761	-0.108345492	inactive	N	SPE_A86665761	gabapentin-enacarbil	-4.68	inactive
R4A_0001675_001	SPE_K83459933	-0.082182713	inactive	N	SPE_K83459933	Sinomenine (Cucoline)	-3.29	inactive
R4A_0001653_001	SPE_K12885236	-0.055821461	inactive	N	SPE_K12885236	Dapivirine (TMC120)	32.3	inactive
R4A_0003957_001	SPE_A07440155	-0.078813319	inactive	N	SPE_A07440155	LABETALOL HYDROCHLORIDE	-2.33	inactive
R4A_0005045_001	SPE_K69035426	-0.079341047	inactive	N	SPE_K69035426	Omeprazole sulphide	-4.05	inactive
R4A_0002224_001	SPE_A04497688	0.064754054	inactive	N	SPE_A04497688	Trilostane	-0.39	inactive
R4A_0003528_001	SPE_K72226571	-0.04605179	inactive	N	SPE_K72226571	A77636	-0.25	inactive
R4A_0000349_001	SPE_K06182768	0.054665835	inactive	N	SPE_K06182768	A-366	-2.04	inactive
R4A_0000304_001	SPE_K79595931	-0.027671655	inactive	N	SPE_K79595931	Bavisant (dihydrochloride hydrate)	-1.81	inactive
R4A_0003592_001	SPE_A64406146	0.054876464	inactive	N	SPE_A64406146	timofibrate	-4.08	inactive
R4A_0001874_001	SPE_K16077845	-0.036899002	inactive	N	SPE_K16077845	fentiazac	-1.64	inactive
R4A_0001381_001	SPE_A49544621	0.246683976	inactive	N	SPE_A49544621	AC-7954-(+/-)	27.54	inactive
R4A_0002083_001	SPE_K48735772	-0.16485176	inactive	N	SPE_K48735772	PD-158780	-7.32	inactive
R4A_0003856_001	SPE_A11069678	-0.079262737	inactive	N	SPE_A11069678	rac-BHFF	-2.16	inactive
R4A_0001824_001	SPE_A22707317	-0.052338268	inactive	N	SPE_A22707317	SB-205384	-2.02	inactive
R4A_0003669_001	SPE_K64852730	-0.010579967	inactive	N	SPE_K64852730	TTP-22	-1.68	inactive
R4A_0002756_001	SPE_A20758144	-0.005162557	inactive	N	SPE_A20758144	PRASTERONE ACETATE	0.97	inactive
R4A_0000679_001					SPE_A39791822	HYDROXYPROGESTERONE	0.05	inactive
R4A_0000302_001					SPE_K93900986	stetaderm	1.58	inactive
R4A_0005353_001	SPE_K98521173	-0.05897897	inactive	N	SPE_K98521173	desoxycortone	-9.19	inactive
R4A_0001608_001	SPE_A10662413	0.946319757	active	Y	SPE_A10662413	prenylamine	33.21	inactive
R4A_0005374_001	SPE_K77552740	-0.029704331	inactive	N	SPE_K77552740	Tiquizium bromide	-3.77	inactive
R4A_0001490_001	SPE_K11510141	-0.135402724	inactive	N	SPE_K11510141	Teprenone	-7.33	inactive
R4A_0005522_001	SPE_K78010432	-0.018578405	inactive	N	SPE_K78010432	FUROSEMIDE	-2.4	inactive
R4A_0000861_001					SPE_K77139516	ESI-09	-1.63	inactive
R4A_0000066_001					SPE_K34098590	tienilic-acid	-7.59	inactive
R4A_0001676_001	SPE_K08807999	-0.052505071	inactive	N	SPE_K08807999	NO-ASA	0.5	inactive
R4A_0000762_001	SPE_K36862742	-0.078261987	inactive	N	SPE_K36862742	HYDROFLUMETHIAZIDE	-2.43	inactive
R4A_0002728_001	SPE_K04804440	-0.068953923	inactive	N	SPE_K04804440	CIPROFLOXACIN	-1.31	inactive
R4A_0003495_001	SPE_K54330070	-0.090586039	inactive	N	SPE_K54330070	SB-202190	-1.56	inactive
R4A_0003649_001					SPE_A57382968	PIROXICAM	-3.43	inactive
R4A_0003258_001	SPE_K04623885	-0.129526571	inactive	N	SPE_K04623885	BIBR1532	-3.63	inactive
R4A_0005041_001	SPE_K98736329	0.094850223	inactive	N	SPE_K98736329	OXA-06	10.66	inactive
R4A_0002990_001	SPE_K21396683	-0.128412097	inactive	N	SPE_K21396683	Marimastat	-6.67	inactive
R4A_0001958_001	SPE_K40624912	-0.070274251	inactive	N	SPE_K40624912	ZM-39923	0.88	inactive
R4A_0003958_001					SPE_K73589491	NIZATIDINE	-10.76	inactive
R4A_0001584_001					SPE_A16767899	Oxymetholone	3.4	inactive
R4A_0001836_001	SPE_A08772153	0.130997633	inactive	N	SPE_A08772153	SQ109	29.19	inactive
R4A_0002151_001	SPE_K52512893	-0.106250763	inactive	N	SPE_K52512893	SC-19220	-0.36	inactive
R4A_0000510_001	SPE_K90524085	-0.012812667	inactive	N	SPE_K90524085	MY-5445	-0.95	inactive
R4A_0001336_001	SPE_K64557645	-0.084349368	inactive	N	SPE_K64557645	zotepine	13.92	inactive
R4A_0004903_001	SPE_A52588987	0.024947775	inactive	N	SPE_A52588987	SKF-83566	-0.71	inactive
R4A_0001196_001	SPE_K21913543	-0.044623374	inactive	N	SPE_K21913543	FLUORESCEIN	2.64	inactive
R4A_0000158_001	SPE_K23067689	-0.02946181	inactive	N	SPE_K23067689	Zanamivir (Relenza)	-15.84	inactive
R4A_0001673_001	SPE_K66898851	-0.01442723	inactive	N	SPE_K66898851	SANGUINARIUM CHLORIDE	-11.72	inactive
R4A_0004300_001	SPE_K11905747	-0.068426843	inactive	N	SPE_K11905747	SPECTINOMYCIN HYDROCHLORIDE	-2.31	inactive
R4A_0004704_001	SPE_K17511755	0.197640326	inactive	N	SPE_K17511755	APY-29	-1.4	inactive
R4A_0000123_001	SPE_K97417064	-0.065415651	inactive	N	SPE_K97417064	ACEDAPSONE	-4.32	inactive
R4A_0005288_001	SPE_K21718444	0.299005038	inactive	N	SPE_K21718444	KW 2449	29.58	inactive
R4A_0003129_001	SPE_K81004638	-0.029349011	inactive	N	SPE_K81004638	EC-23	-1.28	inactive
R4A_0003479_001					SPE_A35868371	"3-{[2-(Hydroxymethyl)-2-phenylbutanoyl]oxy}-8,8-dimethyl-8-azoniabicyclo[3.2.1]octane iodide"	0.66	inactive
R4A_0003014_001					SPE_A96060515	IPRATROPIUM BROMIDE	-3.79	inactive
R4A_0000840_001	SPE_K41445866	-0.237659523	inactive	N	SPE_K41445866	alfaxalone	0.24	inactive
R4A_0003262_001	SPE_K28217197	-0.013952487	inactive	N	SPE_K28217197	ganaxolone	-9.8	inactive
R4A_0004956_001	SPE_K61795638	-0.0635634	inactive	N	SPE_K61795638	LDN-209929	-9.55	inactive
R4A_0003006_001	SPE_A63675168	-0.063336542	inactive	N	SPE_A63675168	(E)-5-(2-Bromovinyl)-2'-deoxyuridine	-9.45	inactive
R4A_0005320_001					SPE_K47679368	Bromfenac Sodium	0.95	inactive
R4A_0004357_001	SPE_K79753741	-0.046892835	inactive	N	SPE_K79753741	UBP-302	-0.37	inactive
R4A_0000946_001	SPE_K55034111	0.00018217	inactive	N	SPE_K55034111	PEFLOXACIN MESYLATE	5.73	inactive
R4A_0003452_001	SPE_K06750613	-0.01433017	inactive	N	SPE_K06750613	GSK1059615	-4.06	inactive
R4A_0001861_001					SPE_K55191674	PENICILLIN G POTASSIUM	-4.24	inactive
R4A_0004643_001	SPE_K27051047	0.001189244	inactive	N	SPE_K27051047	AS-1892802	7.28	inactive
R4A_0002365_001					SPE_K22314899	CH223191	-3.95	inactive
R4A_0000721_001					SPE_A44863528	PROGLUMIDE SODIUM	-3.27	inactive
R4A_0002513_001					SPE_K08699567	CINOCTRAMIDE	-10.72	inactive
R4A_0005297_001	SPE_A93000692	-0.1128024	inactive	N	SPE_A93000692	ciglitazone	-1.61	inactive
R4A_0000520_001	SPE_K06181161	0.112635581	inactive	N	SPE_K06181161	CARBETAPENTANE CITRATE	6.63	inactive
R4A_0005499_001	SPE_A65797496	-0.012067982	inactive	N	SPE_A65797496	deptropine	45.47	inactive
R4A_0005153_001	SPE_K41337261	-0.156663299	inactive	N	SPE_K41337261	ZM-306416	-0.91	inactive
R4A_0004095_001	SPE_K51324732	-0.105064534	inactive	N	SPE_K51324732	meglitinide	-4.02	inactive
R4A_0001639_001	SPE_A40257118	0.013322864	inactive	N	SPE_A40257118	BQU57	-0.76	inactive
R4A_0001442_001	SPE_K89391146	-0.06189535	inactive	N	SPE_K89391146	RG108	-5.26	inactive
R4A_0002937_001	SPE_A48237631	-0.1402889	inactive	N	SPE_A48237631	MITOMYCIN	0.39	inactive
R4A_0001178_001	SPE_A84575140	0.0271077	inactive	N	SPE_A84575140	Pimobendan (Vetmedin)	0.03	inactive
R4A_0000368_001	SPE_K61041538	-0.042414584	inactive	N	SPE_K61041538	AZD1080	4.84	inactive
R4A_0000706_001					SPE_K67578145	GDC-0879	-1.63	inactive
R4A_0003303_001	SPE_K81330143	0.013335905	inactive	N	SPE_K81330143	Tideglusib	-0.73	inactive
R4A_0002899_001	SPE_K28453807	0.022673065	inactive	N	SPE_K28453807	nitrocaramiphen	9.04	inactive
R4A_0001476_001	SPE_K99819791	-0.078334962	inactive	N	SPE_K99819791	SA-47	-9.4	inactive
R4A_0000775_001	SPE_K47761761	-0.065160254	inactive	N	SPE_K47761761	PD-168077	-0.58	inactive
R4A_0001334_001	SPE_K06014311	0.044826574	inactive	N	SPE_K06014311	DH-97	-4.15	inactive
R4A_0005282_001	SPE_K30431096	0.634694012	active	Y	SPE_K30431096	Domiphen Bromide	7.61	inactive
R4A_0005207_001	SPE_K05653025	-0.03740438	inactive	N	SPE_K05653025	NHI-2	-5.6	inactive
R4A_0004010_001					SPE_K33903083	benfluralin	4.6	inactive
R4A_0005292_001					SPE_A75552914	ISOXICAM	1.26	inactive
R4A_0001266_001	SPE_K76845197	-0.037589422	inactive	N	SPE_K76845197	SULFANITRAN	4.56	inactive
R4A_0001895_001	SPE_K12244279	-0.031138993	inactive	N	SPE_K12244279	MEK1-2-inhibitor	5.68	inactive
R4A_0003177_001					SPE_K46133855	NXY-059 (Disufenton sodium)	-0.44	inactive
R4A_0003790_001	SPE_K64835161	-0.121855051	inactive	N	SPE_K64835161	ML167	-5.86	inactive
R4A_0004046_001	SPE_K60150510	-0.034185417	inactive	N	SPE_K60150510	N6-cyclopentyladenosine	-1.75	inactive
R4A_0001365_001	SPE_K96798615	-0.005691375	inactive	N	SPE_K96798615	S4	-9.64	inactive
R4A_0001209_001	SPE_K00627859	0.069694453	inactive	N	SPE_K00627859	Tubastatin A hydrochloride	1.21	inactive
R4A_0004669_001	SPE_K40109029	0.166957782	inactive	N	SPE_K40109029	SB-505124	-5.27	inactive
R4A_0003541_001	SPE_A09094913	-0.026188665	inactive	N	SPE_A09094913	STRYCHNINE SULFATE	1.13	inactive
R4A_0004157_001	SPE_A49046702	-0.009209681	inactive	N	SPE_A49046702	SKF-89976A	-1.78	inactive
R4A_0001949_001					SPE_A68281735	"REV-5901 / L-655,238"	-1.34	inactive
R4A_0000120_001	SPE_K61337602	-0.143878862	inactive	N	SPE_K61337602	Naratriptan HCl	-5.61	inactive
R4A_0004709_001	SPE_K67601717	-0.049516548	inactive	N	SPE_K67601717	Almotriptan malate (Axert)	-4.05	inactive
R4A_0001694_001	SPE_K17977438	0.07258587	inactive	N	SPE_K17977438	OXELAIDIN CITRATE	39	inactive
R4A_0005069_001	SPE_A99117172	-0.012763297	inactive	N	SPE_A99117172	HYDROXYCHLOROQUINE SULFATE	1.54	inactive
R4A_0003783_001					SPE_A19086570	"D-Fructose-1,6-diphosphate trisodium salt"	-4.87	inactive
R4A_0004328_001	SPE_K11796549	-0.102304394	inactive	N	SPE_K11796549	NBQX	-1.31	inactive
R4A_0000784_001	SPE_K82236179	-0.018410335	inactive	N	SPE_K82236179	DICUMAROL	-5.4	inactive
R4A_0001537_001	SPE_K94780074	0.171684653	inactive	N	SPE_K94780074	S-Nitrosoglutathione	3.47	inactive
R4A_0001194_001	SPE_K16755045	0.0512378	inactive	N	SPE_K16755045	CC-115	-2.57	inactive
R4A_0005105_001	SPE_K14796088	-0.02900375	inactive	N	SPE_K14796088	BERBERINE CHLORIDE	0.6	inactive
R4A_0004119_001	SPE_A10420615	-0.059857001	inactive	N	SPE_A10420615	cyclopiazonic-acid	-1.91	inactive
R4A_0001267_001	SPE_K81048131	-0.116773902	inactive	N	SPE_K81048131	AG-556	3.86	inactive
R4A_0004303_001	SPE_K99498722	-0.116203797	inactive	N	SPE_K99498722	plinabulin	-3.64	inactive
R4A_0001044_001	SPE_K09090523	0.041079294	inactive	N	SPE_K09090523	FIROCOXIB	3.73	inactive
R4A_0000571_001	SPE_K92377961	-0.049290583	inactive	N	SPE_K92377961	Catharanthine	6.61	inactive
R4A_0004890_001					SPE_K74193284	PHENYLMERCURIC ACETATE	2.59	inactive
R4A_0001421_001	SPE_K00989047	-0.025877346	inactive	N	SPE_K00989047	Trovirdine	-12.26	inactive
R4A_0005011_001	SPE_K01129913	-0.061492573	inactive	N	SPE_K01129913	Walrycin B	1.4	inactive
R4A_0003180_001	SPE_K22229656	-0.072322741	inactive	N	SPE_K22229656	UNC-926	-11.09	inactive
R4A_0004037_001	SPE_K97840621	0.017120131	inactive	N	SPE_K97840621	API-1	-2.7	inactive
R4A_0001822_001	SPE_K84173274	0.002576213	inactive	N	SPE_K84173274	Ufenamate	-2.32	inactive
R4A_0003394_001	SPE_K19605405	-0.021853956	inactive	N	SPE_K19605405	ZM-241385	-3.67	inactive
R4A_0004166_001	SPE_K66876909	-0.027520078	inactive	N	SPE_K66876909	LINEZOLID	-4.92	inactive
R4A_0001060_001	SPE_K43639297	-0.063304846	inactive	N	SPE_K43639297	Voxelotor	0.56	inactive
R4A_0001789_001	SPE_K80359953	-0.077888772	inactive	N	SPE_K80359953	talampanel	-1.29	inactive
R4A_0002485_001					SPE_A22844106	TENOXICAM	-7.11	inactive
R4A_0004795_001	SPE_K96295391	0.148273514	inactive	N	SPE_K96295391	PF-670462	-1.28	inactive
R4A_0001299_001	SPE_K01995783	-0.073789962	inactive	N	SPE_K01995783	AMG-9810	-2.62	inactive
R4A_0001803_001	SPE_K06625472	0.04010379	inactive	N	SPE_K06625472	Olopatadine hydrochloride (Opatanol)	-1.83	inactive
R4A_0000722_001	SPE_K26325692	0.001627376	inactive	N	SPE_K26325692	S1RA (hydrochloride)	-0.96	inactive
R4A_0003224_001					SPE_K46580984	phenserine	-9.99	inactive
R4A_0002926_001	SPE_K78096648	0.010969323	inactive	N	SPE_K78096648	oxiperomide	6.68	inactive
R4A_0001203_001	SPE_A29260609	-0.055971211	inactive	N	SPE_A29260609	ACEBUTOLOL HYDROCHLORIDE	-4.7	inactive
R4A_0001230_001	SPE_K75478907	0.089756411	inactive	N	SPE_K75478907	GS-39783	-1.26	inactive
R4A_0005037_001	SPE_K00673382	0.011885211	inactive	N	SPE_K00673382	FAMOTIDINE	-2.2	inactive
R4A_0003325_001	SPE_A92537424	0.013551455	inactive	N	SPE_A92537424	DANAZOL	0.07	inactive
R4A_0003102_001	SPE_K24219278	-0.0402697	inactive	N	SPE_K24219278	Amineptine	0.29	inactive
R4A_0002723_001					SPE_K66206289	Lobeline (hydrochloride)	13.81	inactive
R4A_0004790_001	SPE_A92933783	-0.00393578	inactive	N	SPE_A92933783	SM-21	24.78	inactive
R4A_0000641_001	SPE_K01673854	-0.044671251	inactive	N	SPE_K01673854	KH-CB19	-1.98	inactive
R4A_0000595_001	SPE_K21906513	-0.157918161	inactive	N	SPE_K21906513	UNC669	1.83	inactive
R4A_0003685_001	SPE_A50028488	-0.126080614	inactive	N	SPE_A50028488	TCS2002	-0.99	inactive
R4A_0002049_001					SPE_K26011976	Licochalcone A	-6.16	inactive
R4A_0003792_001	SPE_K92169341	0.054634144	inactive	N	SPE_K92169341	URB597	-5.98	inactive
R4A_0002550_001	SPE_K28567778	0.054932285	inactive	N	SPE_K28567778	neuropathiazol	-1.56	inactive
R4A_0001859_001	SPE_K37516142	-0.04897988	inactive	N	SPE_K37516142	IDEBENONE	3.89	inactive
R4A_0001474_001	SPE_A64808605	-0.045491902	inactive	N	SPE_A64808605	AH11110	-1.97	inactive
R4A_0000353_001	SPE_K67943528	-0.000353763	inactive	N	SPE_K67943528	Lisuride maleate	26.1	inactive
R4A_0002869_001	SPE_K85140930	0.042875719	inactive	N	SPE_K85140930	Aphidicolin	0.12	inactive
R4A_0000292_001	SPE_A34205397	0.677192065	active	Y	SPE_A34205397	SULOCTIDIL	-0.91	inactive
R4A_0001876_001	SPE_A26384407	0.023105992	inactive	N	SPE_A26384407	CHLORTHALIDONE	3.86	inactive
R4A_0004757_001	SPE_K02680176	-0.122442811	inactive	N	SPE_K02680176	clofilium	3.83	inactive
R4A_0004421_001					SPE_K00091711	RWJ-21757	-1.06	inactive
R4A_0000738_001					SPE_K49372556	mofezolac	-3.22	inactive
R4A_0003727_001	SPE_K70404782	0.012334446	inactive	N	SPE_K70404782	LM-22A4	-1.92	inactive
R4A_0004888_001	SPE_K53382462	-0.02240444	inactive	N	SPE_K53382462	propagermanium	-3.6	inactive
R4A_0002114_001	SPE_K29653726	-0.049287186	inactive	N	SPE_K29653726	TOPIRAMATE	-2.52	inactive
R4A_0004999_001	SPE_K15567136	-0.009177939	inactive	N	SPE_K15567136	PAPAVERINE HYDROCHLORIDE	-4.22	inactive
R4A_0000863_001	SPE_A59337442	-0.115843118	inactive	N	SPE_A59337442	Xamoterol fumarate	-4.42	inactive
R4A_0005464_001					SPE_K83003151	ALOGLIPTIN BENZOATE	-11.2	inactive
R4A_0004784_001	SPE_A87673115	-0.06002915	inactive	N	SPE_A87673115	Moguisteine	2.87	inactive
R4A_0004697_001					SPE_A72767275	nalmefene hydrochloride	-4.83	inactive
R4A_0004503_001	SPE_K02389548	-0.037176088	inactive	N	SPE_K02389548	RG2833 (RGFP109)	-7.59	inactive
R4A_0004299_001	SPE_K34685430	-0.050397582	inactive	N	SPE_K34685430	methylergometrine	5.79	inactive
R4A_0004789_001	SPE_K45044657	0.007502963	inactive	N	SPE_K45044657	TC-H-106	-1.6	inactive
R4A_0001039_001	SPE_K47337578	0.060588121	inactive	N	SPE_K47337578	4-(4-fluorobenzoyl)-1-(4-phenylbutyl)-piperidine	1.69	inactive
R4A_0000723_001	SPE_K78978711	-0.034398989	inactive	N	SPE_K78978711	KHS-101	46.93	inactive
R4A_0004947_001	SPE_A54635441	0.049033908	inactive	N	SPE_A54635441	levopropoxyphene	15.03	inactive
R4A_0004817_001	SPE_K51541829	-0.053999711	inactive	N	SPE_K51541829	Ro-25-6981	0.55	inactive
R4A_0002574_001	SPE_K05361803	0.006652186	inactive	N	SPE_K05361803	SC-10	3.17	inactive
R4A_0004918_001					SPE_K36270037	Aesculin (Esculin)	0.56	inactive
R4A_0003214_001	SPE_K58299615	-0.140613169	inactive	N	SPE_K58299615	Ro-90-7501	-2.7	inactive
R4A_0003784_001	SPE_K77943374	-0.073697041	inactive	N	SPE_K77943374	NVP-BVU972	3.96	inactive
R4A_0000387_001					SPE_K37355418	Efaproxiral sodium	9.78	inactive
R4A_0002993_001	SPE_K00768353	-0.099350659	inactive	N	SPE_K00768353	PERINDOPRILAT	-15.68	inactive
R4A_0004554_001	SPE_K45479396	-0.054096456	inactive	N	SPE_K45479396	BP-554	-1.49	inactive
R4A_0004881_001	SPE_K13183738	-0.099811585	inactive	N	SPE_K13183738	PENTAMIDINE ISETHIONATE	1.76	inactive
R4A_0001173_001	SPE_A62421304	-0.098599105	inactive	N	SPE_A62421304	MEPENZOLATE BROMIDE	-2.52	inactive
R4A_0001292_001	SPE_K09859624	-0.10901512	inactive	N	SPE_K09859624	methantheline	-5.19	inactive
R4A_0005115_001	SPE_K48888725	0.010940458	inactive	N	SPE_K48888725	1-(3-amino-2-methyl-benzyl)-4-(2-thiophen-2-yl-ethoxy)-2-pyridone	-2.44	inactive
R4A_0000402_001	SPE_K99922388	-0.035943183	inactive	N	SPE_K99922388	DPO-1	20.34	inactive
R4A_0001661_001	SPE_A09349126	-0.074010373	inactive	N	SPE_A09349126	NORETHINDRONE ACETATE	-3.91	inactive
R4A_0004270_001	SPE_A20644369	-0.022561073	inactive	N	SPE_A20644369	CANRENONE	6.9	inactive
R4A_0001921_001					SPE_A89207210	terguride	2.65	inactive
R4A_0004375_001	SPE_A29734509	0.018718691	inactive	N	SPE_A29734509	DISOPYRAMIDE PHOSPHATE	-1.61	inactive
R4A_0003833_001	SPE_K40901640	0.000998537	inactive	N	SPE_K40901640	cinanserin	8.24	inactive
R4A_0004274_001	SPE_K91495480	0.034835349	inactive	N	SPE_K91495480	Docosanoic acid	-4.46	inactive
R4A_0000004_001	SPE_K50417881	0.922773026	active	Y	SPE_K50417881	eticlopride	41.39	inactive
R4A_0000735_001	SPE_K38350380	-0.097380414	inactive	N	SPE_K38350380	FK 3311	-1.81	inactive
R4A_0005177_001	SPE_K13474508	0.03759484	inactive	N	SPE_K13474508	"L-655,708"	-2.2	inactive
R4A_0000804_001					SPE_A66559694	NALTREXONE HYDROCHLORIDE	-5.93	inactive
R4A_0003355_001	SPE_K23672206	-0.124043383	inactive	N	SPE_K23672206	Coluracetam	-2.52	inactive
R4A_0002042_001	SPE_K70402238	-0.125897379	inactive	N	SPE_K70402238	Nexturastat A	-9.88	inactive
R4A_0000312_001	SPE_A55272860	-0.054381983	inactive	N	SPE_A55272860	SULPIRIDE (S [-])	-0.35	inactive
R4A_0000312_002	SPE_K51671335	-0.089743579	inactive	N	SPE_K51671335	levosulpiride	-2.06	inactive
R4A_0002519_001	SPE_K87727457	-0.115249189	inactive	N	SPE_K87727457	VU-152100	0.46	inactive
R4A_0004474_001	SPE_K55677650	0.019852552	inactive	N	SPE_K55677650	CO-101244	-3.85	inactive
R4A_0000846_001	SPE_K24603946	0.015201895	inactive	N	SPE_K24603946	5-hydroxymethyl tolterodine (PNU 200577)	9.49	inactive
R4A_0000367_001	SPE_K41707108	-0.033313775	inactive	N	SPE_K41707108	ceramide	-6.85	inactive
R4A_0003510_001	SPE_A87983072	-0.044529588	inactive	N	SPE_A87983072	benzotript	-0.44	inactive
R4A_0005110_001	SPE_K67537649	0.778861404	active	Y	SPE_K67537649	PQ-401	-7.16	inactive
R4A_0003890_001	SPE_K76406695	-0.043782705	inactive	N	SPE_K76406695	CCT128930	37.06	inactive
R4A_0001337_001	SPE_K54028654	0.011099245	inactive	N	SPE_K54028654	Trehalose	-2.3	inactive
R4A_0001244_001	SPE_K74377520	0.020370036	inactive	N	SPE_K74377520	D-(+)-MALTOSE	-0.88	inactive
R4A_0000661_001					SPE_K74724920	sucrose	-5.71	inactive
R4A_0001815_001	SPE_K77258318	-0.111282842	inactive	N	SPE_K77258318	LACTULOSE	-3.22	inactive
R4A_0000290_001	SPE_K16107558	-0.042554228	inactive	N	SPE_K16107558	SB-297006	-1.7	inactive
R4A_0003275_001	SPE_K49110935	-0.0447803	inactive	N	SPE_K49110935	SB-772077B	-0.58	inactive
R4A_0003485_001	SPE_K90168339	-0.00085822	inactive	N	SPE_K90168339	THIOPHANATE METHYL	1.29	inactive
R4A_0002496_001	SPE_K49597925	-0.024438017	inactive	N	SPE_K49597925	SB-747651A	2.13	inactive
R4A_0000972_001	SPE_K72231366	0.00929241	inactive	N	SPE_K72231366	TAME	1.82	inactive
R4A_0004061_001	SPE_K91188791	0.122068285	inactive	N	SPE_K91188791	Aloxistatin	-5.05	inactive
R4A_0004248_001	SPE_K28578425	-0.009039879	inactive	N	SPE_K28578425	cilostamide	-1.64	inactive
R4A_0000055_001	SPE_A62743154	-0.026689818	inactive	N	SPE_A62743154	BIMU8 hydrate	15.46	inactive
R4A_0004707_001	SPE_K27074404	-0.075230724	inactive	N	SPE_K27074404	VU 0240551	-2.29	inactive
R4A_0001433_001	SPE_A50062753	-0.026708599	inactive	N	SPE_A50062753	LY-404187	2.07	inactive
R4A_0001542_001					SPE_K92908289	medica-16	-8.61	inactive
R4A_0004497_001	SPE_K68232413	-0.129030645	inactive	N	SPE_K68232413	Etizolam	-1.29	inactive
R4A_0001586_001					SPE_A12417644	(+)-Usniacin (D-Usnic acid)	-3.21	inactive
R4A_0005386_001	SPE_K09635314	-0.019583806	inactive	N	SPE_K09635314	m-3M3FBS	-1.98	inactive
R4A_0003991_001	SPE_K46384212	-0.044738797	inactive	N	SPE_K46384212	o-3M3FBS	-1.24	inactive
R4A_0002528_001	SPE_K60371362	-0.017045909	inactive	N	SPE_K60371362	osemozotan	2.27	inactive
R4A_0005283_001	SPE_A91831168	-0.159099781	inactive	N	SPE_A91831168	Tetrahydropapaverine hydrochloride	-1.72	inactive
R4A_0000518_001	SPE_K38473998	-0.16984256	inactive	N	SPE_K38473998	Cilomilast (SB-207499)	0.09	inactive
R4A_0000754_001	SPE_K37720887	-0.048575106	inactive	N	SPE_K37720887	SB-525334	-5.96	inactive
R4A_0003370_001	SPE_K99121711	0.275144081	inactive	N	SPE_K99121711	DIBUCAINE	47.81	inactive
R4A_0002044_001					SPE_K10990317	Clothiapine	26.74	inactive
R4A_0001156_001	SPE_K73642618	-0.093869303	inactive	N	SPE_K73642618	BROMOPRIDE	-5.26	inactive
R4A_0004514_001					SPE_A34513497	D-LACTITOL MONOHYDRATE	-8.28	inactive
R4A_0000815_001	SPE_K47031502	-0.10695786	inactive	N	SPE_K47031502	Eupatilin	-1.14	inactive
R4A_0003995_001					SPE_A60498477	tolamolol	8.71	inactive
R4A_0000414_001	SPE_K54006094	-0.083119695	inactive	N	SPE_K54006094	formoterol	-1.1	inactive
R4A_0000168_001	SPE_A85548292	-0.046454578	inactive	N	SPE_A85548292	piketoprofen	-3.2	inactive
R4A_0002737_001					SPE_K61443506	NEXIUM (esomeprazole magnesium)	-8.87	inactive
R4A_0002617_001	SPE_K38272302	0.043442927	inactive	N	SPE_K38272302	GK921	8.41	inactive
R4A_0003887_001	SPE_K46344388	-0.001051259	inactive	N	SPE_K46344388	UNC-3230	-5.89	inactive
R4A_0004564_001	SPE_K07785030	-0.096886252	inactive	N	SPE_K07785030	7-Oxo-dehydroepiandrosterone acetate	-7.66	inactive
R4A_0000838_001	SPE_A58193911	0.02464156	inactive	N	SPE_A58193911	OXYPHENCYCLIMINE HYDROCHLORIDE	-2.78	inactive
R4A_0001536_001	SPE_K63177377	0.02467554	inactive	N	SPE_K63177377	ETC-1002	-2.73	inactive
R4A_0001291_001					SPE_A20126139	MEDRYSONE	-3.27	inactive
R4A_0003237_001	SPE_A48720949	-0.145871916	inactive	N	SPE_A48720949	TESTOSTERONE PROPIONATE	5.62	inactive
R4A_0001030_001	SPE_K99615199	-0.096837309	inactive	N	SPE_K99615199	Medroxyprogesterone	-2.43	inactive
R4A_0004499_001	SPE_K15916496	-0.083909202	inactive	N	SPE_K15916496	CLOTRIMAZOLE	1.2	inactive
R4A_0002053_001	SPE_K30071764	-0.02975429	inactive	N	SPE_K30071764	TRAM-34	-1.59	inactive
R4A_0001541_001	SPE_K55029398	-0.06432252	inactive	N	SPE_K55029398	JNJ-40411813	-1.57	inactive
R4A_0004215_001	SPE_A10111329	-0.121125264	inactive	N	SPE_A10111329	ADENOSINE 5-MONOPHOSPHATE	-0.69	inactive
R4A_0003919_001	SPE_K62814476	0.265536442	inactive	N	SPE_K62814476	BMS-265246	7.58	inactive
R4A_0004352_001	SPE_K81225797	-0.021189058	inactive	N	SPE_K81225797	SCH-58261	-1.94	inactive
R4A_0005075_001	SPE_K98028353	-0.044432568	inactive	N	SPE_K98028353	Savolitinib	-1.11	inactive
R4A_0005498_001					SPE_K47169076	rhodamine-123	-7.82	inactive
R4A_0003726_001	SPE_A56241705	-0.185297055	inactive	N	SPE_A56241705	trimethoquinol	-7.76	inactive
R4A_0000293_001	SPE_K32768103	-0.036849868	inactive	N	SPE_K32768103	Vonoprazan Fumarate (TAK-438)	8.33	inactive
R4A_0002859_001	SPE_K87948281	-0.069741751	inactive	N	SPE_K87948281	Eptapirone	0.56	inactive
R4A_0004078_001	SPE_A55962179	-0.006284251	inactive	N	SPE_A55962179	OMEPRAZOLE	1.1	inactive
R4A_0002576_001	SPE_K56509348	-0.013055146	inactive	N	SPE_K56509348	BMS-182874	-1.78	inactive
R4A_0002642_001	SPE_K50293352	-0.12427889	inactive	N	SPE_K50293352	MM77	6.62	inactive
R4A_0000329_001	SPE_K83213911	0.049766435	inactive	N	SPE_K83213911	PF-750	-3.15	inactive
R4A_0003482_001	SPE_K12120659	-0.077635732	inactive	N	SPE_K12120659	GR-144053	-2.17	inactive
R4A_0001167_001	SPE_K12769093	0.117977725	inactive	N	SPE_K12769093	PNU-37883	-0.26	inactive
R4A_0002280_001					SPE_A85651701	clopamide	3.56	inactive
R4A_0001013_001	SPE_K12483104	0.023432582	inactive	N	SPE_K12483104	VU10010	-3.86	inactive
R4A_0001458_001	SPE_K14762862	-0.131120479	inactive	N	SPE_K14762862	I-BZA	2.74	inactive
R4A_0004736_001	SPE_K71698503	0.001926227	inactive	N	SPE_K71698503	N-[2-(diethylamino)ethyl]-2-iodobenzamide hydrochloride	-6.63	inactive
R4A_0000862_001	SPE_M29936662	0.07819886	inactive	N	SPE_M29936662	cis-ACPD	-0.35	inactive
R4A_0001538_001	SPE_K96354014	-0.06959707	inactive	N	SPE_K96354014	NIFEDIPINE	-3.4	inactive
R4A_0001770_001	SPE_K92758126	0.036774404	inactive	N	SPE_K92758126	(+)-Gibberellic acid	-2.41	inactive
R4A_0003497_001	SPE_A00218260	-0.096869931	inactive	N	SPE_A00218260	Flutrimazole	-0.78	inactive
R4A_0005307_001	SPE_A37536726	0.000492391	inactive	N	SPE_A37536726	Cephalexin	0.57	inactive
R4A_0001287_001	SPE_A01493904	0.101186806	inactive	N	SPE_A01493904	WB-4101	-4	inactive
R4A_0005313_001	SPE_A42270467	-0.09429672	inactive	N	SPE_A42270467	TENATOPRAZOLE	-3.31	inactive
R4A_0001529_001	SPE_A18233884	0.080567018	inactive	N	SPE_A18233884	Bevantolol HCl	34.08	inactive
R4A_0004670_001	SPE_K32891457	-0.069828324	inactive	N	SPE_K32891457	cortodoxone	-5.73	inactive
R4A_0003085_001	SPE_K73589401	-0.083873401	inactive	N	SPE_K73589401	corticosterone	-2.04	inactive
R4A_0001067_001	SPE_K01036220	-0.06869373	inactive	N	SPE_K01036220	JNJ-42041935	-2.3	inactive
R4A_0005117_001	SPE_K70163715	-0.021213773	inactive	N	SPE_K70163715	vatalanib	-1.32	inactive
R4A_0003042_001	SPE_K80725821	0.004944125	inactive	N	SPE_K80725821	RS-16566	11.84	inactive
R4A_0004612_001	SPE_K04111260	-0.066216686	inactive	N	SPE_K04111260	raclopride	-1.14	inactive
R4A_0002649_001	SPE_K06674495	-0.111934085	inactive	N	SPE_K06674495	Nafamostat mesylate	2.02	inactive
R4A_0003047_001	SPE_A63431791	-0.01740527	inactive	N	SPE_A63431791	Sulbactam Pivoxil	3.85	inactive
R4A_0004160_001	SPE_K13094524	-0.015133417	inactive	N	SPE_K13094524	PFI-1(PF-6405761)	26.76	inactive
R4A_0003948_001	SPE_K63483542	-0.055622989	inactive	N	SPE_K63483542	WAY 208466 dihydrochloride	-1.84	inactive
R4A_0000720_001	SPE_K71534238	-0.136364886	inactive	N	SPE_K71534238	GW-9508	-4.86	inactive
R4A_0002518_001	SPE_K78959463	0.022496047	inactive	N	SPE_K78959463	FPL-64176	0.65	inactive
R4A_0002191_001	SPE_A75514485	0.040826027	inactive	N	SPE_A75514485	CIM-0216	-0.17	inactive
R4A_0000019_001	SPE_A90751343	-0.045435792	inactive	N	SPE_A90751343	CaCCinh-A01	-2.3	inactive
R4A_0002022_001	SPE_K76953762	0.040260462	inactive	N	SPE_K76953762	indoramin	6.62	inactive
R4A_0001135_001	SPE_A61392169	-0.038385468	inactive	N	SPE_A61392169	eliprodil	0.68	inactive
R4A_0001225_001					SPE_A67531813	polyinosine	7.45	inactive
R4A_0002366_001	SPE_K13606314	-0.035800168	inactive	N	SPE_K13606314	P5091 (P005091)	-7.01	inactive
R4A_0004533_001	SPE_K37890730	-0.10659446	inactive	N	SPE_K37890730	camptothecin	-4.42	inactive
R4A_0004133_001	SPE_K67868012	-0.03136486	inactive	N	SPE_K67868012	PI-103	-1.98	inactive
R4A_0000895_001	SPE_K36463073	0.020132244	inactive	N	SPE_K36463073	OC000459	-5.37	inactive
R4A_0004014_001	SPE_K63018010	0.038526029	inactive	N	SPE_K63018010	Relebactam	-2.11	inactive
R4A_0003024_001	SPE_K67079690	-0.088692138	inactive	N	SPE_K67079690	LUF-5834	1.67	inactive
R4A_0002482_001	SPE_K99447003	-0.02980208	inactive	N	SPE_K99447003	ENALAPRILAT	6.81	inactive
R4A_0000207_001	SPE_K68432770	-0.035792484	inactive	N	SPE_K68432770	Ampicillin (sodium)	-3.56	inactive
R4A_0005285_001	SPE_K36741660	-0.09109591	inactive	N	SPE_K36741660	Verinurad	-2.29	inactive
R4A_0002797_001	SPE_K30480208	-0.031829333	inactive	N	SPE_K30480208	TORSEMIDE	2.56	inactive
R4A_0004015_001	SPE_K81855038	-0.107363848	inactive	N	SPE_K81855038	Roxatidine (Acetate Hydrochloride)	-8.47	inactive
R4A_0003385_001	SPE_K50163129	0.040197516	inactive	N	SPE_K50163129	Acrivastine	-3.52	inactive
R4A_0002435_001	SPE_K73610817	-0.054636627	inactive	N	SPE_K73610817	UC-112	-1.35	inactive
R4A_0002639_001	SPE_K12106308	-0.123168649	inactive	N	SPE_K12106308	K145 (hydrochloride)	10.04	inactive
R4A_0001001_001	SPE_K49685476	-0.020041487	inactive	N	SPE_K49685476	TTNPB	-1.89	inactive
R4A_0002742_001	SPE_K92441787	-0.087995108	inactive	N	SPE_K92441787	Bexarotene	-6.92	inactive
R4A_0001126_001	SPE_A14208071	0.032436874	inactive	N	SPE_A14208071	OXYPHENONIUM BROMIDE	1.26	inactive
R4A_0003241_001	SPE_K65928735	-0.068338107	inactive	N	SPE_K65928735	AZD-1480	-1.15	inactive
R4A_0000267_001	SPE_K06557128	-0.045856033	inactive	N	SPE_K06557128	Voriconazole	1.21	inactive
R4A_0000484_001	SPE_K72748448	-0.035042679	inactive	N	SPE_K72748448	APcK-110	-1.32	inactive
R4A_0004086_001	SPE_A61633223	-0.114468572	inactive	N	SPE_A61633223	Ulifloxacin	-2	inactive
R4A_0000408_001					SPE_K43966364	PENICILLIN V POTASSIUM	-2.47	inactive
R4A_0003345_001	SPE_K41438959	-0.015569071	inactive	N	SPE_K41438959	Perampanel	-1.57	inactive
R4A_0005510_001	SPE_A15435692	0.011522255	inactive	N	SPE_A15435692	BMY-14802	-0.6	inactive
R4A_0002788_001	SPE_A30774155	0.056500437	inactive	N	SPE_A30774155	Efinaconazole	-1.52	inactive
R4A_0003005_001	SPE_K54095730	0.183878235	inactive	N	SPE_K54095730	CMPD-1	1.16	inactive
R4A_0002695_001	SPE_K58937086	-0.090585726	inactive	N	SPE_K58937086	glutathione-monoisopropyl-ester	-6.76	inactive
R4A_0003696_001	SPE_A90807417	-0.12096903	inactive	N	SPE_A90807417	CEPHRADINE	-1.02	inactive
R4A_0003696_002	SPE_K13797099	-0.12186444	inactive	N	SPE_K13797099	Cefradine	-1.83	inactive
R4A_0000921_001	SPE_K28822270	-0.037020745	inactive	N	SPE_K28822270	Resminostat (RAS2410)	12.14	inactive
R4A_0001888_001	SPE_A22143024	-0.012118216	inactive	N	SPE_A22143024	ESTROPIPATE	10.85	inactive
R4A_0001011_001	SPE_K02130563	-0.094234637	inactive	N	SPE_K02130563	Panobinostat	-0.03	inactive
R4A_0003449_001	SPE_K25611237	-0.105246145	inactive	N	SPE_K25611237	ML324	-0.58	inactive
R4A_0003988_001	SPE_A15530910	0.158357569	inactive	N	SPE_A15530910	SDZ-21009	16.36	inactive
R4A_0004412_001	SPE_K19741547	-0.086247213	inactive	N	SPE_K19741547	Vernakalant (Hydrochloride)	-0.1	inactive
R4A_0004764_001	SPE_A82013137	-0.062268625	inactive	N	SPE_A82013137	PD-168568	-1.46	inactive
R4A_0004806_001	SPE_K42948882	0.217107624	inactive	N	SPE_K42948882	Mavorixafor (trihydrochloride)	1.31	inactive
R4A_0001296_001	SPE_K00111504	-0.038706289	inactive	N	SPE_K00111504	Abiraterone (CB-7598)	-5.26	inactive
R4A_0001796_001	SPE_K28935038	-0.116889292	inactive	N	SPE_K28935038	loracarbef	0.05	inactive
R4A_0002684_001	SPE_K81458380	0.014807386	inactive	N	SPE_K81458380	cx-4945 (Silmitasertib)	-4.43	inactive
R4A_0005317_001					SPE_K52284881	CHINIOFON	-9.09	inactive
R4A_0004391_001	SPE_K49027941	-0.086754588	inactive	N	SPE_K49027941	PSB-1115	5.6	inactive
R4A_0002109_001	SPE_K62427771	-0.092358162	inactive	N	SPE_K62427771	PAP-1	-1.22	inactive
R4A_0000886_001	SPE_K42624714	-0.014968887	inactive	N	SPE_K42624714	BML-284	4.88	inactive
R4A_0005062_001					SPE_K75080769	"trans-4-[8-(3-Fluorophenyl)-1,7-naphthyridin-6-yl]cyclohexanecarboxylic-acid"	-0.01	inactive
R4A_0002660_001	SPE_A80321291	-0.130305662	inactive	N	SPE_A80321291	Biapenem	-0.41	inactive
R4A_0005352_001	SPE_K18289362	-0.084348169	inactive	N	SPE_K18289362	PF-915275	0.54	inactive
R4A_0002806_001	SPE_K42221274	0.001961064	inactive	N	SPE_K42221274	NNC-711	5.78	inactive
R4A_0003799_001	SPE_K38860038	-0.125649694	inactive	N	SPE_K38860038	JK-184	3.19	inactive
R4A_0000396_001					SPE_A63236097	Andrographolide	7.42	inactive
R4A_0003704_001	SPE_K38727704	-0.174428504	inactive	N	SPE_K38727704	IPA-3	9.07	inactive
R4A_0000694_001	SPE_K53318339	-0.105358098	inactive	N	SPE_K53318339	VINPOCETINE	-9.49	inactive
R4A_0003333_001	SPE_K50325075	0.013979894	inactive	N	SPE_K50325075	UCL-2077	-7.19	inactive
R4A_0003972_001	SPE_K07395323	-0.022823485	inactive	N	SPE_K07395323	17-PA	-2.07	inactive
R4A_0003913_001	SPE_K08303368	-0.105048184	inactive	N	SPE_K08303368	CHLORPYRIFOS	-6.6	inactive
R4A_0000950_001	SPE_K69877120	-0.031353163	inactive	N	SPE_K69877120	CYM-50260	-4.79	inactive
R4A_0004798_001	SPE_A44133049	-0.021053484	inactive	N	SPE_A44133049	Azasetron HCl	-4.31	inactive
R4A_0005518_001	SPE_A47940219	0.063584422	inactive	N	SPE_A47940219	CE3F4	-1.34	inactive
R4A_0000555_001	SPE_K24187789	-0.072427587	inactive	N	SPE_K24187789	VU0238429	1.71	inactive
R4A_0004147_001	SPE_K79856806	0.017285611	inactive	N	SPE_K79856806	TA-01	-0.33	inactive
R4A_0005349_001	SPE_A75850590	-0.017838426	inactive	N	SPE_A75850590	LOMEFLOXACIN HYDROCHLORIDE	-1.13	inactive
R4A_0001288_001	SPE_K40578143	-0.082922628	inactive	N	SPE_K40578143	GR-79236	-1.85	inactive
R4A_0003775_001	SPE_K89375097	0.011092551	inactive	N	SPE_K89375097	PIRENZEPINE HYDROCHLORIDE	-4.07	inactive
R4A_0001176_001	SPE_K95899059	-0.068022776	inactive	N	SPE_K95899059	LY344864	32.86	inactive
R4A_0003203_001	SPE_K10852420	-0.053234595	inactive	N	SPE_K10852420	AH-7614	-4.31	inactive
R4A_0004123_001	SPE_K06854232	-0.078375157	inactive	N	SPE_K06854232	AM-580	-1.5	inactive
R4A_0002688_001	SPE_K36627727	-0.149365038	inactive	N	SPE_K36627727	Tamibarotene	-5.64	inactive
R4A_0005422_001	SPE_K95600043	-0.115424169	inactive	N	SPE_K95600043	NPY-5RA972	-3.9	inactive
R4A_0004974_001	SPE_K78373679	-0.046351221	inactive	N	SPE_K78373679	Ro-3306	-2.36	inactive
R4A_0002047_001					SPE_K64054020	Prostaglandin I2?sodium	0.37	inactive
R4A_0003038_001	SPE_K76841105	-0.05263549	inactive	N	SPE_K76841105	Tazarotene (Avage)	-1.97	inactive
R4A_0002640_001	SPE_K61323504	0.01096622	inactive	N	SPE_K61323504	SB-225002	-0.92	inactive
R4A_0005151_001	SPE_K00818915	-0.160609233	inactive	N	SPE_K00818915	SHP099 (hydrochloride)	13.57	inactive
R4A_0001140_001	SPE_A70268693	0.099222184	inactive	N	SPE_A70268693	PG-9	20.62	inactive
R4A_0000487_001	SPE_K98251413	-0.059353847	inactive	N	SPE_K98251413	IOX2	3.5	inactive
R4A_0000545_001	SPE_A22305049	-0.05958644	inactive	N	SPE_A22305049	BENFLUOREX HYDROCHLORIDE	6.92	inactive
R4A_0000550_001	SPE_K58568447	0.052932603	inactive	N	SPE_K58568447	K02288	0.12	inactive
R4A_0003182_001	SPE_K65503129	-0.006575486	inactive	N	SPE_K65503129	CCT018159	-6.77	inactive
R4A_0003609_001	SPE_K58466253	0.009860637	inactive	N	SPE_K58466253	Palmatine chloride	-5.54	inactive
R4A_0002991_001	SPE_A47494775	0.050832388	inactive	N	SPE_A47494775	dipivefrine	-4.47	inactive
R4A_0001431_001	SPE_A46066006	0.020093166	inactive	N	SPE_A46066006	CLIDINIUM BROMIDE	-3.37	inactive
R4A_0004896_001	SPE_K26521938	0.01700709	inactive	N	SPE_K26521938	dinoprostone	-1.87	inactive
R4A_0001516_001	SPE_K24201553	-0.077152915	inactive	N	SPE_K24201553	SB-269970	0.47	inactive
R4A_0003339_001	SPE_K14767410	0.007890266	inactive	N	SPE_K14767410	SC-560	-1.15	inactive
R4A_0000288_001	SPE_K24566386	-0.052380111	inactive	N	SPE_K24566386	SD-208	-2.83	inactive
R4A_0000698_001	SPE_K12423485	-0.063914433	inactive	N	SPE_K12423485	GRISEOFULVIN	3.46	inactive
R4A_0003674_001	SPE_A41451487	0.027331789	inactive	N	SPE_A41451487	PK-11195	-9.34	inactive
R4A_0001802_001	SPE_K46142322	-0.106563894	inactive	N	SPE_K46142322	RS-67333	5.01	inactive
R4A_0002963_001	SPE_K61128465	0.219580119	inactive	N	SPE_K61128465	Mdivi-1	-8.31	inactive
R4A_0001627_001	SPE_K95581532	0.110035168	inactive	N	SPE_K95581532	RN-1734	28.38	inactive
R4A_0004404_001					SPE_A65051990	Acenocoumarin	-4.22	inactive
R4A_0005473_001	SPE_K09597601	-0.031108	inactive	N	SPE_K09597601	UBP-310	-2.31	inactive
R4A_0003131_001	SPE_K14807180	0.032614425	inactive	N	SPE_K14807180	SB-221284	-9.16	inactive
R4A_0003242_001	SPE_K19412355	0.145623381	inactive	N	SPE_K19412355	SB 242235	-2.21	inactive
R4A_0001462_001	SPE_K31144453	-0.006173956	inactive	N	SPE_K31144453	AC-261066	7.08	inactive
R4A_0000494_001					SPE_K15327298	fmoc-l-leucine	-1.06	inactive
R4A_0000494_002	SPE_K65275554	-0.033984675	inactive	N	SPE_K65275554	NPC-15199	-9.45	inactive
R4A_0000989_001					SPE_K86670086	Sutezolid	5.74	inactive
R4A_0001886_001	SPE_K78941306	0.120920581	inactive	N	SPE_K78941306	SB-742457	39.62	inactive
R4A_0000470_001	SPE_K91868854	-0.094317246	inactive	N	SPE_K91868854	2-[1-(4-piperonyl)piperazinyl]benzothiazole	-3.98	inactive
R4A_0002165_001	SPE_K35941380	0.00200768	inactive	N	SPE_K35941380	methysergide	13.27	inactive
R4A_0004027_001	SPE_K46317332	0.923213762	active	Y	SPE_K46317332	PROADIFEN HYDROCHLORIDE	14.93	inactive
R4A_0001973_001	SPE_K14127446	-0.005923486	inactive	N	SPE_K14127446	ISOPROPAMIDE IODIDE	-2.21	inactive
R4A_0001737_001	SPE_K26813177	-0.004228171	inactive	N	SPE_K26813177	daltroban	-3.05	inactive
R4A_0000240_001	SPE_K09619578	0.100125107	inactive	N	SPE_K09619578	DS2-(806622)	-0.29	inactive
R4A_0004992_001	SPE_K76634210	-0.125680327	inactive	N	SPE_K76634210	Idoxuridin	-5.58	inactive
R4A_0002610_001	SPE_K68538666	-0.098269242	inactive	N	SPE_K68538666	ACECLOFENAC	0.06	inactive
R4A_0001134_001	SPE_K38398115	-0.0101871	inactive	N	SPE_K38398115	YM-511	-1.94	inactive
R4A_0005235_001	SPE_K71058253	-0.057166673	inactive	N	SPE_K71058253	Luliconazole	-11.64	inactive
R4A_0000638_001	SPE_K47114202	-0.146552129	inactive	N	SPE_K47114202	Chlorogenic acid	-3.46	inactive
R4A_0003246_001	SPE_K11631773	-0.068368671	inactive	N	SPE_K11631773	Sesamin (Fagarol)	-6.11	inactive
R4A_0004082_001	SPE_K64888243	-0.035489163	inactive	N	SPE_K64888243	AZ 960	32.79	inactive
R4A_0004760_001	SPE_A50922295	-0.059748615	inactive	N	SPE_A50922295	VALGANCICLOVIR HYDROCHLORIDE	-5.92	inactive
R4A_0000284_001	SPE_K79892937	-0.043969073	inactive	N	SPE_K79892937	PHENOLSULFONPHTHALEIN	-2.78	inactive
R4A_0003643_001	SPE_K98795921	-0.088458377	inactive	N	SPE_K98795921	VS-5584	-1.73	inactive
R4A_0005322_001	SPE_A60765580	-0.086768565	inactive	N	SPE_A60765580	Seratrodast	-2.21	inactive
R4A_0000361_001					SPE_K35586044	YOHIMBINE HYDROCHLORIDE	5.05	inactive
R4A_0003870_001	SPE_K89704198	-0.049662147	inactive	N	SPE_K89704198	VINCAMINE	0.7	inactive
R4A_0000437_001	SPE_K07691486	0.058001687	inactive	N	SPE_K07691486	"Roscovitine (Seliciclib, CYC202)"	2.12	inactive
R4A_0004759_001	SPE_A53561827	-0.083219189	inactive	N	SPE_A53561827	PIPENZOLATE BROMIDE	-13.2	inactive
R4A_0001193_001	SPE_K73691377	-0.026266401	inactive	N	SPE_K73691377	alprostadil	-7.26	inactive
R4A_0003400_001					SPE_K81672972	Prostaglandin F2?	1.08	inactive
R4A_0001447_001	SPE_K49076555	0.010966045	inactive	N	SPE_K49076555	Etretinate	-0.31	inactive
R4A_0005258_001	SPE_K51799616	-0.11153095	inactive	N	SPE_K51799616	"4,4'-DDT"	-2.17	inactive
R4A_0004835_001					SPE_K52020312	METRONIDAZOLE	-3	inactive
R4A_0004934_001	SPE_K41262162	-0.047646846	inactive	N	SPE_K41262162	DHBP	-1.75	inactive
R4A_0003327_001	SPE_A41657926	-0.03514253	inactive	N	SPE_A41657926	DICLORALUREA	-5	inactive
R4A_0002843_001	SPE_K33690734	0.063656749	inactive	N	SPE_K33690734	5-BDBD	0.69	inactive
R4A_0000420_001	SPE_K88570498	-0.059770702	inactive	N	SPE_K88570498	yoda-1	-6.45	inactive
R4A_0001980_001	SPE_K20995441	0.054785401	inactive	N	SPE_K20995441	U-54494A	1.63	inactive
R4A_0002844_001	SPE_K71467466	-0.132971167	inactive	N	SPE_K71467466	KPT-185	4.15	inactive
R4A_0004986_001	SPE_K40797222	-0.096710002	inactive	N	SPE_K40797222	Vidofludimus	-1.21	inactive
R4A_0000261_001	SPE_K68220839	-0.130579536	inactive	N	SPE_K68220839	LY2979165	-1.74	inactive
R4A_0003997_001	SPE_K01950558	0.003621138	inactive	N	SPE_K01950558	SUCCINYLSULFATHIAZOLE	-3.42	inactive
R4A_0001349_001	SPE_K73815512	-0.170542083	inactive	N	SPE_K73815512	HC-030031	-4.51	inactive
R4A_0002595_001					SPE_A13946108	SULINDAC	-2.21	inactive
R4A_0005099_001	SPE_K23005288	0.05853073	inactive	N	SPE_K23005288	SP-420	-2.45	inactive
R4A_0001483_001	SPE_A03359064	-0.082432802	inactive	N	SPE_A03359064	ICI-89406	-1.66	inactive
R4A_0000044_001	SPE_K35719256	-0.074508142	inactive	N	SPE_K35719256	Rotundine	0	inactive
R4A_0003086_001	SPE_K05464208	-0.004633877	inactive	N	SPE_K05464208	JX-401	2.55	inactive
R4A_0005109_001	SPE_K11443721	0.194746786	inactive	N	SPE_K11443721	NE-100	32.59	inactive
R4A_0001779_001	SPE_K79090631	0.008887382	inactive	N	SPE_K79090631	CGP-60474	1.41	inactive
R4A_0001480_001	SPE_K27293958	0.025555107	inactive	N	SPE_K27293958	tiaramide	-3.14	inactive
R4A_0001838_001	SPE_K39120595	-0.061596071	inactive	N	SPE_K39120595	BITHIONOL	0.89	inactive
R4A_0002830_001	SPE_K15656090	-0.031643672	inactive	N	SPE_K15656090	PIPOBROMAN	4.8	inactive
R4A_0000693_001					SPE_K04923131	GSK-3-inhibitor-IX	-9.29	inactive
R4A_0004443_001	SPE_K05445342	0.03196057	inactive	N	SPE_K05445342	WP1066	-3.24	inactive
R4A_0003156_001	SPE_K79711234	-0.109308623	inactive	N	SPE_K79711234	THIAMPHENICOL	-7.96	inactive
R4A_0005361_001	SPE_A05457250	0.215165068	inactive	N	SPE_A05457250	BAY-K-8644-(+/-)	2.07	inactive
R4A_0005361_002	SPE_K14329163	0.034479143	inactive	N	SPE_K14329163	BAY-K-8644-(s)-(-)	-1.73	inactive
R4A_0001139_001	SPE_A37347161	0.103626512	inactive	N	SPE_A37347161	BRL-52537	14.42	inactive
R4A_0000837_001					SPE_K33131085	gentiopicrin	-5.79	inactive
R4A_0001967_001	SPE_K53913732	-0.075645192	inactive	N	SPE_K53913732	SB-408124	3.8	inactive
R4A_0000285_001	SPE_K11683436	-0.083382014	inactive	N	SPE_K11683436	CH5183284 (Debio-1347)	-0.81	inactive
R4A_0001566_001	SPE_K68395654	-0.069710779	inactive	N	SPE_K68395654	QNZ (EVP4593)	1.1	inactive
R4A_0001999_001					SPE_K33732501	Methylnaltrexone (Bromide)	0.23	inactive
R4A_0001534_001	SPE_A48430263	-0.012525151	inactive	N	SPE_A48430263	PIOGLITAZONE HYDROCHLORIDE	2.36	inactive
R4A_0003285_001	SPE_A95683721	-0.008028084	inactive	N	SPE_A95683721	KW-3902	-1.95	inactive
R4A_0004921_001	SPE_A12147465	-0.058841534	inactive	N	SPE_A12147465	TC-A-2317	6.88	inactive
R4A_0002548_001	SPE_K50406511	-0.058290233	inactive	N	SPE_K50406511	Hycanthone	43.44	inactive
R4A_0003827_001					SPE_A39747742	ESTRADIOL VALERATE	-1.47	inactive
R4A_0004322_001					SPE_K77087341	2-Oleoylglycerol	-2.87	inactive
R4A_0001729_001					SPE_K61937613		4.73	inactive
R4A_0004311_001	SPE_K32942258	0.186636658	inactive	N	SPE_K32942258	R1530	-1.52	inactive
R4A_0001177_001	SPE_K60918217	-0.015267991	inactive	N	SPE_K60918217	Laquinimod (ABR-215062)	-0.79	inactive
R4A_0004219_001	SPE_M11664367	-0.059142406	inactive	N	SPE_M11664367	silver-sulfadiazine	4.03	inactive
R4A_0003009_001					SPE_K17219082	droxicam	-0.47	inactive
R4A_0002441_001	SPE_K85693895	0.041814838	inactive	N	SPE_K85693895	Tolrestat	-2.48	inactive
R4A_0003543_001	SPE_K45916615	0.000256477	inactive	N	SPE_K45916615	Danofloxacin Mesylate	-0.66	inactive
R4A_0001766_001					SPE_A88369366	Trelagliptin	-10.51	inactive
R4A_0003823_001	SPE_K66830666	-0.012037422	inactive	N	SPE_K66830666	BAZ2-ICR	-7.55	inactive
R4A_0005097_001	SPE_A97437073	-0.015412971	inactive	N	SPE_A97437073	ROSIGLITAZONE MALEATE	0.43	inactive
R4A_0002782_001					SPE_K66404838	Nalbuphine?HCl	1.96	inactive
R4A_0000732_001					SPE_K62370608	Cilastatin Sodium	-1.62	inactive
R4A_0003227_001					SPE_K46556543	"CANRENOIC ACID, POTASSIUM SALT"	-3.36	inactive
R4A_0004928_001	SPE_A65013509	0.20119955	inactive	N	SPE_A65013509	OXYBUTYNIN CHLORIDE	24.95	inactive
R4A_0000068_001	SPE_A30590053	0.26290571	inactive	N	SPE_A30590053	MR-16728	36.52	inactive
R4A_0001300_001	SPE_K14590126	-0.110678581	inactive	N	SPE_K14590126	farnesyl-thiosalicylic-acid-amide	-0.49	inactive
R4A_0004455_001	SPE_K28570407	-0.113772931	inactive	N	SPE_K28570407	A-803467	2.29	inactive
R4A_0000528_001	SPE_K57222227	-0.095742294	inactive	N	SPE_K57222227	INDOMETHACIN	-2.48	inactive
R4A_0001774_001	SPE_K18030938	-0.071298408	inactive	N	SPE_K18030938	chlorisondamine-diiodide	2.19	inactive
R4A_0000964_001	SPE_K25649279	-0.084996237	inactive	N	SPE_K25649279	2-iodomelatonin	-1.65	inactive
R4A_0000231_001	SPE_A30886737	0.036560921	inactive	N	SPE_A30886737	FLORFENICOL	2.58	inactive
R4A_0004629_001	SPE_K78844995	-0.12301668	inactive	N	SPE_K78844995	N-[2-(Piperidinylamino)ethyl]-4-iodobenzamide	12.32	inactive
R4A_0002030_001	SPE_K01624185	-0.094341381	inactive	N	SPE_K01624185	Lactobionic acid	-2.78	inactive
R4A_0003923_001	SPE_K49197823	-0.02846853	inactive	N	SPE_K49197823	CV-1808	-1.76	inactive
R4A_0003250_001	SPE_K38904395	0.095804831	inactive	N	SPE_K38904395	SAR131675	-5.39	inactive
R4A_0004972_001					SPE_A62525898	PREDNISONE	-1.73	inactive
R4A_0000452_001	SPE_A50764878	-0.05358513	inactive	N	SPE_A50764878	MDL-73005EF	-1.2	inactive
R4A_0003574_001	SPE_K96740444	-0.04202494	inactive	N	SPE_K96740444	ITOPRIDE  HYDROCHLORIDE	6.48	inactive
R4A_0000409_001	SPE_K78177893	-0.013589389	inactive	N	SPE_K78177893	A-674563	17.24	inactive
R4A_0003623_001					SPE_A99899486	cimetropium	7.9	inactive
R4A_0003135_001					SPE_K76788410	terameprocol	6.63	inactive
R4A_0001867_001	SPE_K86797399	0.004606368	inactive	N	SPE_K86797399	SB939 (Pracinostat)	-5	inactive
R4A_0004797_001	SPE_K98453471	-0.046561973	inactive	N	SPE_K98453471	Salirasib	-2.01	inactive
R4A_0004414_001	SPE_A31454688	-0.013484407	inactive	N	SPE_A31454688	Monostearin	-2.54	inactive
R4A_0004515_001	SPE_A72066420	-0.037287722	inactive	N	SPE_A72066420	mifobate	1.09	inactive
R4A_0002612_001	SPE_K54770957	-0.072475781	inactive	N	SPE_K54770957	Etoricoxib	-1.48	inactive
R4A_0004373_001	SPE_A30655177	-0.025786174	inactive	N	SPE_A30655177	LFM-A13	-1.16	inactive
R4A_0005414_001	SPE_K96671969	-0.127042832	inactive	N	SPE_K96671969	PA-824	-1.6	inactive
R4A_0001082_001					SPE_K61192372	CAPECITABINE	1.25	inactive
R4A_0002028_001	SPE_A24397426	0.042388561	inactive	N	SPE_A24397426	NADIFLOXACIN	1.06	inactive
R4A_0000666_001	SPE_K89584803	-0.080717037	inactive	N	SPE_K89584803	TC-S-7005	5.45	inactive
R4A_0004040_001	SPE_K76534306	-0.069778465	inactive	N	SPE_K76534306	ENROFLOXACIN	-3.87	inactive
R4A_0000274_001	SPE_K19477839	-0.000696905	inactive	N	SPE_K19477839	SGX-523	-7.32	inactive
R4A_0001383_001	SPE_K06712146	-0.101080914	inactive	N	SPE_K06712146	YM-90709	-1.86	inactive
R4A_0004013_001	SPE_K29660062	0.022098243	inactive	N	SPE_K29660062	TC-ASK-10	1.75	inactive
R4A_0002152_001					SPE_A39390670	Rabeprazole (sodium)	-0.77	inactive
R4A_0003192_001	SPE_K06208435	-0.003690706	inactive	N	SPE_K06208435	YS-035	-1.15	inactive
R4A_0001377_001					SPE_A45664787	Iloprost	0.07	inactive
R4A_0002890_001					SPE_K81916719	TRICLABENDAZOLE	-2.53	inactive
R4A_0004289_001	SPE_K56740996	-0.072121497	inactive	N	SPE_K56740996	flindokalner	-1.44	inactive
R4A_0003332_001	SPE_K76805682	-0.074231336	inactive	N	SPE_K76805682	SB-415286	0.32	inactive
R4A_0000195_001	SPE_K43428468	0.079092855	inactive	N	SPE_K43428468	PF-4800567	-4.63	inactive
R4A_0002735_001	SPE_K68674163	-0.073956944	inactive	N	SPE_K68674163	VU-0422288	-3.45	inactive
R4A_0002432_001	SPE_K26603252	0.008097407	inactive	N	SPE_K26603252	PD153035 (Hydrochloride)	-0.94	inactive
R4A_0000515_001	SPE_A95340155	-0.020497768	inactive	N	SPE_A95340155	Methyclothiazide	-4.62	inactive
R4A_0005060_001	SPE_K53809807	-0.067628131	inactive	N	SPE_K53809807	Fosphenytoin disodium salt hydrate	-0.37	inactive
R4A_0000790_001	SPE_K20313525	-0.088042102	inactive	N	SPE_K20313525	rosmarinic-acid	-3.9	inactive
R4A_0003381_001	SPE_A02006392	-0.027994476	inactive	N	SPE_A02006392	NITRENDIPINE	-6.48	inactive
R4A_0000611_001	SPE_K41918892	-0.039353562	inactive	N	SPE_K41918892	A-769662	-2.22	inactive
R4A_0000187_001	SPE_K32033120	-0.026637411	inactive	N	SPE_K32033120	BAY-41-2272	0.5	inactive
R4A_0000708_001	SPE_K81258678	-0.055299796	inactive	N	SPE_K81258678	Triptolide	17.58	inactive
R4A_0004349_001	SPE_K02160913	-0.042587701	inactive	N	SPE_K02160913	ML-365	-8.43	inactive
R4A_0002124_001	SPE_K75052463	-0.024655579	inactive	N	SPE_K75052463	"1-(4-fluorophenyl)-4-(3,4,5-trimethoxybenzyl)piperazine"	-5.69	inactive
R4A_0001034_001	SPE_K81376179	-0.077652699	inactive	N	SPE_K81376179	TCS-359	-1.46	inactive
R4A_0002546_001					SPE_A62731508	CORTISONE	-3.23	inactive
R4A_0003053_001					SPE_K00645576	PREDNISOLONE	-7.29	inactive
R4A_0003123_001	SPE_K44869961	0.024541988	inactive	N	SPE_K44869961	GPI-1046	0.06	inactive
R4A_0004626_001	SPE_K92492521	-0.002859753	inactive	N	SPE_K92492521	LY255283	-0.08	inactive
R4A_0005103_001					SPE_A53951045	Butylscopolamine bromide (Scopolamine butylb	-5.86	inactive
R4A_0002637_001					SPE_K95412502	Istaroxime (hydrochloride)	-2.18	inactive
R4A_0003459_001	SPE_K23403298	0.215834004	inactive	N	SPE_K23403298	Benzyldimethylhexadecylammonium chloride hydrate	-3.16	inactive
R4A_0005188_001	SPE_K50388907	-0.037023928	inactive	N	SPE_K50388907	FENOFIBRATE	0.11	inactive
R4A_0002712_001	SPE_K78659596	0.038661276	inactive	N	SPE_K78659596	Ixazomib (MLN2238)	2.32	inactive
R4A_0000220_001	SPE_K48112880	-0.087708287	inactive	N	SPE_K48112880	FH-535	-0.26	inactive
R4A_0000712_001	SPE_K59036917	-0.119126998	inactive	N	SPE_K59036917	ML161	-1.39	inactive
R4A_0000612_001	SPE_K13238168	-0.059756353	inactive	N	SPE_K13238168	haloprogin	7.92	inactive
R4A_0002720_001					SPE_K52487250		-6.38	inactive
R4A_0002098_001	SPE_K39987650	-0.149069956	inactive	N	SPE_K39987650	BISACODYL	-5.23	inactive
R4A_0002153_001	SPE_K34672903	-0.044295974	inactive	N	SPE_K34672903	HEMADO	-6.97	inactive
R4A_0005358_001					SPE_K12852738	veliflapon	-10.2	inactive
R4A_0003295_001					SPE_K81957469	Semagacestat (LY450139)	-2.24	inactive
R4A_0000725_001	SPE_A29289453	-0.032112402	inactive	N	SPE_A29289453	PCA-4248	-2.59	inactive
R4A_0001502_001	SPE_K64800655	0.26463321	inactive	N	SPE_K64800655	PHA-793887	2.05	inactive
R4A_0005517_001					SPE_K23082237	(+)-Butaclamol?HCl	6.12	inactive
R4A_0003640_001	SPE_K86954340	-0.074133557	inactive	N	SPE_K86954340	cetaben	0.86	inactive
R4A_0002708_001	SPE_K79555887	0.057350953	inactive	N	SPE_K79555887	RI-1	-4.29	inactive
R4A_0003335_001	SPE_K44777569	0.018359454	inactive	N	SPE_K44777569	Fenoxaprop-P-ethyl	-2.21	inactive
R4A_0002303_001	SPE_K61567297	-0.056610477	inactive	N	SPE_K61567297	Resatorvid	-5.48	inactive
R4A_0001629_001	SPE_K46018455	0.021722731	inactive	N	SPE_K46018455	BEZAFIBRATE	-3.73	inactive
R4A_0005459_001					SPE_K80528473	Bismuth Subsalicylate	-6.2	inactive
R4A_0004521_001	SPE_K70329400	-0.177460756	inactive	N	SPE_K70329400	A-1070722	4.8	inactive
R4A_0002349_001	SPE_K89462779	-0.04552395	inactive	N	SPE_K89462779	CU-T12-9	3.84	inactive
R4A_0000405_001					SPE_K71926323	MARBOFLOXACIN	2.58	inactive
R4A_0004029_001	SPE_K77115421	-0.010743625	inactive	N	SPE_K77115421	PHTHALYLSULFACETAMIDE	6.65	inactive
R4A_0004261_001	SPE_K87990216	0.006286143	inactive	N	SPE_K87990216	piretanide	-10.06	inactive
R4A_0000370_001	SPE_K61688984	0.04387763	inactive	N	SPE_K61688984	RGFP966	3.65	inactive
R4A_0003369_001	SPE_K91733562	-0.142450783	inactive	N	SPE_K91733562	secoisolariciresinol-(-)	-7.51	inactive
R4A_0001565_001	SPE_K86525559	0.093896316	inactive	N	SPE_K86525559	AZD7762	-0.08	inactive
R4A_0002302_001	SPE_A51497544	-0.007303767	inactive	N	SPE_A51497544	Revaprazan Hydrochloride	18.15	inactive
R4A_0003103_001					SPE_A04661934	2-PMDQ	-0.19	inactive
R4A_0002023_001					SPE_A75172220	HYDROCORTISONE	-6.26	inactive
R4A_0003259_001	SPE_K26134695	0.069781144	inactive	N	SPE_K26134695	calpeptin	-1.78	inactive
R4A_0001900_001	SPE_K91336023	-0.04382456	inactive	N	SPE_K91336023	Mesulergine?HCl	0.99	inactive
R4A_0000461_001	SPE_K41567533	-0.14843394	inactive	N	SPE_K41567533	COUMOPHOS	0.54	inactive
R4A_0005371_001	SPE_K07507905	-0.031754766	inactive	N	SPE_K07507905	BRL-37344	-1.85	inactive
R4A_0001048_001					SPE_K09291936	9-aminocamptothecin	41.59	inactive
R4A_0000360_001	SPE_K73877023	0.090306169	inactive	N	SPE_K73877023	Serabelisib	-0.2	inactive
R4A_0000393_001	SPE_A56858165	0.066730898	inactive	N	SPE_A56858165	CEFADROXIL	-1.06	inactive
R4A_0001942_001	SPE_K83904070	-0.009789819	inactive	N	SPE_K83904070	R-268712	-7.98	inactive
R4A_0003155_001	SPE_K76703230	0.307552117	inactive	N	SPE_K76703230	YM-155	-1.41	inactive
R4A_0002831_001	SPE_K62374253	-0.119462502	inactive	N	SPE_K62374253	RUFLOXACIN HYDROCHLORIDE	4.79	inactive
R4A_0001792_001	SPE_K39558284	-0.012483391	inactive	N	SPE_K39558284	SDZ-WAG-994	-1.44	inactive
R4A_0000760_001	SPE_K09774593	-0.061013929	inactive	N	SPE_K09774593	S-Trityl-L-cysteine	-1.96	inactive
R4A_0002715_001	SPE_A94276798	-0.084952742	inactive	N	SPE_A94276798	talinolol	-4.12	inactive
R4A_0005068_001	SPE_K49338325	0.155327538	inactive	N	SPE_K49338325	Etofibrate	1.59	inactive
R4A_0000982_001					SPE_K08109516	L-701324	-1.56	inactive
R4A_0004976_001	SPE_K66584608	-0.033599978	inactive	N	SPE_K66584608	TY-52156	-2.16	inactive
R4A_0001310_001	SPE_K63784565	-0.022125204	inactive	N	SPE_K63784565	10-Hydroxycamptothecin	2.87	inactive
R4A_0003872_001	SPE_K01377300	-0.107374903	inactive	N	SPE_K01377300	CZC24832	-0.73	inactive
R4A_0003850_001	SPE_K38852836	-0.018304759	inactive	N	SPE_K38852836	Ganetespib (STA-9090)	-7.81	inactive
R4A_0004276_001	SPE_K68805147	-0.066077237	inactive	N	SPE_K68805147	Pafuramidine	0.35	inactive
R4A_0000354_001	SPE_K02213468	-0.0018529	inactive	N	SPE_K02213468	CDPPB	12.98	inactive
R4A_0002407_001	SPE_K24282351	0.042235449	inactive	N	SPE_K24282351	TUG-891	-4.01	inactive
R4A_0002489_001	SPE_K38197229	-0.022599291	inactive	N	SPE_K38197229	BUMETANIDE	0.48	inactive
R4A_0003928_001					SPE_A09838294	Oridonin (Isodonol)	3.95	inactive
R4A_0003908_001	SPE_K36485341	0.037627839	inactive	N	SPE_K36485341	GW-542573X	-3.83	inactive
R4A_0004753_001	SPE_K96436774	-0.120451778	inactive	N	SPE_K96436774	pelanserin	-3.31	inactive
R4A_0003013_001	SPE_K38018935	0.187493711	inactive	N	SPE_K38018935	OTS514	-2.2	inactive
R4A_0001006_001	SPE_K71487808	0.020967576	inactive	N	SPE_K71487808	CH55	-7.64	inactive
R4A_0002424_001	SPE_K09223495	0.007473301	inactive	N	SPE_K09223495	GSK2879552	-1.25	inactive
R4A_0004291_001	SPE_K86600316	-0.086837926	inactive	N	SPE_K86600316	RS-79948	-5.32	inactive
R4A_0003399_001	SPE_A16439188	-0.088173975	inactive	N	SPE_A16439188	QUINESTROL	0.64	inactive
R4A_0001155_001	SPE_K71106091	-0.060365869	inactive	N	SPE_K71106091	FLUDARABINE PHOSPHATE	3.27	inactive
R4A_0005071_001					SPE_K85757157	NIFURSOL	-5.79	inactive
R4A_0003795_001	SPE_K32292990	0.008490884	inactive	N	SPE_K32292990	CGP-53353	0.32	inactive
R4A_0001450_001	SPE_K02900412	-0.083937556	inactive	N	SPE_K02900412	CLOFOCTOL	-7.19	inactive
R4A_0001517_001	SPE_K40853697	-0.036894195	inactive	N	SPE_K40853697	NSC 74859	-0.81	inactive
R4A_0002168_001	SPE_K54297077	0.038934819	inactive	N	SPE_K54297077	TC-O-9311	-1.62	inactive
R4A_0000789_001	SPE_K20463415	-0.009756283	inactive	N	SPE_K20463415	Prexasertib (dihydrochloride)	5.84	inactive
R4A_0002433_001					SPE_K55044200	AMOXICILLIN	-0.12	inactive
R4A_0005116_001	SPE_A52551912	-0.079709619	inactive	N	SPE_A52551912	ATB-346	-1.47	inactive
R4A_0000316_001	SPE_K47376733	0.01440426	inactive	N	SPE_K47376733	JNJ 1661010	3.42	inactive
R4A_0001597_001	SPE_A71262238	-0.039126062	inactive	N	SPE_A71262238	nafadotride	6.45	inactive
R4A_0001265_001					SPE_K65900713	caroverine	28.13	inactive
R4A_0005147_001	SPE_K46254452	0.004258512	inactive	N	SPE_K46254452	Linoleoyl GABA	-1.7	inactive
R4A_0003489_001	SPE_A93964801	-0.027972902	inactive	N	SPE_A93964801	Clinafloxacin (PD127391)	-1.64	inactive
R4A_0001102_001	SPE_K19871656	-0.047187943	inactive	N	SPE_K19871656	CPI-0610	-0.06	inactive
R4A_0002212_001					SPE_A19795905	ATOVAQUONE	-6.12	inactive
R4A_0000147_001					SPE_A61793559	METOLAZONE	-2.71	inactive
R4A_0002764_001	SPE_A95869247	-0.114994219	inactive	N	SPE_A95869247	INDAPAMIDE	-3.24	inactive
R4A_0001408_001	SPE_A62182663	0.274884446	inactive	N	SPE_A62182663	YK-4-279	-1.47	inactive
R4A_0000191_001					SPE_K45724504	Diacetoxyscirpenol	-25.8	inactive
R4A_0000728_001	SPE_K59866480	0.118127673	inactive	N	SPE_K59866480	cyclovalone	-5.15	inactive
R4A_0003732_001	SPE_K42679050	0.007379301	inactive	N	SPE_K42679050	Y-27152	-8.99	inactive
R4A_0004858_001	SPE_K15107389	-0.041902977	inactive	N	SPE_K15107389	BRD-7389	1.78	inactive
R4A_0003026_001	SPE_A77218119	0.076149412	inactive	N	SPE_A77218119	SYM-2206	-1.71	inactive
R4A_0002727_001	SPE_K24242599	0.018899285	inactive	N	SPE_K24242599	GW2580	-3.18	inactive
R4A_0005156_001	SPE_K06240250	-0.080715996	inactive	N	SPE_K06240250	Rilpivirine	19.14	inactive
R4A_0003708_001	SPE_K67186445	-0.101768857	inactive	N	SPE_K67186445	Dehydrocorydaline (chloride)	-0.7	inactive
R4A_0004990_001	SPE_A42553870	0.05832428	inactive	N	SPE_A42553870	L-152804	-1.83	inactive
R4A_0001405_001	SPE_A72703248	0.019972571	inactive	N	SPE_A72703248	SKF-96365	21.72	inactive
R4A_0002534_001					SPE_K04394237	DROSPIRENONE	7.83	inactive
R4A_0000878_001	SPE_K74371986	-0.047147852	inactive	N	SPE_K74371986	NSI-189	1.41	inactive
R4A_0004091_001	SPE_K08902330	0.041028367	inactive	N	SPE_K08902330	TCS-PIM-1-1	-1.86	inactive
R4A_0002827_001	SPE_K68003372	-0.005601761	inactive	N	SPE_K68003372	APTO-253	-0.42	inactive
R4A_0001547_001					SPE_K42607789	pyrazoloacridine	25.75	inactive
R4A_0005277_001					SPE_K31495718	AZD7687	-1.25	inactive
R4A_0002115_001	SPE_K75250001	-0.109488792	inactive	N	SPE_K75250001	Tiracizine	-0.84	inactive
R4A_0005050_001	SPE_K25943794	-0.089993745	inactive	N	SPE_K25943794	Blonanserin (Lonasen)	0.59	inactive
R4A_0005032_001	SPE_K79437791	-0.10620872	inactive	N	SPE_K79437791	acetyl-farnesyl-cysteine	-5.85	inactive
R4A_0003644_001	SPE_K20338176	-0.170514418	inactive	N	SPE_K20338176	CEFACLOR	-2.38	inactive
R4A_0005443_001	SPE_K33681278	-0.031160597	inactive	N	SPE_K33681278	Prucalopride	-5.56	inactive
R4A_0005449_001	SPE_K72063794	-0.192985323	inactive	N	SPE_K72063794	VU591	-6.5	inactive
R4A_0001777_001					SPE_A07870296	bicuculline-(+)	-1.82	inactive
R4A_0005154_001					SPE_A61299447	"5,7-Dihydroxy-2-(4-methoxyphenyl)-8-(3-methyl-2-buten-1-yl)-2H-chromene-3,4-dione"	-2.61	inactive
R4A_0005390_001					SPE_K07572174	Curcumin	12.13	inactive
R4A_0004132_001	SPE_K24476327	0.009006208	inactive	N	SPE_K24476327	Icaritin	0.17	inactive
R4A_0003445_001	SPE_K33234937	-0.041784809	inactive	N	SPE_K33234937	CP-471474	-0.94	inactive
R4A_0003651_001	SPE_K44022883	-0.043783983	inactive	N	SPE_K44022883	MRK-016	-1.71	inactive
R4A_0005453_001					SPE_K82091397	SB-239063	-2.01	inactive
R4A_0000841_001	SPE_K26756394	-0.174448101	inactive	N	SPE_K26756394	VE-821	-11.87	inactive
R4A_0000132_001	SPE_A17462676	-0.04777712	inactive	N	SPE_A17462676	BAMBUTEROL HYDROCHLORIDE	-6.07	inactive
R4A_0001213_001	SPE_K64866502	-0.074569026	inactive	N	SPE_K64866502	CYC116	-4.52	inactive
R4A_0001690_001	SPE_K92731339	0.04367864	inactive	N	SPE_K92731339	PERINDOPRIL ERBUMINE	-8.8	inactive
R4A_0003978_001	SPE_K82181219	0.041974142	inactive	N	SPE_K82181219	PYRITINOL	4.33	inactive
R4A_0004565_001	SPE_K90885812	-0.073359491	inactive	N	SPE_K90885812	PROPANTHELINE BROMIDE	-3.69	inactive
R4A_0004374_001	SPE_K90777969	-0.042806026	inactive	N	SPE_K90777969	cutamesine	12	inactive
R4A_0004064_001					SPE_K07220430	CINNARAZINE	-5.6	inactive
R4A_0001488_001	SPE_K17702546	0.015170535	inactive	N	SPE_K17702546	PD168393	20.55	inactive
R4A_0001231_001					SPE_K92995792	ML-218	20.64	inactive
R4A_0004517_001					SPE_M57185017	U-50488-(-)	31.06	inactive
R4A_0004927_001	SPE_K73541271	-0.150696308	inactive	N	SPE_K73541271	Etofenamate	-6.27	inactive
R4A_0004864_001	SPE_K61717546	-0.059954268	inactive	N	SPE_K61717546	Fleroxacin (Quinodis)	-12.46	inactive
R4A_0000159_001	SPE_K62762455	-0.058229191	inactive	N	SPE_K62762455	RU 58841	-0.89	inactive
R4A_0002571_001	SPE_A49172652	-0.055093486	inactive	N	SPE_A49172652	LANSOPRAZOLE	-1.32	inactive
R4A_0004589_001	SPE_K56543881	-0.004637669	inactive	N	SPE_K56543881	ADX-47273	-1.77	inactive
R4A_0000872_001	SPE_K19002914	0.056841937	inactive	N	SPE_K19002914	EED226	-9.74	inactive
R4A_0004202_001	SPE_K33379087	-0.031448466	inactive	N	SPE_K33379087	Tivantinib	1.44	inactive
R4A_0005481_001	SPE_A16560607	-0.012974216	inactive	N	SPE_A16560607	TCS-5861528	-1.59	inactive
R4A_0001749_001	SPE_K78118466	0.010627516	inactive	N	SPE_K78118466	Galunisertib (LY2157299)	-5.5	inactive
R4A_0005413_001	SPE_K38145871	-0.031029349	inactive	N	SPE_K38145871	PDE10-IN-1	-2.79	inactive
R4A_0002062_001	SPE_K22261391	0.042070554	inactive	N	SPE_K22261391	Pirodavir	-2.25	inactive
R4A_0003816_001	SPE_K67017579	-0.078347838	inactive	N	SPE_K67017579	CILOSTAZOL	-1.79	inactive
R4A_0005450_001	SPE_A28958257	-0.015971106	inactive	N	SPE_A28958257	centpropazine	-5.46	inactive
R4A_0002912_001	SPE_A60197193	0.046025646	inactive	N	SPE_A60197193	amisulpride	-1.95	inactive
R4A_0004747_001	SPE_K05977823	-0.077509945	inactive	N	SPE_K05977823	Tenovin-1	2.55	inactive
R4A_0002111_001					SPE_A75867198	NORGESTIMATE	1.9	inactive
R4A_0002218_001	SPE_K02750403	-0.069619	inactive	N	SPE_K02750403	Piboserod	0.9	inactive
R4A_0001435_001	SPE_K67789209	-0.11407878	inactive	N	SPE_K67789209	adatanserin	-4.43	inactive
R4A_0004186_001	SPE_A53539450	-0.034989248	inactive	N	SPE_A53539450	neo-gilurytmal	-5.06	inactive
R4A_0004415_001	SPE_K27168049	-0.039012026	inactive	N	SPE_K27168049	SDZ-220-581	-0.92	inactive
R4A_0000112_001	SPE_A15909516	0.025660165	inactive	N	SPE_A15909516	REBAMIPIDE	1.81	inactive
R4A_0005023_001	SPE_K70088346	-0.015736091	inactive	N	SPE_K70088346	2-chloro-N6-cyclopentyladenosine	-5.56	inactive
R4A_0000190_001	SPE_K18323388	-0.036489103	inactive	N	SPE_K18323388	"2',3',5'-Tri-O-acetyluridine"	1.47	inactive
R4A_0004897_001	SPE_K59436580	0.030532775	inactive	N	SPE_K59436580	Tedizolid	-1.43	inactive
R4A_0002781_001	SPE_K20001883	-0.071654444	inactive	N	SPE_K20001883	RVX-208(RVX-000222)	-4.9	inactive
R4A_0002381_001	SPE_K62562723	-0.058243161	inactive	N	SPE_K62562723	SR-2640	-1.5	inactive
R4A_0004175_001	SPE_K13800121	-0.112841887	inactive	N	SPE_K13800121	Parecoxib	-0.09	inactive
R4A_0001636_001	SPE_K27351809	-0.068527916	inactive	N	SPE_K27351809	nomegestrol-acetate	-8.69	inactive
R4A_0004342_001	SPE_K48329353	-0.056286064	inactive	N	SPE_K48329353	"6,_7-dehydro-17-acetoxy-progesterone"	-8.84	inactive
R4A_0003607_001	SPE_K31627533	-0.03726948	inactive	N	SPE_K31627533	rimexolone	-10.82	inactive
R4A_0003522_001	SPE_K95609758	0.053016871	inactive	N	SPE_K95609758	BMS-191011	-3.61	inactive
R4A_0001412_001	SPE_K68770713	-0.026765333	inactive	N	SPE_K68770713	Azosemide	-2.54	inactive
R4A_0002836_001	SPE_A64004759	-0.070448973	inactive	N	SPE_A64004759	LY266097	42.66	inactive
R4A_0001154_001	SPE_K07160047	-0.07540915	inactive	N	SPE_K07160047	Fiacitabine	-2.6	inactive
R4A_0001817_001	SPE_K59184148	0.328127663	inactive	N	SPE_K59184148	SB-216763	-1.85	inactive
R4A_0003076_001					SPE_K90947825	carboplatin	-9.52	inactive
R4A_0003439_001	SPE_A60594020	0.067464537	inactive	N	SPE_A60594020	8-hydroxy-PIPAT	2.65	inactive
R4A_0001249_001	SPE_K54094468	-0.000863261	inactive	N	SPE_K54094468	remoxipride	-1.75	inactive
R4A_0000162_001	SPE_K66101666	-0.075158475	inactive	N	SPE_K66101666	PYR-41	0.97	inactive
R4A_0003811_001	SPE_K64716392	-0.041226617	inactive	N	SPE_K64716392	Nedocromil	-1.04	inactive
R4A_0001413_001	SPE_A90799790	0.053356873	inactive	N	SPE_A90799790	isradipine	-1.91	inactive
R4A_0005255_001	SPE_K12079898	0.025789561	inactive	N	SPE_K12079898	PD-160170	-1.12	inactive
R4A_0004335_001	SPE_K91623615	-0.022259508	inactive	N	SPE_K91623615	ABT-751 (E7010)	20.07	inactive
R4A_0005046_001	SPE_K53581288	0.066181625	inactive	N	SPE_K53581288	Baricitinib (LY3009104)	0.97	inactive
R4A_0004962_001	SPE_K85139301	0.023248164	inactive	N	SPE_K85139301	AIM-100	2.58	inactive
R4A_0001187_001	SPE_K71223042	0.01393082	inactive	N	SPE_K71223042	PCI-29732	-1.17	inactive
R4A_0002102_001					SPE_K48062199	GSK2801	-2.9	inactive
R4A_0003984_001					SPE_K36515744	ITX3	-4.34	inactive
R4A_0004706_001	SPE_K72414522	0.166500816	inactive	N	SPE_K72414522	AZD5438	13.94	inactive
R4A_0002841_001	SPE_K93754473	-0.022786563	inactive	N	SPE_K93754473	TAMOXIFEN CITRATE	49.38	inactive
R4A_0004719_001					SPE_A90551241	LORNOXICAM	-1.16	inactive
R4A_0000395_001	SPE_K69832040	-0.037273494	inactive	N	SPE_K69832040	CHS-828	0.38	inactive
R4A_0003268_001	SPE_K70778732	-0.084063882	inactive	N	SPE_K70778732	TRAZODONE HYDROCHLORIDE	-2.31	inactive
R4A_0003715_001	SPE_K61936403	-0.095359235	inactive	N	SPE_K61936403	AS-1949490	1.11	inactive
R4A_0003840_001	SPE_A01295252	-0.03397042	inactive	N	SPE_A01295252	7-hydroxy-PIPAT	2.45	inactive
R4A_0004376_001	SPE_K31802667	0.046965153	inactive	N	SPE_K31802667	JNJ-37822681	16.74	inactive
R4A_0003661_001	SPE_K20468903	-0.073805057	inactive	N	SPE_K20468903	BNC105	0.76	inactive
R4A_0004287_001	SPE_K25186396	0.030634475	inactive	N	SPE_K25186396	Tangeretin (Tangeritin)	-5.65	inactive
R4A_0003238_001	SPE_K73319509	-0.022585713	inactive	N	SPE_K73319509	PF-04217903	0.98	inactive
R4A_0002693_001					SPE_K37708699	exisulind	-2.65	inactive
R4A_0002893_001	SPE_K53523901	-0.168053174	inactive	N	SPE_K53523901	arctigenin	-0.48	inactive
R4A_0001285_001	SPE_K72514671	0.027147905	inactive	N	SPE_K72514671	PPY-A	-2.09	inactive
R4A_0003277_001					SPE_K79233274	Betapar (Meprednisone)	-6.07	inactive
R4A_0004581_001	SPE_K14560436	-0.079300007	inactive	N	SPE_K14560436	SB1317	-2.04	inactive
R4A_0005497_001	SPE_A18279961	-0.119022034	inactive	N	SPE_A18279961	TEPP-46	-1.69	inactive
R4A_0004507_001					SPE_K24556098	DESOXYCORTICOSTERONE ACETATE	1.95	inactive
R4A_0004545_001	SPE_K92902018	0.072963347	inactive	N	SPE_K92902018	hydroxyprogesterone-acetate	-3.89	inactive
R4A_0002322_001	SPE_K60025295	0.057900451	inactive	N	SPE_K60025295	GENTIAN VIOLET	-9.2	inactive
R4A_0000677_001					SPE_A83081521	FINASTERIDE	-3.73	inactive
R4A_0000317_001	SPE_A28044053	-0.178283531	inactive	N	SPE_A28044053	Arotinolol	-0.68	inactive
R4A_0003240_001	SPE_K53195974	0.11282087	inactive	N	SPE_K53195974	sipatrigine	49.14	inactive
R4A_0003793_001	SPE_K66541497	-0.07731064	inactive	N	SPE_K66541497	BCTC	-2.26	inactive
R4A_0002357_001	SPE_A62209527	-0.032246856	inactive	N	SPE_A62209527	ZM-226600	-0.72	inactive
R4A_0000394_001	SPE_K97010173	-0.164027629	inactive	N	SPE_K97010173	Deferasirox (Exjade)	-0.76	inactive
R4A_0004259_001					SPE_K84798689	sodium-tanshinone-ii-a-sulfonate	-1.56	inactive
R4A_0000769_001	SPE_K50495309	-0.081692713	inactive	N	SPE_K50495309	SRC-kinase-inhibitor-I	-0.42	inactive
R4A_0000833_001	SPE_A83029242	-0.047580187	inactive	N	SPE_A83029242	Prasugrel	0.85	inactive
R4A_0003734_001	SPE_K35034482	-0.071723083	inactive	N	SPE_K35034482	Bunazosin Hydrochloride	0.19	inactive
R4A_0003663_001	SPE_K99616396	-0.044758927	inactive	N	SPE_K99616396	Motesanib	-0.14	inactive
R4A_0001532_001	SPE_K23647661	-0.094494971	inactive	N	SPE_K23647661	volinanserin	1.34	inactive
R4A_0002557_001	SPE_K91486246	0.985162191	active	Y	SPE_K91486246	Endoxifen HCl	27.78	inactive
R4A_0001004_001					SPE_K99741577	SANT-1	-2.24	inactive
R4A_0001269_001	SPE_A38076815	0.000545621	inactive	N	SPE_A38076815	GLAFENINE	-1.62	inactive
R4A_0001897_001	SPE_K89402695	0.005359756	inactive	N	SPE_K89402695	L-655240	3.69	inactive
R4A_0000453_001	SPE_K17294426	-0.118259971	inactive	N	SPE_K17294426	clebopride	18.41	inactive
R4A_0004689_001	SPE_K19352500	0.986917101	active	Y	SPE_K19352500	PROCHLORPERAZINE EDISYLATE	38.85	inactive
R4A_0004843_001	SPE_K81981783	-0.01995579	inactive	N	SPE_K81981783	gavestinel	0.43	inactive
R4A_0004657_001	SPE_K97056771	0.079788724	inactive	N	SPE_K97056771	GNF-2	-4.13	inactive
R4A_0005395_001	SPE_K02342990	-0.18048381	inactive	N	SPE_K02342990	Geniposidic acid	-3.87	inactive
R4A_0003264_001	SPE_K96123349	-0.034349662	inactive	N	SPE_K96123349	Brequinar sodium salt hydrate	5.08	inactive
R4A_0000129_001					SPE_K15426076	Iguratimod	-8.41	inactive
R4A_0001622_001					SPE_K90171280	LY2452473	-5.59	inactive
R4A_0003945_001	SPE_K34341643	0.086968117	inactive	N	SPE_K34341643	Glasdegib	-1.63	inactive
R4A_0004457_001					SPE_A53176877	METHYLPREDNISOLONE	-4.05	inactive
R4A_0003432_001	SPE_K00152668	0.003830274	inactive	N	SPE_K00152668	Adarotene	0.68	inactive
R4A_0000058_001	SPE_K82484965	-0.084515196	inactive	N	SPE_K82484965	carmoxirole	-12.49	inactive
R4A_0000038_001	SPE_K11672787	-0.00920829	inactive	N	SPE_K11672787	Rostafuroxin	-7.29	inactive
R4A_0005083_001	SPE_K18518344	-0.116154867	inactive	N	SPE_K18518344	digitoxigenin	-8.72	inactive
R4A_0000844_001	SPE_A48103086	-0.07265587	inactive	N	SPE_A48103086	CYPROTERONE	-6.01	inactive
R4A_0005447_001	SPE_A62428732	0.128877607	inactive	N	SPE_A62428732	HYDROXYZINE PAMOATE	14.88	inactive
R4A_0005035_001	SPE_A74980173	-0.095029576	inactive	N	SPE_A74980173	GATIFLOXACIN	3.33	inactive
R4A_0002925_001	SPE_K67831364	-0.009313865	inactive	N	SPE_K67831364	ZM-323881	-2.14	inactive
R4A_0002635_001	SPE_K99749624	-0.080253454	inactive	N	SPE_K99749624	Linifanib (ABT-869)	9.27	inactive
R4A_0003639_001	SPE_K23791635	-0.060292779	inactive	N	SPE_K23791635	AFN-1252	-2.49	inactive
R4A_0005135_001					SPE_A78277353	metazosin	3.88	inactive
R4A_0002814_001	SPE_A54927599	-0.065436579	inactive	N	SPE_A54927599	KF-38789	-1.35	inactive
R4A_0002759_001	SPE_K18634484	-0.135559817	inactive	N	SPE_K18634484	iCRT-14	-6.01	inactive
R4A_0003226_001	SPE_K60160658	-0.048776505	inactive	N	SPE_K60160658	Tiagabine?HCl	0.53	inactive
R4A_0002388_001	SPE_K67783091	0.005412256	inactive	N	SPE_K67783091	HALOPERIDOL	3.22	inactive
R4A_0003063_001	SPE_K47631482	0.007167393	inactive	N	SPE_K47631482	BROMHEXINE HYDROCHLORIDE	-3.05	inactive
R4A_0000491_001	SPE_K07487750	-0.045227887	inactive	N	SPE_K07487750	WHI-P154	4.01	inactive
R4A_0002117_001	SPE_K59524082	-0.061304364	inactive	N	SPE_K59524082	Maribavir	0.2	inactive
R4A_0001186_001	SPE_K75009076	0.17230827	inactive	N	SPE_K75009076	MK-8776 (SCH 900776)	10.53	inactive
R4A_0001610_001	SPE_K03665769	-0.037036025	inactive	N	SPE_K03665769	SB-452533	-1.32	inactive
R4A_0000608_001	SPE_K24312986	0.021560518	inactive	N	SPE_K24312986	Tecovirimat	-0.89	inactive
R4A_0000196_001					SPE_K92760278	RIBOFLAVIN	-0.43	inactive
R4A_0001012_001					SPE_A13078313	CARBENICILLIN DISODIUM	-1.48	inactive
R4A_0002259_001	SPE_K67277431	-0.17399001	inactive	N	SPE_K67277431	picotamide	-4.7	inactive
R4A_0000154_001	SPE_K43837174	0.015784653	inactive	N	SPE_K43837174	pruvanserin	2.35	inactive
R4A_0000492_001	SPE_K90948141	-0.122788647	inactive	N	SPE_K90948141	indiplon	-1.02	inactive
R4A_0001093_001	SPE_K57545991	0.031342377	inactive	N	SPE_K57545991	ENALAPRIL MALEATE	-3.09	inactive
R4A_0002096_001	SPE_K42748308	0.015029744	inactive	N	SPE_K42748308	XE-991	-1.11	inactive
R4A_0000891_001	SPE_A13133631	-0.036793018	inactive	N	SPE_A13133631	FLUOROMETHOLONE	-4.53	inactive
R4A_0004579_001	SPE_A49447682	-0.036451601	inactive	N	SPE_A49447682	DESOXYMETASONE	6.16	inactive
R4A_0004393_001	SPE_A74765037	0.059235885	inactive	N	SPE_A74765037	ESTRADIOL BENZOATE	-1.67	inactive
R4A_0003806_001	SPE_K16229414	0.000136875	inactive	N	SPE_K16229414	SR-11302	-5.87	inactive
R4A_0004011_001					SPE_K04497194	Lithocholic acid	-0.58	inactive
R4A_0002469_001	SPE_K13302470	0.003496903	inactive	N	SPE_K13302470	KY02111	-5.48	inactive
R4A_0000809_001	SPE_K44849676	-0.059435331	inactive	N	SPE_K44849676	capsazepine	-3.83	inactive
R4A_0001955_001	SPE_K02123250	-0.128501345	inactive	N	SPE_K02123250	JNJ-38877605	-3.45	inactive
R4A_0001831_001	SPE_K28352084	0.074851594	inactive	N	SPE_K28352084	CH5132799	4.22	inactive
R4A_0004319_001	SPE_K96418224	0.172098613	inactive	N	SPE_K96418224	R-1485	36.77	inactive
R4A_0000501_001	SPE_A37704979	-0.059075535	inactive	N	SPE_A37704979	SB-203580	-1.65	inactive
R4A_0001338_001	SPE_K34675210	-0.048307252	inactive	N	SPE_K34675210	CBiPES	-1.54	inactive
R4A_0002279_001	SPE_K98155362	-0.062657468	inactive	N	SPE_K98155362	GR46611	2.83	inactive
R4A_0004018_001	SPE_A95755460	0.09311304	inactive	N	SPE_A95755460	Talarozole	-2.26	inactive
R4A_0001554_001	SPE_K58234744	6.11823E-05	inactive	N	SPE_K58234744	CU-CPT-4a	-1.39	inactive
R4A_0001717_001	SPE_K21306330	-0.17233783	inactive	N	SPE_K21306330	CJ-033466	-1.6	inactive
R4A_0001801_001					SPE_K56558538	ambroxol hydrochloride	2.43	inactive
R4A_0000794_001	SPE_K60946979	-0.146539181	inactive	N	SPE_K60946979	CGP-78608	-1.62	inactive
R4A_0004490_001	SPE_K78720403	-0.147880861	inactive	N	SPE_K78720403	SB-328437	2.76	inactive
R4A_0002133_001	SPE_K42536037	-0.131206588	inactive	N	SPE_K42536037	EPPTB	0.47	inactive
R4A_0003161_001	SPE_K41185545	-0.012520001	inactive	N	SPE_K41185545	Ambrisentan	-4.63	inactive
R4A_0002536_001	SPE_K46209126	0.115455582	inactive	N	SPE_K46209126	pravadoline	0.58	inactive
R4A_0000609_001					SPE_K48141473	Cebranopadol	-1.94	inactive
R4A_0004161_001	SPE_K77432251	0.043771811	inactive	N	SPE_K77432251	Abafungin	6.61	inactive
R4A_0002778_001	SPE_K21672174	0.092425393	inactive	N	SPE_K21672174	Ro 28-1675	-2.12	inactive
R4A_0001200_001					SPE_A08255417	FAMPROFAZONE	2.22	inactive
R4A_0001772_001	SPE_K01363385	0.025122104	inactive	N	SPE_K01363385	antalarmin	-0.39	inactive
R4A_0002446_001	SPE_K44184170	-0.072151473	inactive	N	SPE_K44184170	Ospemifene	-2.96	inactive
R4A_0005289_001					SPE_K57027742	N-(2-chlorophenyl)-2-({(2E)-2-[1-(2-pyridinyl)ethylidene]hydrazino}carbothioyl)hydrazinecarbothioamide	-0.18	inactive
R4A_0001008_001					SPE_M92352362	Talc	-4.51	inactive
R4A_0003476_001	SPE_K73982490	-0.067411602	inactive	N	SPE_K73982490	BI-78D3	-5.34	inactive
R4A_0004108_001	SPE_K41895652	-0.049719744	inactive	N	SPE_K41895652	JNJ-27141491	-7.81	inactive
R4A_0004780_001	SPE_K67915505	0.001909469	inactive	N	SPE_K67915505	NVP-HSP990	-3.17	inactive
R4A_0003751_001					SPE_K34388247	METHICILLIN SODIUM	-9.2	inactive
R4A_0002158_001	SPE_K73309154	-0.063503131	inactive	N	SPE_K73309154	OSI-420 (Desmethyl Erlotinib)	20.23	inactive
R4A_0003774_001	SPE_K97158071	-0.014583073	inactive	N	SPE_K97158071	DROPERIDOL	2.35	inactive
R4A_0005477_001	SPE_K32952627	-0.038706682	inactive	N	SPE_K32952627	BAY-60-6583	-1.94	inactive
R4A_0001996_001	SPE_A72483914	0.055449671	inactive	N	SPE_A72483914	spiroxatrine	-0.96	inactive
R4A_0000456_001	SPE_K56957086	-0.027652844	inactive	N	SPE_K56957086	LAQ824 (Dacinostat)	-1.88	inactive
R4A_0002103_001	SPE_K78455053	-0.013555767	inactive	N	SPE_K78455053	Wnt-C59 (C59)	-0.82	inactive
R4A_0002512_001	SPE_K21908111	0.212587018	inactive	N	SPE_K21908111	AZD1208	25.29	inactive
R4A_0000032_001	SPE_A49160188	0.067580158	inactive	N	SPE_A49160188	DONEPEZIL HYDROCHLORIDE	-1.55	inactive
R4A_0001922_001	SPE_A95602221	0.050219635	inactive	N	SPE_A95602221	celiprolol	-0.86	inactive
R4A_0004613_001	SPE_K51265828	0.014469989	inactive	N	SPE_K51265828	M-25	0.82	inactive
R4A_0003382_001	SPE_A13598753	-0.06066356	inactive	N	SPE_A13598753	5'-Chloro-5'-deoxy-ENBA-(+/-)	-1.27	inactive
R4A_0004189_001	SPE_K08439945	-0.088474392	inactive	N	SPE_K08439945	Licofelone	1.05	inactive
R4A_0000357_001	SPE_A41250306	-0.058306831	inactive	N	SPE_A41250306	cyclopenthiazide	-8.66	inactive
R4A_0004207_001	SPE_K74284736	-0.022090548	inactive	N	SPE_K74284736	L-689560	-2.19	inactive
R4A_0002835_001	SPE_K73738482	0.004592288	inactive	N	SPE_K73738482	NS-1643	2.26	inactive
R4A_0004623_001					SPE_K59788572	hyaluronic-acid	-0.41	inactive
R4A_0001513_001	SPE_K95142244	-0.040871105	inactive	N	SPE_K95142244	Talazoparib (BMN 673)	-5.75	inactive
R4A_0000321_001	SPE_K09711437	-0.150696106	inactive	N	SPE_K09711437	Varespladib (LY315920)	-6.74	inactive
R4A_0003444_001	SPE_K13106865	0.075455563	inactive	N	SPE_K13106865	PFI-4	-1.52	inactive
R4A_0001906_001	SPE_K39381259	-0.043059478	inactive	N	SPE_K39381259	DMH1	-4.25	inactive
R4A_0003690_001					SPE_K65989725	Solvent Red 24	-3.54	inactive
R4A_0005523_001	SPE_K25991633	-0.038657478	inactive	N	SPE_K25991633	BMS-649	1.81	inactive
R4A_0002647_001	SPE_K04414442	-0.029329144	inactive	N	SPE_K04414442	SB-222200	-1.6	inactive
R4A_0000848_001	SPE_K91701654	-0.232269454	inactive	N	SPE_K91701654	U-0126	-4.66	inactive
R4A_0001755_001	SPE_K03353589	-0.087291231	inactive	N	SPE_K03353589	ecabet	-4.65	inactive
R4A_0003068_001					SPE_K25015158	Limaprost	-0.28	inactive
R4A_0000428_001	SPE_A72212290	-0.048658015	inactive	N	SPE_A72212290	Eprazinone 2HCl	6.42	inactive
R4A_0002378_001	SPE_A28940325	-0.085772343	inactive	N	SPE_A28940325	TRICHLORMETHIAZIDE	-3.35	inactive
R4A_0003560_001	SPE_K97521363	-0.064190514	inactive	N	SPE_K97521363	Clorsulon	-5.15	inactive
R4A_0003944_001	SPE_K24527118	-0.078069487	inactive	N	SPE_K24527118	TMN-355	-1.9	inactive
R4A_0000296_001	SPE_K27062708	-0.056773146	inactive	N	SPE_K27062708	chlorotrianisene	-10.01	inactive
R4A_0000488_001	SPE_A70814879	0.03673809	inactive	N	SPE_A70814879	ABC294640	3.36	inactive
R4A_0003454_001	SPE_K13211965	0.490094804	inactive	N	SPE_K13211965	L-741742	48.81	inactive
R4A_0003821_001	SPE_K47642186	-0.01381036	inactive	N	SPE_K47642186	piclamilast	-2.57	inactive
R4A_0004551_001					SPE_K19741031	EUK 134	-5.92	inactive
R4A_0002177_001	SPE_K27625831	0.009198308	inactive	N	SPE_K27625831	Pleconaril	-11.71	inactive
R4A_0003888_001	SPE_K02637541	-0.121503067	inactive	N	SPE_K02637541	CELECOXIB	-4.02	inactive
R4A_0002384_001	SPE_K91100918	-0.088132444	inactive	N	SPE_K91100918	Sinefungin	-2.59	inactive
R4A_0002399_001	SPE_K24576554	0.095276962	inactive	N	SPE_K24576554	AT9283	14.85	inactive
R4A_0004702_001	SPE_K88358234	-0.009623937	inactive	N	SPE_K88358234	xaliproden	-1.88	inactive
R4A_0000920_001	SPE_K79425933	-0.040584552	inactive	N	SPE_K79425933	benperidol	0.96	inactive
R4A_0004364_001	SPE_A07563059	-0.034599348	inactive	N	SPE_A07563059	Bopindolol malonate	3.74	inactive
R4A_0002211_001	SPE_K08996725	0.609233922	active	Y	SPE_K08996725	zolantidine	32.87	inactive
R4A_0002311_001	SPE_A51820102	0.038657519	inactive	N	SPE_A51820102	ECONAZOLE NITRATE	4.76	inactive
R4A_0001531_001					SPE_K61443650	THIMEROSAL	6.82	inactive
R4A_0003174_001	SPE_K13390322	0.317719871	inactive	N	SPE_K13390322	AT7519	18.12	inactive
R4A_0005399_001	SPE_K75748943	-0.002169024	inactive	N	SPE_K75748943	DG-172	39.74	inactive
R4A_0002867_001	SPE_K79294107	-0.100135509	inactive	N	SPE_K79294107	PLX-647	-4.34	inactive
R4A_0004634_001	SPE_A57798559	-0.117465145	inactive	N	SPE_A57798559	bicuculline-methochloride-(-)	1.06	inactive
R4A_0002864_001					SPE_K04301924	Ceftizoxime sodium	-1.89	inactive
R4A_0003045_001	SPE_A55051145	-0.065790787	inactive	N	SPE_A55051145	Ticarcillin (disodium)	-2.7	inactive
R4A_0001019_001	SPE_K07150325	0.061703361	inactive	N	SPE_K07150325	ASP-2535	-2.24	inactive
R4A_0003304_001	SPE_A66435872	0.382421698	inactive	N	SPE_A66435872	HTMT	-3.87	inactive
R4A_0000764_001					SPE_A18115130	MEROPENEM	-1.56	inactive
R4A_0004809_001	SPE_K14991967	-0.045446755	inactive	N	SPE_K14991967	GSK650394	0.91	inactive
R4A_0000326_001	SPE_K47095176	-0.054059122	inactive	N	SPE_K47095176	Talnetant	0.11	inactive
R4A_0003395_001	SPE_K30652337	0.018158513	inactive	N	SPE_K30652337	eletriptan	2.55	inactive
R4A_0003542_001					SPE_M55114534	pyrvinium	-6.02	inactive
R4A_0002706_001					SPE_K48996094		-6.72	inactive
R4A_0001812_001	SPE_K82795137	-0.041404351	inactive	N	SPE_K82795137	LORATADINE	-0.59	inactive
R4A_0004069_001	SPE_K73799155	-0.128853936	inactive	N	SPE_K73799155	NSC5844	-2.87	inactive
R4A_0003096_001	SPE_K20850787	0.033132001	inactive	N	SPE_K20850787	PT-2385	-2.29	inactive
R4A_0000206_001	SPE_K44471774	-0.088692557	inactive	N	SPE_K44471774	bay-w-9798	-7.11	inactive
R4A_0001352_001	SPE_A22380646	-0.060574341	inactive	N	SPE_A22380646	Pantoprazole (sodium)	-1.1	inactive
R4A_0002041_001	SPE_K02715688	0.025669122	inactive	N	SPE_K02715688	"HYDRASTINE (1R, 9S)"	-2.56	inactive
R4A_0003879_001	SPE_K78637815	0.046742979	inactive	N	SPE_K78637815	LY320135	0.44	inactive
R4A_0001604_001	SPE_K49111258	-0.032377692	inactive	N	SPE_K49111258	PRAZOSIN HYDROCHLORIDE	0.05	inactive
R4A_0001341_001	SPE_K32285926	-0.071259363	inactive	N	SPE_K32285926	AMG-208	0.56	inactive
R4A_0004220_001	SPE_K03042257	0.076364164	inactive	N	SPE_K03042257	NI-57	-3.82	inactive
R4A_0005441_001	SPE_K47726410	-0.069298042	inactive	N	SPE_K47726410	WDR5-0103	5.57	inactive
R4A_0005410_001	SPE_K70446295	-0.033106813	inactive	N	SPE_K70446295	EPZ015666	-0.39	inactive
R4A_0002299_001	SPE_K05355328	-0.096268956	inactive	N	SPE_K05355328	Anagliptin	-0.2	inactive
R4A_0002129_001	SPE_K56195681	-0.07402647	inactive	N	SPE_K56195681	Losmapimod	0.26	inactive
R4A_0005220_001					SPE_A85876464	nibentan	16.13	inactive
R4A_0000512_001	SPE_K65904673	0.032896116	inactive	N	SPE_K65904673	Tandospirone	-0.39	inactive
R4A_0001322_001	SPE_K74913225	-0.099261883	inactive	N	SPE_K74913225	Brinzolamide	2.96	inactive
R4A_0004339_001					SPE_K68867920	QUETIAPINE FUMARATE	22.05	inactive
R4A_0002050_001	SPE_A67862938	0.13107365	inactive	N	SPE_A67862938	NAFRONYL OXALATE	30.33	inactive
R4A_0000533_001	SPE_K74305673	-0.136451446	inactive	N	SPE_K74305673	IKK-2-inhibitor-V	0.83	inactive
R4A_0002605_001	SPE_K63932022	-0.026756896	inactive	N	SPE_K63932022	2'-MeCCPA	-1.91	inactive
R4A_0004449_001	SPE_A56675431	-0.074095633	inactive	N	SPE_A56675431	ALTHIAZIDE	-5.85	inactive
R4A_0001275_001	SPE_K50691590	0.035903444	inactive	N	SPE_K50691590	Bortezomib	-11	inactive
R4A_0003896_001	SPE_A30815329	-0.094958777	inactive	N	SPE_A30815329	FELODIPINE	8.19	inactive
R4A_0002338_001	SPE_K43644456	-0.093556755	inactive	N	SPE_K43644456	Degrasyn (WP1130)	-10.4	inactive
R4A_0002104_001	SPE_K54783522	0.022792352	inactive	N	SPE_K54783522	VU29	1.13	inactive
R4A_0000951_001	SPE_K67298865	0.191944694	inactive	N	SPE_K67298865	SB-431542	0.7	inactive
R4A_0000954_001	SPE_K17944737	-0.100932419	inactive	N	SPE_K17944737	ARTESUNATE	7.77	inactive
R4A_0001728_001	SPE_K81865756	-0.10843003	inactive	N	SPE_K81865756	Y16	-0.83	inactive
R4A_0001703_001	SPE_K87774949	-0.089683302	inactive	N	SPE_K87774949	Istradefylline	-5.39	inactive
R4A_0002144_001	SPE_K05973499	-0.020702693	inactive	N	SPE_K05973499	AZ-12080282	4.64	inactive
R4A_0004552_001	SPE_K93942811	-0.117325135	inactive	N	SPE_K93942811	ML-323	-1.95	inactive
R4A_0000053_001	SPE_K03165895	-0.032688394	inactive	N	SPE_K03165895	Elafibranor	-2.18	inactive
R4A_0003815_001					SPE_K19507340	MEGESTROL ACETATE	-3.8	inactive
R4A_0000186_001	SPE_K25970317	-0.054852216	inactive	N	SPE_K25970317	Resibufogenin	-2.23	inactive
R4A_0003101_001					SPE_K46331928	ETHYNODIOL DIACETATE	8.26	inactive
R4A_0000113_001	SPE_A74391928	-0.05800552	inactive	N	SPE_A74391928	Ibutilide fumarate	-0.39	inactive
R4A_0003650_001					SPE_K62779383	CHOLECALCIFEROL	-5.38	inactive
R4A_0003211_001	SPE_K16497916	-0.09158223	inactive	N	SPE_K16497916	TC-FPR-43	0.5	inactive
R4A_0004863_001	SPE_K08525451	-0.031275652	inactive	N	SPE_K08525451	SARAFLOXACIN HYDROCHLORIDE	-2.73	inactive
R4A_0000889_001	SPE_A84687895	-0.01946603	inactive	N	SPE_A84687895	Nilvadipine (ARC029)	4.59	inactive
R4A_0000974_001	SPE_K13888115	0.017895822	inactive	N	SPE_K13888115	LY2365109	3.89	inactive
R4A_0003003_001	SPE_A08187463	0.080427488	inactive	N	SPE_A08187463	RACECADOTRIL	-0.18	inactive
R4A_0000237_001	SPE_K31054881	-0.126003597	inactive	N	SPE_K31054881	BMY-7378	5.3	inactive
R4A_0003628_001					SPE_K93461745	BUSPIRONE HYDROCHLORIDE	-2.83	inactive
R4A_0001525_001	SPE_K60348325	-0.149430778	inactive	N	SPE_K60348325	Brilliant Green	-12.84	inactive
R4A_0005077_001	SPE_K89714990	-0.074760268	inactive	N	SPE_K89714990	TEPOXALIN	4.73	inactive
R4A_0003940_001					SPE_K17610631	indisulam	5.99	inactive
R4A_0004351_001	SPE_K56239177	0.000913776	inactive	N	SPE_K56239177	CGP-74514	23.13	inactive
R4A_0005332_001					SPE_K34657753	PD-118057	-7.3	inactive
R4A_0004578_001	SPE_K96344439	0.010629562	inactive	N	SPE_K96344439	Tofogliflozin (hydrate)	-1.43	inactive
R4A_0001678_001	SPE_K00312224	0.014102083	inactive	N	SPE_K00312224	PPT	-0.95	inactive
R4A_0000145_001	SPE_K91106808	0.064257323	inactive	N	SPE_K91106808	SU-16f	-0.9	inactive
R4A_0003743_001	SPE_K29905972	0.193497531	inactive	N	SPE_K29905972	axitinib	-1.97	inactive
R4A_0002313_001	SPE_K74558903	-0.086793593	inactive	N	SPE_K74558903	phortress	0.55	inactive
R4A_0000539_001	SPE_A70407468	0.00520391	inactive	N	SPE_A70407468	PSB-36	0.45	inactive
R4A_0003825_001					SPE_K01115818	TIC10 analogue	-4.39	inactive
R4A_0004485_001	SPE_K58529924	-0.083047973	inactive	N	SPE_K58529924	ONC201	35.63	inactive
R4A_0003352_001	SPE_A61221616	-0.114762268	inactive	N	SPE_A61221616	MEDROXYPROGESTERONE ACETATE	-3.12	inactive
R4A_0001129_001	SPE_K21547160	-0.045684085	inactive	N	SPE_K21547160	Sufentanil	-0.61	inactive
R4A_0000767_001	SPE_K35626314	-0.036553046	inactive	N	SPE_K35626314	Oliceridine (hydrochloride)	-2.63	inactive
R4A_0001510_001	SPE_A42883684	-0.047519088	inactive	N	SPE_A42883684	CHOLESTEROL	-3.63	inactive
R4A_0004945_001	SPE_K22588750	-0.150980871	inactive	N	SPE_K22588750	gidazepam	2.33	inactive
R4A_0002400_001	SPE_A92630576	-0.063321458	inactive	N	SPE_A92630576	TRIMEBUTINE MALEATE	3.57	inactive
R4A_0001582_001	SPE_K73196317	-0.008650784	inactive	N	SPE_K73196317	URAPIDIL HYDROCHLORIDE	-1.86	inactive
R4A_0001323_001	SPE_A17453586	-0.010526812	inactive	N	SPE_A17453586	MDL-72832	-0.42	inactive
R4A_0004159_001	SPE_K04210847	0.979923463	active	Y	SPE_K04210847	afimoxifene	20.38	inactive
R4A_0005514_001	SPE_A06916187	-0.189248269	inactive	N	SPE_A06916187	CPI-613	-6.39	inactive
R4A_0004006_001	SPE_A14395271	0.448248655	inactive	N	SPE_A14395271	mesoridazine besylate	-0.95	inactive
R4A_0003634_001	SPE_A33084557	0.04512382	inactive	N	SPE_A33084557	TIOCONAZOLE	5.85	inactive
R4A_0001495_001	SPE_K38548312	-0.13375874	inactive	N	SPE_K38548312	VER-49009	-3.87	inactive
R4A_0000803_001	SPE_K99308908	-0.009744327	inactive	N	SPE_K99308908	A-939572	-1.62	inactive
R4A_0004487_001					SPE_K19859123	CCMI	1.46	inactive
R4A_0005334_001	SPE_A65444648	-0.08838855	inactive	N	SPE_A65444648	imidurea	-4.37	inactive
R4A_0001569_001	SPE_K57275767	-0.013826588	inactive	N	SPE_K57275767	Geniposide	-3.32	inactive
R4A_0004720_001					SPE_K82118441	pyrantel	-5.89	inactive
R4A_0002679_001	SPE_K30159788	-0.011213176	inactive	N	SPE_K30159788	RSV604	-0.83	inactive
R4A_0004475_001	SPE_A84465106	0.005812865	inactive	N	SPE_A84465106	Nisoldipine	-1.79	inactive
R4A_0004417_001	SPE_A22256192	0.142602814	inactive	N	SPE_A22256192	terazosin	-1.86	inactive
R4A_0000931_001	SPE_K34415467	0.002663905	inactive	N	SPE_K34415467	TRIMETHOBENZAMIDE HYDROCHLORIDE	-1.29	inactive
R4A_0000864_001					SPE_A27828834	HETACILLIN POTASSIUM	-1.52	inactive
R4A_0002828_001	SPE_K51662849	-0.101422046	inactive	N	SPE_K51662849	"Ilomastat (GM6001, Galardin)"	-8.58	inactive
R4A_0004878_001	SPE_K45746021	0.037510043	inactive	N	SPE_K45746021	CC-401 (hydrochloride)	-0.52	inactive
R4A_0002816_001	SPE_K19781342	0.006757014	inactive	N	SPE_K19781342	ACT-462206	-5.81	inactive
R4A_0005299_001	SPE_M49658242	-0.087536348	inactive	N	SPE_M49658242	ACRISORCIN	42.44	inactive
R4A_0003212_001	SPE_A07986123	-0.15073876	inactive	N	SPE_A07986123	Galeterone (TOK-001)	-2.43	inactive
R4A_0001088_001	SPE_K29220403	0.01529049	inactive	N	SPE_K29220403	ESZOPICLONE	-5.6	inactive
R4A_0004611_001	SPE_K61250484	-0.067818142	inactive	N	SPE_K61250484	FPH1 (BRD-6125)	8.33	inactive
R4A_0000300_001	SPE_K37688416	-0.122382086	inactive	N	SPE_K37688416	FIPEXIDE HYDROCHLORIDE	-5.87	inactive
R4A_0002013_001	SPE_K83186168	-0.014810094	inactive	N	SPE_K83186168	AZD1981	-3.99	inactive
R4A_0005408_001	SPE_A42571354	-0.031047618	inactive	N	SPE_A42571354	CETIRIZINE HYDROCHLORIDE	-4.08	inactive
R4A_0005408_002	SPE_K27184429	-0.021584709	inactive	N	SPE_K27184429	LEVOCETIRIZINE DIHYDROCHLORIDE	-0.8	inactive
R4A_0005267_001	SPE_K98624455	-0.013932804	inactive	N	SPE_K98624455	Bepotastine Besilate	2.29	inactive
R4A_0003309_001	SPE_K50836978	0.013162342	inactive	N	SPE_K50836978	purvalanol-a	-0.71	inactive
R4A_0003630_001	SPE_K80666802	1.043826913	active	Y	SPE_K80666802	CYM-50358	36.25	inactive
R4A_0004407_001	SPE_K04643927	-0.046205939	inactive	N	SPE_K04643927	GLPG0492 (R enantiomer)	-2.15	inactive
R4A_0004407_002	SPE_K15893360	0.001499238	inactive	N	SPE_K15893360	GLPG0492	-2.11	inactive
R4A_0001914_001	SPE_K29735307	-0.102430805	inactive	N	SPE_K29735307	MK-2866 (GTx-024)	-3.77	inactive
R4A_0005051_001	SPE_K83492904	-0.006141374	inactive	N	SPE_K83492904	T-5601640	-3.16	inactive
R4A_0005458_001					SPE_A40787240	GEMIFLOXACIN MESYLATE	7.81	inactive
R4A_0002532_001	SPE_K04993719	-0.03695902	inactive	N	SPE_K04993719	LY2334737	-1.7	inactive
R4A_0002141_001	SPE_K43167535	-0.042316145	inactive	N	SPE_K43167535	C34	-6.26	inactive
R4A_0002552_001	SPE_A47790386	0.030356928	inactive	N	SPE_A47790386	Balofloxacin	-2.1	inactive
R4A_0004637_001					SPE_K24871708	CEFPROZIL	2.54	inactive
R4A_0004334_001	SPE_K21865955	0.022263065	inactive	N	SPE_K21865955	Ilginatinib hydrochloride	3.49	inactive
R4A_0003407_001	SPE_K73789395	-0.017394058	inactive	N	SPE_K73789395	ZM-336372	-6.05	inactive
R4A_0000211_001	SPE_K32847255	-0.057746087	inactive	N	SPE_K32847255	GSK-J1	0.05	inactive
R4A_0002636_001	SPE_K69215269	-0.000259147	inactive	N	SPE_K69215269	Solcitinib	-2.5	inactive
R4A_0002355_001	SPE_K82484347	-0.016073435	inactive	N	SPE_K82484347	GSK-J2	0.42	inactive
R4A_0001518_001	SPE_K48188942	0.029108819	inactive	N	SPE_K48188942	ML-281	0.78	inactive
R4A_0005300_001	SPE_K18849474	-0.100506965	inactive	N	SPE_K18849474	Dalcetrapib??JTT-705??	2.05	inactive
R4A_0004032_001	SPE_K74057757	-0.006298956	inactive	N	SPE_K74057757	Indibulin	0.55	inactive
R4A_0001003_001	SPE_K19409553	0.058437504	inactive	N	SPE_K19409553	GPR120 modulator 1	-3.62	inactive
R4A_0000392_001	SPE_A38675539	-0.082448752	inactive	N	SPE_A38675539	CYCLOTHIAZIDE	-2.34	inactive
R4A_0001849_001	SPE_K29395450	-0.098011956	inactive	N	SPE_K29395450	PIK-93	-5.63	inactive
R4A_0000664_001	SPE_K36804890	-0.021083876	inactive	N	SPE_K36804890	NAB-2	-0.57	inactive
R4A_0003562_001					SPE_K25106841	gadopentetic-acid	0.03	inactive
R4A_0002248_001	SPE_K16546375	-0.078114936	inactive	N	SPE_K16546375	bicyclol	-7.12	inactive
R4A_0002486_001					SPE_A78341343	Regadenoson	0.96	inactive
R4A_0001472_001	SPE_K43236057	-0.05131499	inactive	N	SPE_K43236057	Polydatin(Piceid)	-1.94	inactive
R4A_0002010_001	SPE_K53281329	0.054709498	inactive	N	SPE_K53281329	BAY 61-3606 (dihydrochloride)	2.2	inactive
R4A_0001376_001	SPE_K83063356	0.126370242	inactive	N	SPE_K83063356	RS-102895	6.16	inactive
R4A_0003328_001					SPE_K33637378	Flibanserin	3.35	inactive
R4A_0000901_001	SPE_K14711741	0.139906865	inactive	N	SPE_K14711741	PF-4708671	-0.72	inactive
R4A_0002821_001					SPE_K17953908	LY2886721	3.41	inactive
R4A_0004825_001	SPE_K28537285	-0.032141883	inactive	N	SPE_K28537285	Chidamide	0.35	inactive
R4A_0000106_001	SPE_K33882852	-0.093635204	inactive	N	SPE_K33882852	ZK-93423	-9.89	inactive
R4A_0004734_001					SPE_A09056319	ALFUZOSIN HYDROCHLORIDE	1.62	inactive
R4A_0000680_001	SPE_K33814251	-0.05512461	inactive	N	SPE_K33814251	Lubiprostone	-4.09	inactive
R4A_0003249_001	SPE_K91535048	-0.019753252	inactive	N	SPE_K91535048	EI1	0.08	inactive
R4A_0003963_001	SPE_K18619710	-0.138701615	inactive	N	SPE_K18619710	Digoxigenin	-11.03	inactive
R4A_0003579_001	SPE_K51751936	-0.047100215	inactive	N	SPE_K51751936	alfadolone-acetate	-8.55	inactive
R4A_0000093_001					SPE_K94441233	MEVASTATIN	-0.91	inactive
R4A_0002988_001	SPE_A50311610	0.044687683	inactive	N	SPE_A50311610	MECLIZINE HYDROCHLORIDE	8.69	inactive
R4A_0003605_001	SPE_K54264768	-0.023624637	inactive	N	SPE_K54264768	ETC-159	-2.21	inactive
R4A_0000832_001	SPE_A81370665	-0.057761624	inactive	N	SPE_A81370665	BI-D1870	17.47	inactive
R4A_0003573_001	SPE_K31698212	-0.086385537	inactive	N	SPE_K31698212	Icotinib	12.56	inactive
R4A_0004042_001	SPE_K47639036	-0.002641954	inactive	N	SPE_K47639036	Flavoxate HCl	0.89	inactive
R4A_0005134_001	SPE_K59332007	0.018548454	inactive	N	SPE_K59332007	linopirdine	-1.08	inactive
R4A_0002162_001	SPE_K58550667	0.025052106	inactive	N	SPE_K58550667	FK-866	1.91	inactive
R4A_0004368_001	SPE_K24048528	-0.063369786	inactive	N	SPE_K24048528	Abiraterone Acetate	2.09	inactive
R4A_0000099_001	SPE_K89085489	0.051012317	inactive	N	SPE_K89085489	Fenretinide	-0.7	inactive
R4A_0003358_001	SPE_K58319700	0.117375991	inactive	N	SPE_K58319700	begacestat	-3.74	inactive
R4A_0001205_001	SPE_K30572193	-0.00104406	inactive	N	SPE_K30572193	CTEP (RO4956371)	-6.8	inactive
R4A_0004946_001	SPE_K36970462	0.044548783	inactive	N	SPE_K36970462	Tonabersat	-1	inactive
R4A_0004924_001	SPE_A89825407	-0.043435135	inactive	N	SPE_A89825407	aurothioglucose	6.15	inactive
R4A_0002525_001	SPE_K59060513	-0.068166926	inactive	N	SPE_K59060513	A-1120	-0.92	inactive
R4A_0000175_001	SPE_A95300432	0.11895874	inactive	N	SPE_A95300432	Decernotinib	-0.82	inactive
R4A_0000884_001					SPE_K07612980	SPARFLOXACIN	6.29	inactive
R4A_0000965_001	SPE_K89561498	-0.121691499	inactive	N	SPE_K89561498	SN-38	-3.55	inactive
R4A_0003283_001	SPE_K85402309	-0.081557568	inactive	N	SPE_K85402309	"Dovitinib (TKI-258, CHIR-258)"	19.1	inactive
R4A_0004883_001					SPE_K00531707	cinepazet	-4.44	inactive
R4A_0004422_001	SPE_A89337244	0.248297242	inactive	N	SPE_A89337244	PD-102807	7.25	inactive
R4A_0000239_001	SPE_K31519811	0.707838972	active	Y	SPE_K31519811	PF-2545920	10.3	inactive
R4A_0004336_001	SPE_A02180903	-0.074966576	inactive	N	SPE_A02180903	BETAMETHASONE	2.45	inactive
R4A_0004336_002	SPE_A10188456	-0.087245091	inactive	N	SPE_A10188456	DEXAMETHASONE	-3.69	inactive
R4A_0004346_001	SPE_K64451768	-0.003022551	inactive	N	SPE_K64451768	GANT-58	-1.74	inactive
R4A_0003114_001	SPE_K39624409	-0.037484739	inactive	N	SPE_K39624409	ADL5859 HCl	-2.96	inactive
R4A_0003375_001	SPE_K52818472	-0.047845092	inactive	N	SPE_K52818472	Ivacaftor (VX-770)	-5.08	inactive
R4A_0003659_001	SPE_K89208535	0.589881775	active	Y	SPE_K89208535	Indacaterol Maleate	0.13	inactive
R4A_0005214_001					SPE_K92991072	PAC-1	-0.06	inactive
R4A_0003199_001					SPE_K69469734	Trospium chloride (Sanctura)	-3.78	inactive
R4A_0002308_001					SPE_K62782754	Tiotropium Bromide hydrate	-2.59	inactive
R4A_0000836_001	SPE_K23335153	0.110859236	inactive	N	SPE_K23335153	AMN-082	30.09	inactive
R4A_0003844_001					SPE_K15697815	URSODIOL	-2.91	inactive
R4A_0002247_001	SPE_K41170226	-0.048111657	inactive	N	SPE_K41170226	Deoxycholic acid	0.11	inactive
R4A_0003844_002	SPE_K43723251	-0.062148379	inactive	N	SPE_K43723251	Chenodeoxycholic acid	-4.84	inactive
R4A_0000718_001	SPE_K49031386	-0.037467806	inactive	N	SPE_K49031386	Hyodeoxycholic acid (HDCA)	1.59	inactive
R4A_0001847_001	SPE_K03155172	-0.043924907	inactive	N	SPE_K03155172	GSK3787	-0.85	inactive
R4A_0001330_001	SPE_K33502629	-0.035091018	inactive	N	SPE_K33502629	PSNCBAM-1	-10.8	inactive
R4A_0003562_002					SPE_K40621224	PENTETIC ACID	-0.07	inactive
R4A_0004461_001					SPE_K79821389	rubitecan	43.01	inactive
R4A_0000246_001	SPE_K70504253	0.082708288	inactive	N	SPE_K70504253	Fruquintinib	-2.33	inactive
R4A_0003153_001	SPE_A06352508	-0.008940705	inactive	N	SPE_A06352508	SB-218078	-2.37	inactive
R4A_0003845_001	SPE_K06455935	0.039804974	inactive	N	SPE_K06455935	Daprodustat	0.57	inactive
R4A_0000007_001	SPE_K70401845	-0.067222143	inactive	N	SPE_K70401845	Erlotinib(OSI-744)	16.36	inactive
R4A_0004155_001	SPE_K53734668	0.951063118	active	Y	SPE_K53734668	"PRT062607 (P505-15, PRT2607, BIIB057) HCl"	18.83	inactive
R4A_0000918_001	SPE_K53979406	-0.097546023	inactive	N	SPE_K53979406	ALX-5407	0.25	inactive
R4A_0001526_001	SPE_K25224017	-0.032524671	inactive	N	SPE_K25224017	pirenperone	-6.13	inactive
R4A_0004870_001	SPE_K68346641	-0.02126667	inactive	N	SPE_K68346641	AMSACRINE	19.47	inactive
R4A_0003982_001	SPE_K69195780	-0.050536635	inactive	N	SPE_K69195780	NAN-190	-0.85	inactive
R4A_0004076_001	SPE_K08532119	0.049704701	inactive	N	SPE_K08532119	Branaplam	3.38	inactive
R4A_0005360_001	SPE_K77286328	-0.029857215	inactive	N	SPE_K77286328	Reversine	-1.32	inactive
R4A_0001424_001	SPE_K10031916	0.368370696	inactive	N	SPE_K10031916	lumateperone (Tosylate)	19.45	inactive
R4A_0001455_001					SPE_A01787639	NAFTOPIDIL	19.99	inactive
R4A_0002627_001	SPE_K49945136	-0.012414878	inactive	N	SPE_K49945136	GR-113808	0.77	inactive
R4A_0001316_001	SPE_K49055432	0.055041348	inactive	N	SPE_K49055432	A66	0.88	inactive
R4A_0004610_001	SPE_K88544581	-0.123950815	inactive	N	SPE_K88544581	CI-976	0.67	inactive
R4A_0003469_001	SPE_K10196357	-0.094357596	inactive	N	SPE_K10196357	Besifloxacin HCl (Besivance)	-1.6	inactive
R4A_0001795_001					SPE_K65978409	bismuth-subgallate	11.09	inactive
R4A_0004638_001	SPE_K06814349	-0.10774603	inactive	N	SPE_K06814349	Fosbretabulin (disodium)	11.55	inactive
R4A_0002072_001	SPE_K11636097	-0.097712826	inactive	N	SPE_K11636097	JNJ-7706621	20.48	inactive
R4A_0000442_001	SPE_K24554037	-0.077949386	inactive	N	SPE_K24554037	JW-67	-0.48	inactive
R4A_0003971_001	SPE_K47554101	-0.03340911	inactive	N	SPE_K47554101	Eperezolid	-1.38	inactive
R4A_0002891_001	SPE_K42066335	0.000327486	inactive	N	SPE_K42066335	Lorediplon	-1.48	inactive
R4A_0001124_001					SPE_K77554836	TRIAMCINOLONE	-2.83	inactive
R4A_0004385_001					SPE_A23747351	sirtinol	-0.57	inactive
R4A_0002075_001	SPE_K41194171	0.022829687	inactive	N	SPE_K41194171	LY310762	-0.9	inactive
R4A_0003873_001	SPE_K56047318	0.0152287	inactive	N	SPE_K56047318	RHC-80267	-6.95	inactive
R4A_0002582_001	SPE_K45973863	0.052467992	inactive	N	SPE_K45973863	WR99210	-6.07	inactive
R4A_0003728_001	SPE_K79710622	-0.06580651	inactive	N	SPE_K79710622	GKT137831	-4.23	inactive
R4A_0000851_001					SPE_K78960041	OXALIPLATIN	22.88	inactive
R4A_0004359_001	SPE_K82421491	-0.133605788	inactive	N	SPE_K82421491	IPAG	0.78	inactive
R4A_0002298_001	SPE_K38938675	-0.08967616	inactive	N	SPE_K38938675	Morniflumate	-5.21	inactive
R4A_0003507_001	SPE_K63001556	-0.008761409	inactive	N	SPE_K63001556	ORBIFLOXACIN	-7.82	inactive
R4A_0003842_001					SPE_K15766189	CEFDINIR	-6.59	inactive
R4A_0000686_001	SPE_K01080633	-0.014117245	inactive	N	SPE_K01080633	DAA-1106	-2.6	inactive
R4A_0000653_001					SPE_K06405316	CID-2745687	-1.41	inactive
R4A_0001540_001	SPE_K85014146	-0.013161975	inactive	N	SPE_K85014146	AZD2461	2.83	inactive
R4A_0001606_001	SPE_A00147595	-0.1137188	inactive	N	SPE_A00147595	Balaglitazone	-0.39	inactive
R4A_0005486_001					SPE_K13414800	Vesnarinone	1.75	inactive
R4A_0001764_001	SPE_K50031829	-0.107284355	inactive	N	SPE_K50031829	PF-04447943	-0.2	inactive
R4A_0000746_001	SPE_K55468218	0.131644086	inactive	N	SPE_K55468218	spiperone	20.33	inactive
R4A_0003820_001	SPE_A41995253	0.011938325	inactive	N	SPE_A41995253	BRUCINE	1.12	inactive
R4A_0005435_001	SPE_K36756879	0.037205378	inactive	N	SPE_K36756879	ETHAVERINE HYDROCHLORIDE	0.61	inactive
R4A_0000234_001	SPE_K24570280	0.034899315	inactive	N	SPE_K24570280	CINPA-1	2.01	inactive
R4A_0005007_001	SPE_K25311561	0.0596424	inactive	N	SPE_K25311561	KU-55933	-4.96	inactive
R4A_0001104_001	SPE_K02995728	-0.01742747	inactive	N	SPE_K02995728	Quinagolide (hydrochloride)	0.96	inactive
R4A_0001638_001	SPE_K55462201	0.015526707	inactive	N	SPE_K55462201	AM-404	-2.52	inactive
R4A_0005423_001	SPE_K45519571	0.032898357	inactive	N	SPE_K45519571	RN-1747	-1.83	inactive
R4A_0001929_001	SPE_K98143539	0.061015173	inactive	N	SPE_K98143539	compound-w	-1.17	inactive
R4A_0001794_001	SPE_K73565918	-0.108507482	inactive	N	SPE_K73565918	AS-2444697	-4.19	inactive
R4A_0005417_001	SPE_K30331124	-0.009608025	inactive	N	SPE_K30331124	"Dimethylcurcumin, ASC-J9"	-0.99	inactive
R4A_0004929_001	SPE_K28210218	-0.103839998	inactive	N	SPE_K28210218	Cephalothin	0.66	inactive
R4A_0001738_001	SPE_K61097567	0.020226202	inactive	N	SPE_K61097567	SB-218795	-1.53	inactive
R4A_0001114_001					SPE_K30550578	PF-04620110	-1.59	inactive
R4A_0001454_001	SPE_K16485616	-0.136132163	inactive	N	SPE_K16485616	Mocetinostat	24.67	inactive
R4A_0005073_001	SPE_K16810791	-0.009981879	inactive	N	SPE_K16810791	LGK-974	24.35	inactive
R4A_0004059_001					SPE_K62040061	Toceranib (phosphate)	11.1	inactive
R4A_0002897_001	SPE_K97028990	-0.106937011	inactive	N	SPE_K97028990	QUININE ETHYL CARBONATE	6.16	inactive
R4A_0003280_001	SPE_K13662825	-0.101323336	inactive	N	SPE_K13662825	Dinaciclib (SCH727965)	-2.31	inactive
R4A_0003220_001	SPE_K47949423	0.058176749	inactive	N	SPE_K47949423	Mirabegron (YM178)	-5.5	inactive
R4A_0003535_001	SPE_K61695967	-0.001565243	inactive	N	SPE_K61695967	MKT-077	-7.97	inactive
R4A_0004305_001	SPE_A91452556	-0.066330053	inactive	N	SPE_A91452556	ESTRADIOL CYPIONATE	-1.02	inactive
R4A_0002992_001	SPE_K85776940	-0.062107113	inactive	N	SPE_K85776940	delta-Tocotrienol	-0.24	inactive
R4A_0000776_001	SPE_K09161066	-0.046017275	inactive	N	SPE_K09161066	Ergosterol	-5.48	inactive
R4A_0002526_001					SPE_K56155962	ERGOCALCIFEROL	-2.68	inactive
R4A_0004389_001	SPE_K75855670	-0.113971797	inactive	N	SPE_K75855670	IODOQUINOL	-3.2	inactive
R4A_0001899_001	SPE_K03301001	0.027545796	inactive	N	SPE_K03301001	A-7	11.84	inactive
R4A_0004615_001	SPE_K68558722	0.00036566	inactive	N	SPE_K68558722	DERACOXIB	-2.05	inactive
R4A_0001206_001					SPE_K57416838	MRK-409	-9.74	inactive
R4A_0001941_001	SPE_K59045783	-0.101672216	inactive	N	SPE_K59045783	Faropenem daloxate	-2.76	inactive
R4A_0002493_001	SPE_K12867552	-0.05593507	inactive	N	SPE_K12867552	Abexinostat (PCI-24781)	-1.46	inactive
R4A_0003867_001	SPE_K82850175	-0.091495473	inactive	N	SPE_K82850175	Navarixin	-0.76	inactive
R4A_0002645_001					SPE_K27798832	cefetamet	-9.72	inactive
R4A_0002172_001	SPE_K30977212	-0.046365519	inactive	N	SPE_K30977212	PIK-293	0.34	inactive
R4A_0002243_001	SPE_K87919739	-0.063082236	inactive	N	SPE_K87919739	tyrphostin-AG-825	-3.59	inactive
R4A_0004228_001					SPE_K88737571	CC-223	-1.12	inactive
R4A_0004750_001	SPE_K25244359	0.000154004	inactive	N	SPE_K25244359	Apatinib mesylate	-4.31	inactive
R4A_0003084_001	SPE_K14658796	0.0721262	inactive	N	SPE_K14658796	drotaverine	16.12	inactive
R4A_0000584_001	SPE_K29424831	-0.172580618	inactive	N	SPE_K29424831	TCS-OX2-29	6.96	inactive
R4A_0002769_001	SPE_K37864785	-0.018393555	inactive	N	SPE_K37864785	GW311616	0.42	inactive
R4A_0000685_001	SPE_K69837166	0.053334517	inactive	N	SPE_K69837166	trap-101	3.61	inactive
R4A_0000250_001	SPE_K23414802	0.006656912	inactive	N	SPE_K23414802	SUCRALOSE	4.63	inactive
R4A_0003118_001					SPE_K94485812	LDN-57444	-8.17	inactive
R4A_0005526_001	SPE_K70344361	-0.080250937	inactive	N	SPE_K70344361	NH125	-1.61	inactive
R4A_0000054_001	SPE_A70649075	0.080298533	inactive	N	SPE_A70649075	SULCONAZOLE NITRATE	-2.27	inactive
R4A_0005101_001	SPE_K79102359	-0.089996192	inactive	N	SPE_K79102359	Idalopirdine Hydrochloride	10.9	inactive
R4A_0001074_001					SPE_K98384930	"8-cyano-1-cyclopropyl-6-fluoro-7-((4aS,7aS)-hexahydropyrrolo[3,4-b][1,4]oxazin-6(2H)-yl)-4-oxo-1,4-dihydroquinoline-3-carboxylic acid"	-1.12	inactive
R4A_0002754_001					SPE_K10670311	SULFASALAZINE	-3.52	inactive
R4A_0000331_001	SPE_A78093359	-0.021452768	inactive	N	SPE_A78093359	MRS1845	-8.73	inactive
R4A_0004859_001	SPE_K43806473	-0.117763402	inactive	N	SPE_K43806473	Camostat Mesilate (FOY-305)	-0.95	inactive
R4A_0000793_001	SPE_K09132007	0.243312355	inactive	N	SPE_K09132007	D-4476	-2.75	inactive
R4A_0002585_001	SPE_K14171291	-0.070161622	inactive	N	SPE_K14171291	Omarigliptin	0.04	inactive
R4A_0002529_001	SPE_K78185697	-0.023669633	inactive	N	SPE_K78185697	Ademetionine	-7.98	inactive
R4A_0002069_001	SPE_K34277641	-0.075122537	inactive	N	SPE_K34277641	L-365260	-4.61	inactive
R4A_0004690_001					SPE_K42828737	Sunitinib	6.17	inactive
R4A_0003122_001	SPE_A94580299	0.018528102	inactive	N	SPE_A94580299	KL-001	0.36	inactive
R4A_0005230_001	SPE_K09619322	-0.074775239	inactive	N	SPE_K09619322	CD-1530	-4.04	inactive
R4A_0002292_001	SPE_K28907958	-0.020484955	inactive	N	SPE_K28907958	CD-437	-9.79	inactive
R4A_0001972_001	SPE_A71157293	-0.17415785	inactive	N	SPE_A71157293	fursultiamine	-2.65	inactive
R4A_0002401_001	SPE_A06700447	0.012567789	inactive	N	SPE_A06700447	SCH-221510	-2.82	inactive
R4A_0005187_001					SPE_M98279124	cevimeline	15.14	inactive
R4A_0001658_001	SPE_A34455052	-0.068373022	inactive	N	SPE_A34455052	dihydrotachysterol	0.34	inactive
R4A_0000362_001	SPE_A01259528	-0.154474162	inactive	N	SPE_A01259528	ODM-201	-6.56	inactive
R4A_0005321_001	SPE_K72005722	-0.050629899	inactive	N	SPE_K72005722	Seviteronel	0.61	inactive
R4A_0002866_001	SPE_K73923631	-0.121109016	inactive	N	SPE_K73923631	DIFLOXACIN HYDROCHLORIDE	-4.81	inactive
R4A_0000416_001	SPE_K46647427	-0.147807715	inactive	N	SPE_K46647427	L-838417	-6.83	inactive
R4A_0003357_001	SPE_K81779590	-0.004171895	inactive	N	SPE_K81779590	NGD-98-2	-1.16	inactive
R4A_0002594_001	SPE_K69726595	-0.094908764	inactive	N	SPE_K69726595	Mericitabine	-2.66	inactive
R4A_0004627_001	SPE_K30185465	-0.09274811	inactive	N	SPE_K30185465	GSK2578215A	-7.05	inactive
R4A_0000962_001	SPE_K74396648	-0.101609031	inactive	N	SPE_K74396648	EW-7197	-2.97	inactive
R4A_0001559_001	SPE_K00259736	0.31018483	inactive	N	SPE_K00259736	COLCHICINE	6.86	inactive
R4A_0001946_001	SPE_K16939217	-0.087606849	inactive	N	SPE_K16939217	TC-G-1005	-4.61	inactive
R4A_0004917_001	SPE_K54233340	-0.028439369	inactive	N	SPE_K54233340	dorsomorphin	27.54	inactive
R4A_0000426_001	SPE_K52751261	0.322734393	inactive	N	SPE_K52751261	TAK-715	-1.98	inactive
R4A_0002755_001	SPE_A04203391	-0.052436835	inactive	N	SPE_A04203391	piricapiron	-4.12	inactive
R4A_0003552_001	SPE_A33931310	-0.040584384	inactive	N	SPE_A33931310	Olesoxime	-0.61	inactive
R4A_0001380_001	SPE_K19171642	0.046827617	inactive	N	SPE_K19171642	CP-91149	-3.36	inactive
R4A_0003460_001	SPE_K15811707	0.021017619	inactive	N	SPE_K15811707	CPI-203	1.35	inactive
R4A_0003809_001					SPE_K81548480	AC-264613	6.04	inactive
R4A_0004382_001					SPE_K96786677	OXACILLIN SODIUM	-4.06	inactive
R4A_0003843_001					SPE_K86294588	Schisandrin B	-6.33	inactive
R4A_0004001_001	SPE_K40575944	-0.018702067	inactive	N	SPE_K40575944	DMH4	-1.94	inactive
R4A_0004070_001	SPE_K46384285	0.013485108	inactive	N	SPE_K46384285	DSR-6434	1.08	inactive
R4A_0000351_001	SPE_K82135108	-0.143594243	inactive	N	SPE_K82135108	Elesclomol (STA-4783)	-1.56	inactive
R4A_0004975_001	SPE_A77577770	0.037302273	inactive	N	SPE_A77577770	palmitoylcarnitine	0.17	inactive
R4A_0002012_001	SPE_K77175907	-0.0591874	inactive	N	SPE_K77175907	Calcifediol	-0.38	inactive
R4A_0003023_001					SPE_K92644009	Alfacalcidol	-4.89	inactive
R4A_0004662_001	SPE_K28761384	-0.102119598	inactive	N	SPE_K28761384	zuclopenthixol	17.91	inactive
R4A_0000785_001	SPE_K92517771	0.014348651	inactive	N	SPE_K92517771	Acalisib	-2.32	inactive
R4A_0000885_001	SPE_K66615216	-0.010120745	inactive	N	SPE_K66615216	MOXIFLOXACIN HYDROCHLORIDE	-10.5	inactive
R4A_0003710_001	SPE_K36680103	-0.074072539	inactive	N	SPE_K36680103	Omecamtiv mecarbil (CK-1827452)	-1.16	inactive
R4A_0005080_001	SPE_K23677682	-0.025784545	inactive	N	SPE_K23677682	Voreloxin (Hydrochloride)	-1.77	inactive
R4A_0002031_001	SPE_K07283971	-0.040701536	inactive	N	SPE_K07283971	OXYCLOZANIDE	-8.29	inactive
R4A_0002745_001					SPE_K45875383	Emapunil	-3.61	inactive
R4A_0004173_001	SPE_K90574421	-0.035274047	inactive	N	SPE_K90574421	ipsapirone	-10.72	inactive
R4A_0002861_001	SPE_K52397688	-0.052945475	inactive	N	SPE_K52397688	Amperozide?HCl	8.88	inactive
R4A_0003051_001	SPE_A11551002	0.009241715	inactive	N	SPE_A11551002	DEHYDROCHOLIC ACID	2.15	inactive
R4A_0003051_002					SPE_A64125466	DEHYDROCHOLATE SODIUM	4.65	inactive
R4A_0004060_001	SPE_K41713976	0.011002583	inactive	N	SPE_K41713976	E-4031	-0.9	inactive
R4A_0000771_001					SPE_K37687387	RU-28318	-2.26	inactive
R4A_0002691_001	SPE_K94863486	0.051464171	inactive	N	SPE_K94863486	cetilistat	-1.94	inactive
R4A_0002905_001	SPE_K76365178	-0.023962959	inactive	N	SPE_K76365178	SC-236	-1.56	inactive
R4A_0003534_001	SPE_K51791723	0.011530864	inactive	N	SPE_K51791723	P276-00	35.07	inactive
R4A_0000328_001	SPE_K87909389	-0.089414362	inactive	N	SPE_K87909389	alvocidib	1.91	inactive
R4A_0002665_001					SPE_A78111609	TNP-470	11.27	inactive
R4A_0002665_002					SPE_K53597484	TNP-470	16.07	inactive
R4A_0001603_001	SPE_K16757695	0.012583504	inactive	N	SPE_K16757695	PRX-08066 Maleic acid	18.72	inactive
R4A_0002736_001	SPE_K40269473	-0.103759421	inactive	N	SPE_K40269473	Cathepsin Inhibitor 1	-8.49	inactive
R4A_0005256_001	SPE_K25875056	-0.10380966	inactive	N	SPE_K25875056	SC-9	-7.16	inactive
R4A_0005431_001	SPE_A89672324	0.047125121	inactive	N	SPE_A89672324	CGP-55845	-0.85	inactive
R4A_0000424_001	SPE_K48371964	-0.035647936	inactive	N	SPE_K48371964	VU1545	-0.13	inactive
R4A_0002659_001	SPE_K06753942	0.179029688	inactive	N	SPE_K06753942	Nobiletin (Hexamethoxyflavone)	-2.5	inactive
R4A_0005484_001	SPE_K44731351	0.039713371	inactive	N	SPE_K44731351	AL-8697	-4.18	inactive
R4A_0001620_001	SPE_K24497734	0.255244518	inactive	N	SPE_K24497734	Setipiprant	-2.57	inactive
R4A_0001855_001	SPE_K04635846	0.605889195	active	Y	SPE_K04635846	PNU-177864	32.96	inactive
R4A_0005104_001	SPE_K98372770	-0.042032887	inactive	N	SPE_K98372770	L-165041	1	inactive
R4A_0005492_001	SPE_A14316475	-0.104673674	inactive	N	SPE_A14316475	SN-6	-2.45	inactive
R4A_0002421_001					SPE_K45664306	PREDNISOLONE ACETATE	-4.54	inactive
R4A_0001731_001					SPE_K86161929	CORTISONE ACETATE	2.13	inactive
R4A_0001754_001					SPE_K25204779	Pritelivir	1	inactive
R4A_0001211_001	SPE_K41779183	-0.045888523	inactive	N	SPE_K41779183	Clascoterone	-0.65	inactive
R4A_0004782_001					SPE_K02780233	Geranyl-farnesylacetate_Gefarnate	-2.12	inactive
R4A_0001293_001	SPE_K04657451	-0.135024333	inactive	N	SPE_K04657451	D-delta-Tocopherol	-8.73	inactive
R4A_0001189_001	SPE_K27799744	-0.124452805	inactive	N	SPE_K27799744	Cyclovirobuxin D (Bebuxine)	8.26	inactive
R4A_0004680_001	SPE_K59433843	-0.08108454	inactive	N	SPE_K59433843	ICI-192605	-1.11	inactive
R4A_0000010_001	SPE_K33059059	-0.054747618	inactive	N	SPE_K33059059	A-867744	2.2	inactive
R4A_0002607_001	SPE_K03194791	-0.028648609	inactive	N	SPE_K03194791	Roflumilast (Daxas)	-1.64	inactive
R4A_0000910_001	SPE_K15791587	1.157799781	active	Y	SPE_K15791587	L-733060	40.11	inactive
R4A_0003228_001	SPE_K64659768	0.020113284	inactive	N	SPE_K64659768	PHTHALYLSULFATHIAZOLE	-2.23	inactive
R4A_0004030_001	SPE_K31092604	0.01384018	inactive	N	SPE_K31092604	donitriptan	1.4	inactive
R4A_0004149_001	SPE_K37618799	0.01138464	inactive	N	SPE_K37618799	MRS-1220	-0.77	inactive
R4A_0000074_001	SPE_K72735080	-0.081078673	inactive	N	SPE_K72735080	BET-BAY 002	-0.73	inactive
R4A_0003695_001					SPE_K24610819	amibegron	13.93	inactive
R4A_0003666_001	SPE_K07762753	-0.070566569	inactive	N	SPE_K07762753	aminopurvalanol-a	7.75	inactive
R4A_0000942_001	SPE_K75024268	-0.050300507	inactive	N	SPE_K75024268	Lesinurad	6.9	inactive
R4A_0001076_001	SPE_K07736136	-0.13241033	inactive	N	SPE_K07736136	VX-702	-4.92	inactive
R4A_0001360_001	SPE_K26439554	-0.001545674	inactive	N	SPE_K26439554	H2L-5765834	0.2	inactive
R4A_0001953_001	SPE_K66896751	-0.009685775	inactive	N	SPE_K66896751	Alpidem	0.29	inactive
R4A_0004802_001	SPE_A41450521	-0.167459163	inactive	N	SPE_A41450521	tosufloxacin	-4.74	inactive
R4A_0004636_001					SPE_K11099631	gadoterate-meglumine	1.35	inactive
R4A_0004043_001	SPE_K58794715	-0.077324855	inactive	N	SPE_K58794715	bentiromide	-5.89	inactive
R4A_0004390_001	SPE_K44665581	-0.018108593	inactive	N	SPE_K44665581	Bromosporine	22.04	inactive
R4A_0000077_001	SPE_K51247865	-0.079636946	inactive	N	SPE_K51247865	Ipragliflozin	0.18	inactive
R4A_0005010_001	SPE_K46625559	-0.006030966	inactive	N	SPE_K46625559	Ozanimod	39.35	inactive
R4A_0001501_001	SPE_K55418700	0.02930426	inactive	N	SPE_K55418700	MCC950	-0.5	inactive
R4A_0002497_001	SPE_A36217750	-0.008922848	inactive	N	SPE_A36217750	SULFINPYRAZONE	-2.27	inactive
R4A_0002995_001	SPE_A55312468	-0.053006054	inactive	N	SPE_A55312468	Strophantidin	-7.08	inactive
R4A_0000108_001	SPE_A65767837	-0.136609532	inactive	N	SPE_A65767837	HYDROCORTISONE ACETATE	-4.93	inactive
R4A_0004009_001	SPE_K29582677	0.375253553	inactive	N	SPE_K29582677	flunarizine	5.83	inactive
R4A_0003236_001	SPE_K09416995	-0.050196887	inactive	N	SPE_K09416995	LOVASTATIN	-4.83	inactive
R4A_0002853_001	SPE_K51776215	0.041935522	inactive	N	SPE_K51776215	TC-S-7006	-2.18	inactive
R4A_0003537_001	SPE_A01593789	-0.042099469	inactive	N	SPE_A01593789	CHLORMADINONE ACETATE	-1.88	inactive
R4A_0005190_001	SPE_A18598741	-0.156070094	inactive	N	SPE_A18598741	4BP-TQS	-2.81	inactive
R4A_0005444_001	SPE_K26305185	-0.116507348	inactive	N	SPE_K26305185	K-Ras(G12C) inhibitor 6	-4.91	inactive
R4A_0004630_001	SPE_A95114378	-0.014597785	inactive	N	SPE_A95114378	"Cabotegravir (GSK744, GSK1265744)"	-14.2	inactive
R4A_0002439_001	SPE_K81053848	-0.06636636	inactive	N	SPE_K81053848	KS-176	0.34	inactive
R4A_0002418_001	SPE_K93869735	-0.065471957	inactive	N	SPE_K93869735	Taltirelin	-1.67	inactive
R4A_0002156_001					SPE_K04956647	NEBIVOLOL HYDROCHLORIDE	47.87	inactive
R4A_0002140_001					SPE_K34332569	Imidapril HCl	1.23	inactive
R4A_0003007_001	SPE_K32311154	-0.129500059	inactive	N	SPE_K32311154	nifekalant	2.68	inactive
R4A_0001741_001	SPE_K34870043	-0.076678641	inactive	N	SPE_K34870043	Adoprazine	1.81	inactive
R4A_0002154_001					SPE_K07442505	BAM7	-12.94	inactive
R4A_0003766_001	SPE_K67966701	0.083756245	inactive	N	SPE_K67966701	LISINOPRIL	-2.35	inactive
R4A_0002509_001					SPE_K84663978	trequinsin	-1.31	inactive
R4A_0004588_001	SPE_A29014990	-0.073256465	inactive	N	SPE_A29014990	ML-3403	-0.82	inactive
R4A_0000330_001	SPE_K26358347	-0.088000778	inactive	N	SPE_K26358347	PDP-EA	1.78	inactive
R4A_0001919_001	SPE_K10958118	-0.057941539	inactive	N	SPE_K10958118	L-778123 (hydrochloride)	-0.37	inactive
R4A_0004900_001	SPE_K51350053	0.010284924	inactive	N	SPE_K51350053	TOREMIFENE CITRATE	20.44	inactive
R4A_0003188_001	SPE_K75016267	-0.045050281	inactive	N	SPE_K75016267	SNG-1153	-2.77	inactive
R4A_0000141_001	SPE_A23418262	0.11273283	inactive	N	SPE_A23418262	floctafenine	-5.11	inactive
R4A_0003097_001	SPE_K14653796	0.022461477	inactive	N	SPE_K14653796	Tasquinimod	-2.34	inactive
R4A_0002910_001	SPE_A60153876	-0.083451735	inactive	N	SPE_A60153876	BETP	-1.04	inactive
R4A_0005130_001	SPE_A50998626	-0.077658437	inactive	N	SPE_A50998626	Palomid 529	3.4	inactive
R4A_0003072_001	SPE_K55773932	-0.027813275	inactive	N	SPE_K55773932	BMS-806 (BMS 378806)	-6.29	inactive
R4A_0001952_001					SPE_K87124298	OSI-027	7.64	inactive
R4A_0001061_001	SPE_K92241597	0.101651023	inactive	N	SPE_K92241597	tosedostat	-4.02	inactive
R4A_0000014_001	SPE_K82967180	-0.030337249	inactive	N	SPE_K82967180	LY3023414	-0.17	inactive
R4A_0000504_001	SPE_K04853698	-0.083808912	inactive	N	SPE_K04853698	LDN193189 (Hydrochloride)	-16.59	inactive
R4A_0000260_001	SPE_K59831625	0.295447408	inactive	N	SPE_K59831625	LDN-212854	-14.79	inactive
R4A_0000948_001	SPE_K51784806	0.017489005	inactive	N	SPE_K51784806	alacepril	-0.38	inactive
R4A_0004961_001	SPE_K93045741	-0.04384655	inactive	N	SPE_K93045741	Tozadenant	-0.64	inactive
R4A_0002310_001	SPE_K17751100	0.009395463	inactive	N	SPE_K17751100	CC4	-6.09	inactive
R4A_0003065_001					SPE_K81447180	LINCOMYCIN HYDROCHLORIDE	-3.49	inactive
R4A_0005472_001	SPE_A06426627	0.033084554	inactive	N	SPE_A06426627	DICLAZURIL	8.2	inactive
R4A_0003109_001	SPE_K73499906	0.491656848	inactive	N	SPE_K73499906	IT1t	49.49	inactive
R4A_0000018_001	SPE_K99792991	-0.025579801	inactive	N	SPE_K99792991	HEXACHLOROPHENE	-0.2	inactive
R4A_0003512_001	SPE_A51829654	-0.103199456	inactive	N	SPE_A51829654	BRL-15572	5.28	inactive
R4A_0005238_001	SPE_K19811997	0.703702279	active	Y	SPE_K19811997	Calhex-231	37.15	inactive
R4A_0000849_001	SPE_A09554849	-0.019476123	inactive	N	SPE_A09554849	8-bromo-cAMP	15.84	inactive
R4A_0002542_001	SPE_K19416115	-0.043244804	inactive	N	SPE_K19416115	SITAGLIPTIN PHOSPHATE	4.25	inactive
R4A_0003983_001	SPE_K87941707	0.044451618	inactive	N	SPE_K87941707	TP-003	0.44	inactive
R4A_0000249_001	SPE_K99475619	-0.056461496	inactive	N	SPE_K99475619	Genz-644282	0.03	inactive
R4A_0002197_001	SPE_K36949735	0.76966182	active	Y	SPE_K36949735	Anlotinib	35.49	inactive
R4A_0004665_001					SPE_K06357403	Velneperit	1	inactive
R4A_0001611_001	SPE_K46766488	0.503739894	inactive	N	SPE_K46766488	S-14506	14.03	inactive
R4A_0003033_001	SPE_A10977446	0.460108662	inactive	N	SPE_A10977446	CARVEDILOL	43.47	inactive
R4A_0004131_001	SPE_A19609491	0.062826504	inactive	N	SPE_A19609491	ANA-12	-0.87	inactive
R4A_0003436_001	SPE_A28422330	-0.338325246	inactive	N	SPE_A28422330	ML-141	-11.9	inactive
R4A_0001842_001	SPE_K93188295	-0.149596806	inactive	N	SPE_K93188295	ARC-239	2.7	inactive
R4A_0003173_001	SPE_K45551181	-0.002980286	inactive	N	SPE_K45551181	MPI-0479605	0.21	inactive
R4A_0003337_001					SPE_A31811760	MILTEFOSINE [5mM]	3.31	inactive
R4A_0001511_001	SPE_K43975632	0.002558038	inactive	N	SPE_K43975632	Terutroban	-2.38	inactive
R4A_0003787_001	SPE_K43330982	-0.040646011	inactive	N	SPE_K43330982	JTE-013	1.13	inactive
R4A_0001856_001	SPE_A74208568	-0.102146899	inactive	N	SPE_A74208568	CGP-54626	-3.93	inactive
R4A_0001014_001					SPE_A94702766	Ginkgolide A	-6.46	inactive
R4A_0003130_001	SPE_A86468475	-0.008746984	inactive	N	SPE_A86468475	SR-3677	18.19	inactive
R4A_0001709_001	SPE_K58772419	-0.046709663	inactive	N	SPE_K58772419	AZD6482	-1.81	inactive
R4A_0000640_001	SPE_K15507868	-0.117338108	inactive	N	SPE_K15507868	tesaglitazar	-5.22	inactive
R4A_0004718_001	SPE_K51485109	-0.016227502	inactive	N	SPE_K51485109	LDN-27219	-5.94	inactive
R4A_0000811_001					SPE_K74339692	Tamsulosin?HCl	20.27	inactive
R4A_0000323_001	SPE_K43164539	-0.080174143	inactive	N	SPE_K43164539	Cholic acid	0.2	inactive
R4A_0002725_001	SPE_K23479488	1.086677912	active	Y	SPE_K23479488	dynole-34-2	10.9	inactive
R4A_0000655_001					SPE_K73276278	MCOPPB	45.99	inactive
R4A_0001998_001					SPE_K46604138	DAPAGLIFLOZIN	-8.44	inactive
R4A_0004012_001	SPE_K01231377	0.026141344	inactive	N	SPE_K01231377	BMS-191095	0.47	inactive
R4A_0002746_001	SPE_A73385064	-0.017516644	inactive	N	SPE_A73385064	Beclomethasone	-1.12	inactive
R4A_0003423_001	SPE_K75506300	1.027675605	active	Y	SPE_K75506300	NPS-2143 (SB262470)	-10.59	inactive
R4A_0004103_001	SPE_A13807286	-0.08974184	inactive	N	SPE_A13807286	HA-14-1	0.34	inactive
R4A_0004103_002	SPE_K18163608	0.091796169	inactive	N	SPE_K18163608	HA14-1	-5.02	inactive
R4A_0004849_001	SPE_K67525671	-0.055373573	inactive	N	SPE_K67525671	ZK-200775	-7.52	inactive
R4A_0001875_001	SPE_K72004355	-0.153160146	inactive	N	SPE_K72004355	CFTRinh-172	0.16	inactive
R4A_0002460_001	SPE_K54871792	-0.031532627	inactive	N	SPE_K54871792	PF-04418948	10.81	inactive
R4A_0003079_001					SPE_K42260897	EZETIMIBE	-0.02	inactive
R4A_0005375_002					SPE_K61314889	endo-IWR-1	-1.84	inactive
R4A_0005375_001	SPE_K96155658	-0.010933398	inactive	N	SPE_K96155658	exo-IWR-1	-1.7	inactive
R4A_0001613_001	SPE_K58435339	0.007139465	inactive	N	SPE_K58435339	Onalespib (AT13387)	8.21	inactive
R4A_0004942_001	SPE_K11821338	-0.049842033	inactive	N	SPE_K11821338	PF-429242	29.52	inactive
R4A_0000476_001	SPE_K59745944	-0.040584575	inactive	N	SPE_K59745944	PHT-427	-1.38	inactive
R4A_0003317_001	SPE_K10836013	-0.189342294	inactive	N	SPE_K10836013	Sitafloxacin hydrate	2.48	inactive
R4A_0003468_001	SPE_K84564571	0.065098701	inactive	N	SPE_K84564571	Telatinib (BAY 57-9352)	-0.18	inactive
R4A_0004433_001	SPE_K13664493	-0.048870328	inactive	N	SPE_K13664493	Naphthoquine (phosphate)	11.15	inactive
R4A_0000078_001	SPE_K57597776	-0.104776427	inactive	N	SPE_K57597776	Org 27569	-1.78	inactive
R4A_0000632_001	SPE_K42191735	-0.063802048	inactive	N	SPE_K42191735	BKM120 (NVP-BKM120)	6.83	inactive
R4A_0001422_001	SPE_K94623186	-0.004724992	inactive	N	SPE_K94623186	RWJ-50271	-0.84	inactive
R4A_0002681_001	SPE_K78666663	-0.061100378	inactive	N	SPE_K78666663	Lemborexant	-0.98	inactive
R4A_0004500_001	SPE_K49555808	-0.030911728	inactive	N	SPE_K49555808	BMS-707035	-1.64	inactive
R4A_0000924_001	SPE_K54863166	-0.105351279	inactive	N	SPE_K54863166	darusentan	-0.06	inactive
R4A_0004302_001	SPE_K11124378	-0.109080428	inactive	N	SPE_K11124378	Ceftibuten (dihydrate)	-2.36	inactive
R4A_0004832_001	SPE_K09237689	-0.01801984	inactive	N	SPE_K09237689	Flumethasone	2.67	inactive
R4A_0000968_001					SPE_K66296774	Fluvastatin sodium (Lescol)	0.97	inactive
R4A_0000981_001	SPE_K42317111	-0.023664857	inactive	N	SPE_K42317111	QUINAPRILAT	-0.05	inactive
R4A_0003412_001	SPE_K91456750	-0.084265451	inactive	N	SPE_K91456750	Sacubitril hemicalcium salt	0.47	inactive
R4A_0003670_001					SPE_K53857191	RISPERIDONE	6.64	inactive
R4A_0003044_001	SPE_A55416093	-0.123310724	inactive	N	SPE_A55416093	COLFORSIN	-4.36	inactive
R4A_0003044_002	SPE_K09602097	-0.044207459	inactive	N	SPE_K09602097	forskolin	-2.23	inactive
R4A_0004440_001	SPE_K73585091	-0.104693016	inactive	N	SPE_K73585091	Vesatolimod	-2.95	inactive
R4A_0000144_001	SPE_K07625016	0.01626385	inactive	N	SPE_K07625016	Norethisterone Enanthate	3.23	inactive
R4A_0000634_001	SPE_K03019184	-0.001909944	inactive	N	SPE_K03019184	AMD-3465	-2	inactive
R4A_0000580_001	SPE_K03083257	-0.152216338	inactive	N	SPE_K03083257	1-Octacosanol	5.71	inactive
R4A_0005268_001	SPE_K70330032	-0.051831076	inactive	N	SPE_K70330032	JNJ-42165279	-2.58	inactive
R4A_0000386_001	SPE_K32031961	0.006030286	inactive	N	SPE_K32031961	TC-LPA5-4	-0.33	inactive
R4A_0000090_001	SPE_K06221026	-0.066251773	inactive	N	SPE_K06221026	DUP-697	-2.33	inactive
R4A_0000035_001	SPE_K62374002	-0.080792294	inactive	N	SPE_K62374002	Bimiralisib	0.11	inactive
R4A_0005022_001					SPE_K76719364	Entospletinib (GS-9973)	-6.5	inactive
R4A_0001401_001	SPE_K18816859	-0.016130663	inactive	N	SPE_K18816859	L-694247	-4.97	inactive
R4A_0003929_001	SPE_A11725667	-0.085493983	inactive	N	SPE_A11725667	terciprazine	2.6	inactive
R4A_0004016_001	SPE_K00610438	0.178103135	inactive	N	SPE_K00610438	altanserin	-1.66	inactive
R4A_0004544_001	SPE_K17705806	0.031269382	inactive	N	SPE_K17705806	JTC-801	-10.08	inactive
R4A_0002367_001	SPE_K27204852	-0.072855528	inactive	N	SPE_K27204852	Balicatib	-1.08	inactive
R4A_0000683_001	SPE_K46731503	0.015260177	inactive	N	SPE_K46731503	Fesoterodine Fumarate	7.66	inactive
R4A_0004096_001					SPE_A16665823	BUTOCONAZOLE	15.22	inactive
R4A_0001655_001	SPE_K35629949	-0.077187302	inactive	N	SPE_K35629949	SR-27897	0.39	inactive
R4A_0002826_001	SPE_K54098378	-0.105390472	inactive	N	SPE_K54098378	NT157	1.59	inactive
R4A_0004458_001	SPE_K62696033	-0.048909232	inactive	N	SPE_K62696033	G-1	14.28	inactive
R4A_0001160_001	SPE_K60984070	-0.078933995	inactive	N	SPE_K60984070	PD-166793	-5.95	inactive
R4A_0002341_001	SPE_K81016934	-0.019940234	inactive	N	SPE_K81016934	Capmatinib (INCB28060)	0.88	inactive
R4A_0002682_001	SPE_K89274813	-0.064306904	inactive	N	SPE_K89274813	DMP-543	4.43	inactive
R4A_0003540_001	SPE_K31342827	0.016958815	inactive	N	SPE_K31342827	GF109203X	-0.11	inactive
R4A_0003920_001	SPE_K42436189	-0.058343276	inactive	N	SPE_K42436189	AZ20	-0.84	inactive
R4A_0002480_001	SPE_K33127281	-0.052050349	inactive	N	SPE_K33127281	ADAPALENE	-3.41	inactive
R4A_0005337_001	SPE_K32853922	0.103264652	inactive	N	SPE_K32853922	Org-25543	25.37	inactive
R4A_0000481_001	SPE_K53720352	0.021948429	inactive	N	SPE_K53720352	cinalukast	-1.87	inactive
R4A_0004899_001	SPE_K92015269	0.603224715	active	Y	SPE_K92015269	GBR-12783	7.08	inactive
R4A_0002461_001					SPE_K56429665	Calcipotriol	-1.18	inactive
R4A_0003980_001	SPE_K72723676	0.055332899	inactive	N	SPE_K72723676	BENZETHONIUM CHLORIDE	-1.28	inactive
R4A_0001400_001	SPE_K82928892	0.039346241	inactive	N	SPE_K82928892	Doxercalciferol (Hectorol)	-2.6	inactive
R4A_0001324_001	SPE_K84424780	-0.040214272	inactive	N	SPE_K84424780	Stigmasterol (Stigmasterin)	-2.7	inactive
R4A_0004845_001	SPE_K84011460	-0.05180446	inactive	N	SPE_K84011460	Nizofenone fumarate	7.66	inactive
R4A_0002699_001	SPE_K29582115	0.015766806	inactive	N	SPE_K29582115	Ziprasidone hydrochloride	0.61	inactive
R4A_0004952_001	SPE_K76840893	-0.011087456	inactive	N	SPE_K76840893	RS-17053	48.48	inactive
R4A_0000172_001	SPE_K66192203	-0.099104737	inactive	N	SPE_K66192203	Opicapone	-1.09	inactive
R4A_0001192_001	SPE_K60427831	-0.013209586	inactive	N	SPE_K60427831	A-839977	-2.05	inactive
R4A_0000101_001	SPE_K91301684	-0.068141136	inactive	N	SPE_K91301684	NOSCAPINE HYDROCHLORIDE	-1.85	inactive
R4A_0002687_001	SPE_K86687746	-0.170450138	inactive	N	SPE_K86687746	R306465	-0.4	inactive
R4A_0001217_001					SPE_K18574842	NAFCILLIN SODIUM	-1.91	inactive
R4A_0001148_001	SPE_K02206208	-0.053496569	inactive	N	SPE_K02206208	Rapastinel Trifluoroacetate	-1.7	inactive
R4A_0004204_001	SPE_K72264770	-0.075940698	inactive	N	SPE_K72264770	BRD4770	-2.38	inactive
R4A_0003693_001	SPE_K49048664	-0.072160028	inactive	N	SPE_K49048664	CB-5083	-1.89	inactive
R4A_0003716_001					SPE_K38627885	APY0201	-0.73	inactive
R4A_0001793_001	SPE_K00337317	0.045167361	inactive	N	SPE_K00337317	NU7441(KU-57788)	1.64	inactive
R4A_0003050_001					SPE_A36013532	AZD6738	-5.19	inactive
R4A_0003340_001	SPE_K10667240	-0.108466441	inactive	N	SPE_K10667240	ethacizin	12.04	inactive
R4A_0001273_001	SPE_M93148412	-0.080968153	inactive	N	SPE_M93148412	Lasofoxifene (Tartrate)	21.41	inactive
R4A_0005295_001	SPE_K16478699	-0.015356333	inactive	N	SPE_K16478699	PLX-4720	2.11	inactive
R4A_0004502_001	SPE_K41705163	0.005045306	inactive	N	SPE_K41705163	EC-144	-0.95	inactive
R4A_0004019_001	SPE_K32531356	-0.113213648	inactive	N	SPE_K32531356	Pentadecafluorooctanoic acid	-0.24	inactive
R4A_0004193_001	SPE_K51918615	0.732580252	active	Y	SPE_K51918615	iodophenpropit	-0.61	inactive
R4A_0000130_001	SPE_A98378129	-0.101588884	inactive	N	SPE_A98378129	talniflumate	-10.83	inactive
R4A_0000031_001	SPE_A83792282	0.04341296	inactive	N	SPE_A83792282	TC-I-2000	-0.7	inactive
R4A_0005163_001					SPE_K47869605	PODOFILOX	14.35	inactive
R4A_0001426_001					SPE_A44936478	CEPHALOSPORIN C Zn	1.34	inactive
R4A_0005260_001	SPE_K82522873	-0.029198057	inactive	N	SPE_K82522873	N6022	-0.5	inactive
R4A_0005485_001	SPE_K87737963	0.073225546	inactive	N	SPE_K87737963	Momelotinib (CYT387)	24.63	inactive
R4A_0001984_001	SPE_K19761926	0.024975184	inactive	N	SPE_K19761926	eplerenone	-1.87	inactive
R4A_0005363_001	SPE_A75769826	0.349897164	inactive	N	SPE_A75769826	SDM25N	32.1	inactive
R4A_0001473_001					SPE_A69636825	DILTIAZEM HYDROCHLORIDE	-2.48	inactive
R4A_0003431_001					SPE_A45419686	ASCORBYL PALMITATE	1.78	inactive
R4A_0000247_001					SPE_K52394958	GR-159897	14.51	inactive
R4A_0005237_001	SPE_K83794243	0.034090911	inactive	N	SPE_K83794243	Palovarotene	-1.86	inactive
R4A_0004563_001	SPE_K26024145	-0.046886163	inactive	N	SPE_K26024145	desoxycorticosterone-pivalate	-0.94	inactive
R4A_0003671_001	SPE_K50135270	0.417341726	inactive	N	SPE_K50135270	GBR-12935	14.96	inactive
R4A_0005345_001	SPE_K14821965	-0.023350365	inactive	N	SPE_K14821965	propidium-iodide	-12.12	inactive
R4A_0004765_001	SPE_K15864401	-0.154791972	inactive	N	SPE_K15864401	Diosgenin	8.94	inactive
R4A_0002449_001	SPE_K54247840	0.015455147	inactive	N	SPE_K54247840	Halofuginone	-8.46	inactive
R4A_0002263_001	SPE_K16553588	-0.112963202	inactive	N	SPE_K16553588	??-Sitosterol	1.55	inactive
R4A_0004820_001	SPE_K42495768	-0.01595626	inactive	N	SPE_K42495768	Tasisulam (LY573636)	-2.71	inactive
R4A_0000390_001	SPE_K96758128	-0.04279538	inactive	N	SPE_K96758128	WAY-213613	-6.52	inactive
R4A_0000737_001	SPE_A09472452	-0.072519033	inactive	N	SPE_A09472452	flecainide	-0.31	inactive
R4A_0002593_001	SPE_K12745498	0.003417849	inactive	N	SPE_K12745498	S1P1 Agonist III	0.32	inactive
R4A_0001614_001	SPE_K60866521	-0.011885812	inactive	N	SPE_K60866521	CAL-101 (GS-1101)	0	inactive
R4A_0004555_001	SPE_K36363294	0.062223458	inactive	N	SPE_K36363294	I-BET151 (GSK1210151A)	27.73	inactive
R4A_0003551_001	SPE_K44432556	-0.079632246	inactive	N	SPE_K44432556	ML-228	-2.74	inactive
R4A_0005338_001	SPE_K55487946	0.058773391	inactive	N	SPE_K55487946	WEHI-345 analog	1.04	inactive
R4A_0004694_001	SPE_A47342814	0.79694524	active	Y	SPE_A47342814	naltrindole	37.37	inactive
R4A_0004280_001	SPE_A56690687	-0.074170247	inactive	N	SPE_A56690687	ITD-1	3.49	inactive
R4A_0000279_001	SPE_K80451230	0.130134117	inactive	N	SPE_K80451230	zamifenacin	3.22	inactive
R4A_0000127_001	SPE_K69669039	-0.026565423	inactive	N	SPE_K69669039	GSK163090	-1.53	inactive
R4A_0003210_001	SPE_A35912562	-0.073144505	inactive	N	SPE_A35912562	PREGNENOLONE SUCCINATE	1.56	inactive
R4A_0000153_001					SPE_A45153512	Bimatoprost	-4.18	inactive
R4A_0001331_001	SPE_K42452249	-0.00051428	inactive	N	SPE_K42452249	EO-1428	-0.52	inactive
R4A_0003189_001	SPE_K81044214	-0.003128397	inactive	N	SPE_K81044214	ML-348	-4.26	inactive
R4A_0004654_001	SPE_K53913008	-0.050399637	inactive	N	SPE_K53913008	CP-316819	-0.75	inactive
R4A_0004803_001	SPE_K98004573	0.203736557	inactive	N	SPE_K98004573	Rupatadine Fumarate	3.19	inactive
R4A_0000466_001	SPE_A82396632	0.033111245	inactive	N	SPE_A82396632	MICONAZOLE NITRATE	5.2	inactive
R4A_0002631_001	SPE_A93353767	0.003538287	inactive	N	SPE_A93353767	Isoconazole nitrate (Travogen)	1.21	inactive
R4A_0004808_001					SPE_K00494077	Trovafloxacin mesylate	0.39	inactive
R4A_0001395_001	SPE_A07815743	-0.064382451	inactive	N	SPE_A07815743	kakonein	-3.26	inactive
R4A_0003889_001					SPE_K38140108	Gadodiamide Hydrate	-4.96	inactive
R4A_0003349_001	SPE_K41104902	-0.082152691	inactive	N	SPE_K41104902	GSK2656157	-7.01	inactive
R4A_0005500_001	SPE_K18878288	-0.041485127	inactive	N	SPE_K18878288	Schisandrol B	-2.3	inactive
R4A_0002297_001	SPE_K08586861	-0.120331995	inactive	N	SPE_K08586861	Ramatroban	-1.07	inactive
R4A_0001340_001	SPE_K58894520	-0.064662912	inactive	N	SPE_K58894520	ONO-4817	-0.6	inactive
R4A_0005381_001	SPE_A19102171	-0.10769278	inactive	N	SPE_A19102171	naltriben	6.87	inactive
R4A_0004616_001					SPE_K21528677	DESONIDE	5.48	inactive
R4A_0001329_001	SPE_K89348303	0.001249951	inactive	N	SPE_K89348303	RAMIPRIL	-13.05	inactive
R4A_0001150_001	SPE_A01320529	0.691350775	active	Y	SPE_A01320529	Salmeterol (xinafoate)	20.5	inactive
R4A_0002472_001					SPE_K90027355	SPIRONOLACTONE	-3	inactive
R4A_0001191_001	SPE_K27316855	-0.112321077	inactive	N	SPE_K27316855	Calcitriol (Rocaltrol)	-1.95	inactive
R4A_0000407_001	SPE_K60585088	-0.019540512	inactive	N	SPE_K60585088	PARICALCITOL	-0.26	inactive
R4A_0001184_001					SPE_K62277907	Sarsasapogenin	-0.15	inactive
R4A_0000347_001	SPE_K73237276	-0.128540491	inactive	N	SPE_K73237276	tacalcitol	-2.08	inactive
R4A_0003499_001	SPE_K27732927	-0.051885586	inactive	N	SPE_K27732927	CYM-50769	8.58	inactive
R4A_0004506_001	SPE_K90993449	-0.09861349	inactive	N	SPE_K90993449	KRN 633	-5.8	inactive
R4A_0003987_001	SPE_K93468883	-0.001591914	inactive	N	SPE_K93468883	"Duvelisib (IPI-145, INK1197)"	7.19	inactive
R4A_0004377_001					SPE_K41141507	cyproterone-acetate	3.68	inactive
R4A_0001366_001	SPE_K63068307	-0.130795567	inactive	N	SPE_K63068307	ZSTK474	-0.79	inactive
R4A_0003691_001	SPE_K46839850	-0.033650294	inactive	N	SPE_K46839850	Cinepazide maleate	-8.1	inactive
R4A_0003000_001	SPE_K87510569	-0.010145237	inactive	N	SPE_K87510569	RS-504393	-2.38	inactive
R4A_0004617_001	SPE_K98203492	-0.071783447	inactive	N	SPE_K98203492	GSK J4 HCl	-7	inactive
R4A_0002458_001	SPE_K25486274	0.034744277	inactive	N	SPE_K25486274	DRF053-(R)	0.3	inactive
R4A_0001865_001	SPE_K17641316	-0.057890111	inactive	N	SPE_K17641316	Decoquinate	-0.21	inactive
R4A_0002608_001	SPE_K17378184	0.288068527	inactive	N	SPE_K17378184	BP-897	34.39	inactive
R4A_0003121_001	SPE_K31560319	-0.139774498	inactive	N	SPE_K31560319	olvanil	-2.16	inactive
R4A_0003567_001	SPE_K95523387	0.099440655	inactive	N	SPE_K95523387	OLDA	0.61	inactive
R4A_0001863_001	SPE_K54519451	-0.109529805	inactive	N	SPE_K54519451	Pexidartinib	-2.48	inactive
R4A_0004731_001	SPE_K37933329	-0.052614337	inactive	N	SPE_K37933329	BTB06584	-3.25	inactive
R4A_0004185_001	SPE_K50018155	-0.073644942	inactive	N	SPE_K50018155	RS-67506	1.82	inactive
R4A_0002462_001	SPE_K96936751	-0.112689308	inactive	N	SPE_K96936751	bretazenil	-0.94	inactive
R4A_0001911_001	SPE_K26581543	-0.028188037	inactive	N	SPE_K26581543	Bifendate	-5.43	inactive
R4A_0001633_001	SPE_K87632963	-3.8199E-06	inactive	N	SPE_K87632963	GNF-5	-2.64	inactive
R4A_0000050_001					SPE_A63615100	ALOIN	-1.48	inactive
R4A_0003048_001	SPE_K08333979	-0.023895255	inactive	N	SPE_K08333979	SB-612111	5.16	inactive
R4A_0004247_001	SPE_A58048407	-0.078031331	inactive	N	SPE_A58048407	NIMODIPINE	-4.25	inactive
R4A_0003854_001	SPE_K28971625	-0.03672029	inactive	N	SPE_K28971625	ZD-7114	-1.98	inactive
R4A_0002767_001	SPE_K98684188	-0.003957991	inactive	N	SPE_K98684188	GSK-0660	2.22	inactive
R4A_0001467_001					SPE_K41783120	Apilimod	-0.71	inactive
R4A_0005219_001	SPE_K02528732	-0.095477218	inactive	N	SPE_K02528732	Fluorometholone Acetate	-7.92	inactive
R4A_0004837_001	SPE_K07682953	-0.035852054	inactive	N	SPE_K07682953	Palosuran	-2.11	inactive
R4A_0003878_001	SPE_K22134346	-0.044105719	inactive	N	SPE_K22134346	SIMVASTATIN	13.86	inactive
R4A_0000817_001	SPE_K87199310	0.00469311	inactive	N	SPE_K87199310	TC-G-1008	4.77	inactive
R4A_0003907_001	SPE_K82147103	-0.007282437	inactive	N	SPE_K82147103	lofepramine	13.8	inactive
R4A_0000008_001	SPE_K49236613	-0.078877015	inactive	N	SPE_K49236613	6-iodo-nordihydrocapsaicin	3.84	inactive
R4A_0001845_001	SPE_K51770398	-0.062667431	inactive	N	SPE_K51770398	JNJ-17203212	-3.87	inactive
R4A_0002155_001					SPE_K84459715	zopolrestat	-4.57	inactive
R4A_0003737_001					SPE_K36386086	Dolutegravir (GSK1349572)	-4.23	inactive
R4A_0000146_001	SPE_K62581435	-0.132543571	inactive	N	SPE_K62581435	3-MPPI	-1.9	inactive
R4A_0002766_001	SPE_K03063480	0.485238732	inactive	N	SPE_K03063480	PF-477736	-5.22	inactive
R4A_0003373_001	SPE_K50564936	-0.078899399	inactive	N	SPE_K50564936	E 2012	3.14	inactive
R4A_0003494_001	SPE_K18280217	-0.104542776	inactive	N	SPE_K18280217	Nampt-IN-1	-1.59	inactive
R4A_0001827_001	SPE_K06467130	0.036163999	inactive	N	SPE_K06467130	CL316243	-2.22	inactive
R4A_0001418_001	SPE_K31417912	-0.046985343	inactive	N	SPE_K31417912	Cligosiban	-7.42	inactive
R4A_0004249_001	SPE_A90201073	0.057924084	inactive	N	SPE_A90201073	GPi-688	-3.43	inactive
R4A_0003098_001	SPE_K51041191	-0.09647701	inactive	N	SPE_K51041191	PF-03882845	-9.37	inactive
R4A_0002624_001	SPE_K02241333	-0.136860012	inactive	N	SPE_K02241333	CHIR-124	28.64	inactive
R4A_0002959_001	SPE_K82266792	-0.046544745	inactive	N	SPE_K82266792	SDZ-220-040	-1.4	inactive
R4A_0003446_001	SPE_K50489389	0.042852202	inactive	N	SPE_K50489389	Ranirestat	0.4	inactive
R4A_0001346_001	SPE_K62537556	0.049374035	inactive	N	SPE_K62537556	4-IBP	1.54	inactive
R4A_0003759_001	SPE_K78643075	0.149012725	inactive	N	SPE_K78643075	BROMPERIDOL	14.85	inactive
R4A_0002063_001	SPE_K84068331	-0.164747009	inactive	N	SPE_K84068331	CW-008	-4.3	inactive
R4A_0000635_001					SPE_K70924353	amtolmetin-guacil	-13.97	inactive
R4A_0005430_001	SPE_K29173907	-0.038400959	inactive	N	SPE_K29173907	isoflupredone-acetate	-9.79	inactive
R4A_0002372_001	SPE_K37379014	-0.13227292	inactive	N	SPE_K37379014	Filanesib	27.94	inactive
R4A_0002879_001					SPE_K03894385	Filorexant	3.94	inactive
R4A_0003572_001	SPE_K82908348	-0.078437122	inactive	N	SPE_K82908348	darglitazone	-4.88	inactive
R4A_0000202_001	SPE_K45319714	-0.008236196	inactive	N	SPE_K45319714	Doripenem (monohydrate)	0.95	inactive
R4A_0004094_001	SPE_K92606079	-0.015721944	inactive	N	SPE_K92606079	ML314	-0.15	inactive
R4A_0005329_001	SPE_K33453211	0.044022113	inactive	N	SPE_K33453211	levocabastine	-9.01	inactive
R4A_0004984_001	SPE_K59227464	-0.179357796	inactive	N	SPE_K59227464	LY2228820	36.36	inactive
R4A_0002530_001	SPE_K16472653	-0.099596449	inactive	N	SPE_K16472653	SirReal-2	-7.9	inactive
R4A_0005503_001					SPE_A75838038	Obeticholic Acid	-3.95	inactive
R4A_0005503_002	SPE_K30968378	-0.107049787	inactive	N	SPE_K30968378	INT-747	-0.78	inactive
R4A_0002252_001	SPE_K49840922	0.011462822	inactive	N	SPE_K49840922	etofylline-clofibrate	-1.74	inactive
R4A_0001643_001	SPE_K36222532	-0.008940493	inactive	N	SPE_K36222532	BROXALDINE	-2.36	inactive
R4A_0004987_001	SPE_K42563464	-0.027531626	inactive	N	SPE_K42563464	YM-58483	-7.75	inactive
R4A_0001339_001	SPE_A80017228	-0.105598353	inactive	N	SPE_A80017228	BENDROFLUMETHIAZIDE	-8.79	inactive
R4A_0004203_001	SPE_K55696337	-0.018809277	inactive	N	SPE_K55696337	Topotecan (Hydrochloride)	0.11	inactive
R4A_0002770_001	SPE_K12639498	-0.157202645	inactive	N	SPE_K12639498	Ro 61-8048	-5.47	inactive
R4A_0002327_001	SPE_K61560897	0.257305231	inactive	N	SPE_K61560897	FIPI	8	inactive
R4A_0005091_001	SPE_K13810148	-0.1377688	inactive	N	SPE_K13810148	ITF2357 (Givinostat)	24.43	inactive
R4A_0003292_001					SPE_K86118762	OSI-906 (Linsitinib)	-1.51	inactive
R4A_0001833_001	SPE_K76989898	0.005540724	inactive	N	SPE_K76989898	TC-G-1004	0.24	inactive
R4A_0000792_001	SPE_K69211575	-0.079320145	inactive	N	SPE_K69211575	XD-14	21.87	inactive
R4A_0003521_001	SPE_K66908976	-0.045883954	inactive	N	SPE_K66908976	URMC-099	-0.11	inactive
R4A_0000700_001	SPE_A80213327	-0.032669468	inactive	N	SPE_A80213327	NSC-23766	2.84	inactive
R4A_0003757_001					SPE_K76205745	losartan	-8.08	inactive
R4A_0002346_001					SPE_K25209357	CHLORAMPHENICOL SODIUM SUCCINATE	1.81	inactive
R4A_0001769_001	SPE_K72687424	-0.108808245	inactive	N	SPE_K72687424	VU 0364439	0.99	inactive
R4A_0000228_001	SPE_A09994331	-0.088418493	inactive	N	SPE_A09994331	Thiamine pyrophosphate chloride	-2.57	inactive
R4A_0004833_001					SPE_K84783599	Riociguat	-4.67	inactive
R4A_0002539_001	SPE_K77547509	-0.019913457	inactive	N	SPE_K77547509	ML-179	-1.05	inactive
R4A_0004327_001					SPE_K49880111	CEPHAPIRIN SODIUM	-1.36	inactive
R4A_0001493_001					SPE_K75958547	Pitavastatin calcium (Livalo)	-2.97	inactive
R4A_0004114_001					SPE_A38749782	FLUDROCORTISONE ACETATE	-0.98	inactive
R4A_0003190_001	SPE_A33894669	-0.11773068	inactive	N	SPE_A33894669	Hexoprenaline sulphate	0.03	inactive
R4A_0003316_001	SPE_K81616657	0.012751115	inactive	N	SPE_K81616657	PNU-142633	-6.24	inactive
R4A_0004197_001	SPE_A00520476	-0.035094141	inactive	N	SPE_A00520476	otenzepad	-1.37	inactive
R4A_0001020_001	SPE_K09907507	1.030672926	active	Y	SPE_K09907507	AZ-10606120	-0.03	inactive
R4A_0003914_001	SPE_K69812556	-0.153373194	inactive	N	SPE_K69812556	WAY-100635 Maleate	10.46	inactive
R4A_0002260_001	SPE_K54520417	-0.022452069	inactive	N	SPE_K54520417	LXR-623	-0.88	inactive
R4A_0004879_001	SPE_K62715847	-0.030502629	inactive	N	SPE_K62715847	SC-51089	-1.3	inactive
R4A_0005204_001	SPE_A39052811	-0.151239844	inactive	N	SPE_A39052811	Mosapride citrate	0.46	inactive
R4A_0005246_001	SPE_A00077618	-0.039671776	inactive	N	SPE_A00077618	8-bromo-cGMP	-1.41	inactive
R4A_0000047_001	SPE_K76568384	0.015898203	inactive	N	SPE_K76568384	PHTPP	-1.36	inactive
R4A_0001844_001					SPE_A76746748	CEFUROXIME SODIUM	-1.04	inactive
R4A_0002242_001	SPE_K87782578	-0.09360148	inactive	N	SPE_K87782578	CC-292 (AVL-292)	32.3	inactive
R4A_0004134_001					SPE_K31447894	PRAVASTATIN SODIUM	3.18	inactive
R4A_0002808_001	SPE_K22477529	-0.076010651	inactive	N	SPE_K22477529	STF-31	0.31	inactive
R4A_0004192_001	SPE_K30990140	-0.00419343	inactive	N	SPE_K30990140	FR-122047	2.32	inactive
R4A_0003059_001	SPE_K96843359	-0.108053736	inactive	N	SPE_K96843359	CP-775146	-0.97	inactive
R4A_0000002_001	SPE_K08109215	0.002992532	inactive	N	SPE_K08109215	I-BET-762	13.27	inactive
R4A_0004470_001	SPE_K17850764	0.044203415	inactive	N	SPE_K17850764	cloprostenol-(+/-)	-1.06	inactive
R4A_0004676_001	SPE_K11717138	0.085551015	inactive	N	SPE_K11717138	BENZBROMARONE	0.74	inactive
R4A_0004047_001					SPE_A82395837	ginkgolide-b	-1.63	inactive
R4A_0000966_001	SPE_K31553034	-0.041569226	inactive	N	SPE_K31553034	Zibotentan (ZD4054)	-5.68	inactive
R4A_0000565_001	SPE_A67036568	-0.061073405	inactive	N	SPE_A67036568	RBC8	-0.98	inactive
R4A_0002989_001	SPE_K70511574	-0.049474613	inactive	N	SPE_K70511574	HMN-214	12.75	inactive
R4A_0004979_001	SPE_K49807096	0.468259394	inactive	N	SPE_K49807096	BENAZEPRIL HYDROCHLORIDE	30.29	inactive
R4A_0001668_001	SPE_K17026858	-0.088014729	inactive	N	SPE_K17026858	Hoechst 33258	-0.53	inactive
R4A_0003134_001	SPE_K67977190	-0.073799778	inactive	N	SPE_K67977190	Eprosartan Mesylate	4.58	inactive
R4A_0001371_001	SPE_K38385169	-0.027881255	inactive	N	SPE_K38385169	LY3009120	-7.16	inactive
R4A_0004317_001	SPE_K07857022	-0.063460015	inactive	N	SPE_K07857022	Alvimopan (monohydrate)	-1.66	inactive
R4A_0003892_001	SPE_K23248433	-0.030267544	inactive	N	SPE_K23248433	Camicinal	-0.99	inactive
R4A_0002333_001	SPE_K70262971	-0.022225711	inactive	N	SPE_K70262971	AGN 194310	-2.18	inactive
R4A_0004735_001					SPE_K68408772	carboxyamidotriazole	-4.77	inactive
R4A_0003520_001	SPE_K05850076	-0.050599803	inactive	N	SPE_K05850076	Sotagliflozin	1.32	inactive
R4A_0002073_001					SPE_A52252998	CLINDAMYCIN HYDROCHLORIDE	-0.24	inactive
R4A_0002987_001	SPE_K64514229	-0.025352216	inactive	N	SPE_K64514229	TOLTRAZURIL	2.17	inactive
R4A_0002954_001	SPE_K28192623	0.153047922	inactive	N	SPE_K28192623	U-62066 mesylate	5.14	inactive
R4A_0004622_001					SPE_K32842773	PEMETREXED	-3.84	inactive
R4A_0001530_001	SPE_K83607951	-0.161139238	inactive	N	SPE_K83607951	Skepinone-L	-2.7	inactive
R4A_0004450_001	SPE_A59391172	-0.011058318	inactive	N	SPE_A59391172	CID-16020046	0.62	inactive
R4A_0004880_001					SPE_K07310275	PF-04691502	14.35	inactive
R4A_0003903_001	SPE_K78086729	-0.092045741	inactive	N	SPE_K78086729	GW788388	-6.7	inactive
R4A_0002092_001	SPE_K25325018	-0.050529156	inactive	N	SPE_K25325018	GSK690693	-4.28	inactive
R4A_0003595_001	SPE_K07074923	-0.107426398	inactive	N	SPE_K07074923	RWJ-67657	3.49	inactive
R4A_0001786_001	SPE_A65248799	-0.119207589	inactive	N	SPE_A65248799	EMD-53998	1.03	inactive
R4A_0003741_001	SPE_K16803204	-0.026983939	inactive	N	SPE_K16803204	Filgotinib	0.26	inactive
R4A_0004447_001	SPE_K08998509	-0.152514305	inactive	N	SPE_K08998509	fananserin	0.28	inactive
R4A_0003797_001	SPE_K53508936	-0.100651045	inactive	N	SPE_K53508936	CTS-1027	0.16	inactive
R4A_0000944_001	SPE_K38305202	0.042194009	inactive	N	SPE_K38305202	DOMPERIDONE	1.97	inactive
R4A_0001813_001	SPE_K75352575	-0.146592816	inactive	N	SPE_K75352575	KPT-276	-11.49	inactive
R4A_0002097_001	SPE_A39255369	0.003432725	inactive	N	SPE_A39255369	DCPIB	-3.19	inactive
R4A_0002832_001	SPE_K77038618	-0.05543115	inactive	N	SPE_K77038618	Garenoxacin (Mesylate hydrate)	-1.28	inactive
R4A_0003688_001	SPE_K08640512	-0.02635869	inactive	N	SPE_K08640512	RS-100329	-1.42	inactive
R4A_0004850_001					SPE_K70976396	CEFOXITIN SODIUM	-2.27	inactive
R4A_0004959_001	SPE_K48722833	0.396347858	inactive	N	SPE_K48722833	Iloperidone (Fanapt)	-0.01	inactive
R4A_0003310_001					SPE_K00665454	PALIPERIDONE	-1.97	inactive
R4A_0000419_001					SPE_K20290250	BIX 02188	-0.44	inactive
R4A_0001527_001					SPE_K95773607	DARIFENACIN HYDROBROMIDE	22.42	inactive
R4A_0000245_001	SPE_K02079473	0.066100329	inactive	N	SPE_K02079473	oxatomide	26.41	inactive
R4A_0000907_001	SPE_K85503079	0.019033517	inactive	N	SPE_K85503079	Perospirone	14.6	inactive
R4A_0004667_001	SPE_K48068743	-0.108182629	inactive	N	SPE_K48068743	Teneligliptin	0.49	inactive
R4A_0004329_001	SPE_K46531780	0.237853314	inactive	N	SPE_K46531780	METHYLBENZETHONIUM CHLORIDE	-6.14	inactive
R4A_0004744_001	SPE_K39974922	0.15277809	inactive	N	SPE_K39974922	E7080 (Lenvatinib)	-1.49	inactive
R4A_0000345_001	SPE_K94379058	-0.140739534	inactive	N	SPE_K94379058	BML-190	-7.89	inactive
R4A_0005034_001	SPE_A18579359	0.004786547	inactive	N	SPE_A18579359	wiskostatin	28.6	inactive
R4A_0002019_001	SPE_K24434292	-0.080617794	inactive	N	SPE_K24434292	NS-3623	0.77	inactive
R4A_0003527_001					SPE_K50265942	mometasone	0.3	inactive
R4A_0002169_001					SPE_K57764956	Cariprazine	-1.5	inactive
R4A_0004067_001	SPE_K62594868	-0.025930358	inactive	N	SPE_K62594868	GR125487 sulfamate	-0.84	inactive
R4A_0001261_001	SPE_K00652956	0.0289669	inactive	N	SPE_K00652956	BAG-956	-2.17	inactive
R4A_0001043_001	SPE_K21548250	-0.040994147	inactive	N	SPE_K21548250	moracizine	-8.3	inactive
R4A_0004940_001	SPE_A97674275	-0.087882272	inactive	N	SPE_A97674275	RANOLAZINE DIHYDROCHLORIDE	-3.35	inactive
R4A_0003755_001	SPE_K83405785	0.988506053	active	Y	SPE_K83405785	Pimavanserin	48.59	inactive
R4A_0002845_001	SPE_K20801936	-0.024115158	inactive	N	SPE_K20801936	"3-Hexene-3,4-diylbis(4,1-phenylene)bis[dihydrogen (phosphate)]"	-7.65	inactive
R4A_0004553_001	SPE_K54708045	-0.041847196	inactive	N	SPE_K54708045	nTZDpa	-2.03	inactive
R4A_0005354_001	SPE_K99968849	0.032806394	inactive	N	SPE_K99968849	SB-243213	-1.15	inactive
R4A_0002223_001	SPE_K57155378	-0.026166005	inactive	N	SPE_K57155378	Balipodect	-1.11	inactive
R4A_0003453_001	SPE_K62662086	0.075042634	inactive	N	SPE_K62662086	Wortmannin	-2.98	inactive
R4A_0002956_001	SPE_K36574127	-0.169524722	inactive	N	SPE_K36574127	Larotrectinib sulfate	-4.89	inactive
R4A_0000156_001	SPE_K95123482	-0.015154014	inactive	N	SPE_K95123482	GSK2194069	-4.88	inactive
R4A_0005482_001	SPE_K53030960	-0.04160869	inactive	N	SPE_K53030960	eact	-0.65	inactive
R4A_0003962_001	SPE_K68810443	-0.039613835	inactive	N	SPE_K68810443	adiporon	8.17	inactive
R4A_0005200_001	SPE_K60038276	-0.033127094	inactive	N	SPE_K60038276	IRBESARTAN	-11.79	inactive
R4A_0001555_001	SPE_K46654563	0.019443854	inactive	N	SPE_K46654563	Zofenopril (calcium)	-1.35	inactive
R4A_0004775_001	SPE_A31095847	-0.025313321	inactive	N	SPE_A31095847	Mozavaptan	20.6	inactive
R4A_0001057_001	SPE_K46692793	-0.026454251	inactive	N	SPE_K46692793	Umeclidinium (bromide)	-0.61	inactive
R4A_0000787_001	SPE_A29731977	-0.050174324	inactive	N	SPE_A29731977	HYDROXYPROGESTERONE CAPROATE	-1.89	inactive
R4A_0001891_001	SPE_K78352627	-0.05653656	inactive	N	SPE_K78352627	Nandrolone decanoate	-0.22	inactive
R4A_0005372_001					SPE_K84163249	Ercalcitriol	-2.3	inactive
R4A_0003758_001	SPE_K35945299	-0.090058247	inactive	N	SPE_K35945299	SJ-172550	-2.3	inactive
R4A_0001825_001	SPE_K99023089	-0.003910531	inactive	N	SPE_K99023089	AZD5363	4.08	inactive
R4A_0005128_001	SPE_K01742705	-0.066616611	inactive	N	SPE_K01742705	BVT 2733	-1.74	inactive
R4A_0003578_001					SPE_K56104152	OXICONAZOLE NITRATE	0.41	inactive
R4A_0002026_001	SPE_K65991129	-0.07106326	inactive	N	SPE_K65991129	SB705498	-3.98	inactive
R4A_0002344_001	SPE_K04035716	-0.01311503	inactive	N	SPE_K04035716	PK-44 phosphate	-2.29	inactive
R4A_0005143_001	SPE_K15045219	-0.049585707	inactive	N	SPE_K15045219	salazodine	-1.47	inactive
R4A_0004830_001					SPE_A55484088	BNTX	-2.69	inactive
R4A_0005515_001	SPE_K80935598	-0.081569166	inactive	N	SPE_K80935598	AZ191	12.4	inactive
R4A_0004406_001	SPE_K88554883	0.034437555	inactive	N	SPE_K88554883	ON123300	-0.88	inactive
R4A_0004582_001	SPE_A32505112	-0.000999488	inactive	N	SPE_A32505112	TRANDOLAPRIL	-5.12	inactive
R4A_0001478_001	SPE_A26032986	-0.013068217	inactive	N	SPE_A26032986	zaldaride maleate	-1.56	inactive
R4A_0000307_001	SPE_K36739687	0.053093314	inactive	N	SPE_K36739687	StemRegenin 1	4.27	inactive
R4A_0004473_001	SPE_K37270826	-0.112340677	inactive	N	SPE_K37270826	mifepristone	-1.9	inactive
R4A_0002227_001	SPE_K09485525	1.11043894	active	Y	SPE_K09485525	GANT-61	-1.59	inactive
R4A_0002364_001	SPE_A29485665	0.070887534	inactive	N	SPE_A29485665	Bicalutamide (Casodex)	1.82	inactive
R4A_0005251_001	SPE_K34185671	-0.124022961	inactive	N	SPE_K34185671	AMG-517	-4.53	inactive
R4A_0004504_001					SPE_A34299591	budesonide	-5.56	inactive
R4A_0004424_001	SPE_K93779381	0.005326171	inactive	N	SPE_K93779381	Ingenol Mebutate	0.09	inactive
R4A_0004597_001	SPE_A09467419	0.073058621	inactive	N	SPE_A09467419	MEBEVERINE HYDROCHLORIDE	10.5	inactive
R4A_0001507_001	SPE_A70197423	-0.045382546	inactive	N	SPE_A70197423	sorbitan-monostearate	-4.16	inactive
R4A_0005059_001					SPE_K97091514	vitamin-E	-3.55	inactive
R4A_0000898_001	SPE_K71512533	0.14669023	inactive	N	SPE_K71512533	SNS-314 methanesulfonate	-6.59	inactive
R4A_0004467_001	SPE_K89014967	-0.125611993	inactive	N	SPE_K89014967	Pimasertib (AS-703026)	1.33	inactive
R4A_0000845_001	SPE_K26501486	-0.080036476	inactive	N	SPE_K26501486	SR-1078	-1.38	inactive
R4A_0001751_001	SPE_K75373031	-0.023093518	inactive	N	SPE_K75373031	LIMKi-3	2.21	inactive
R4A_0003819_001	SPE_K15424032	0.130902986	inactive	N	SPE_K15424032	SB-228357	-2.05	inactive
R4A_0002663_001					SPE_A54654253	AZD3839	4.11	inactive
R4A_0001496_001	SPE_K29968218	-0.042101162	inactive	N	SPE_K29968218	KX2-391	15.48	inactive
R4A_0001420_001	SPE_K40331046	0.030977292	inactive	N	SPE_K40331046	CR8-(R)	-3.04	inactive
R4A_0002147_001	SPE_A67516570	0.092811883	inactive	N	SPE_A67516570	Lafutidine	-4.76	inactive
R4A_0002698_001	SPE_K01573278	0.041983928	inactive	N	SPE_K01573278	NVP 231	-0.59	inactive
R4A_0001577_001	SPE_K48830578	-0.091017379	inactive	N	SPE_K48830578	OMDM-2	-1.63	inactive
R4A_0005119_001	SPE_K25279140	-0.019194626	inactive	N	SPE_K25279140	MK8745	2.88	inactive
R4A_0002771_001	SPE_K21450440	-0.127959259	inactive	N	SPE_K21450440	BENZTHIAZIDE	-4.59	inactive
R4A_0003078_001	SPE_A10523515	-0.102782135	inactive	N	SPE_A10523515	GSK429286A	4.82	inactive
R4A_0003742_001					SPE_K89048337	Puerarin (Kakonein)	-5.15	inactive
R4A_0001257_001	SPE_K68174511	0.042639777	inactive	N	SPE_K68174511	torin-2	9.27	inactive
R4A_0002492_001					SPE_K27755542	PF-04937319	-0.82	inactive
R4A_0000854_001	SPE_K47177710	-0.068192489	inactive	N	SPE_K47177710	DAPT	-3.76	inactive
R4A_0002979_001	SPE_K19284129	-0.080629586	inactive	N	SPE_K19284129	Salvinorin A	-1.17	inactive
R4A_0004730_001	SPE_A29148886	-0.079827678	inactive	N	SPE_A29148886	RP-001	-0.21	inactive
R4A_0003383_001	SPE_K21884483	-0.0598866	inactive	N	SPE_K21884483	Mizolastine (Mizollen)	0.52	inactive
R4A_0002200_001	SPE_A62197763	-0.106033277	inactive	N	SPE_A62197763	enciprazine	0.17	inactive
R4A_0002427_001	SPE_K18347943	-0.204256758	inactive	N	SPE_K18347943	ER-50891	-2.63	inactive
R4A_0000375_001					SPE_K99199077	HYDROCORTISONE BUTYRATE	-5.08	inactive
R4A_0004901_001					SPE_K81332461	maxacalcitol	1.4	inactive
R4A_0005404_001	SPE_K41564320	0.011255177	inactive	N	SPE_K41564320	purvalanol-b	-1.36	inactive
R4A_0002625_001	SPE_A91444184	-0.044066411	inactive	N	SPE_A91444184	buclizine	1.77	inactive
R4A_0002190_001	SPE_K28965160	0.041674195	inactive	N	SPE_K28965160	Ulixertinib	0.57	inactive
R4A_0002863_001	SPE_K08859203	-0.043830083	inactive	N	SPE_K08859203	Arg-Gly-Asp-Ser	-0.37	inactive
R4A_0005029_001	SPE_K49215523	-0.077656162	inactive	N	SPE_K49215523	GSK2636771	4.29	inactive
R4A_0000436_001	SPE_K02152879	0.052649281	inactive	N	SPE_K02152879	Sivelestat (sodium tetrahydrate)	-1.15	inactive
R4A_0003554_001	SPE_K38875233	0.083134426	inactive	N	SPE_K38875233	JZL-195	-3.68	inactive
R4A_0001188_001	SPE_A85472596	-0.042616384	inactive	N	SPE_A85472596	L-670596	-2.27	inactive
R4A_0004742_001	SPE_A33506612	0.023957958	inactive	N	SPE_A33506612	Fosinoprilat	-0.11	inactive
R4A_0003835_001	SPE_K92428153	-0.117564703	inactive	N	SPE_K92428153	MYCOPHENOLATE MOFETIL	18.58	inactive
R4A_0003491_001	SPE_K82928847	0.046320356	inactive	N	SPE_K82928847	ACY-1215	1.06	inactive
R4A_0000266_001	SPE_M87138257	0.621176907	active	Y	SPE_M87138257	Acriflavine hydrochloride	0.92	inactive
R4A_0005407_001	SPE_K00911143	0.385097155	inactive	N	SPE_K00911143	Brexpiprazole	1.96	inactive
R4A_0002491_001	SPE_K47049295	0.731963315	active	Y	SPE_K47049295	BAN-ORL-24	35.11	inactive
R4A_0002148_001	SPE_K61177364	-0.081468811	inactive	N	SPE_K61177364	NBI-27914	0.31	inactive
R4A_0004550_001	SPE_K36258877	-0.021572167	inactive	N	SPE_K36258877	AZ-10417808	-1.98	inactive
R4A_0004543_001	SPE_K43316319	-0.101058796	inactive	N	SPE_K43316319	MK-2295	0.07	inactive
R4A_0001579_001	SPE_A84202322	-0.10367029	inactive	N	SPE_A84202322	NAV-26	3.14	inactive
R4A_0005403_001	SPE_K53328210	0.027785673	inactive	N	SPE_K53328210	JW-55	-3.05	inactive
R4A_0003299_001	SPE_K41278234	-0.123135659	inactive	N	SPE_K41278234	CUDC-101	-2.48	inactive
R4A_0005019_001	SPE_A65449987	0.067415861	inactive	N	SPE_A65449987	FLUNISOLIDE	-2.41	inactive
R4A_0000103_001	SPE_A92177080	-0.037284584	inactive	N	SPE_A92177080	BETAMETHASONE ACETATE	17.08	inactive
R4A_0000103_002					SPE_A93424738	DEXAMETHASONE ACETATE	-3.79	inactive
R4A_0005191_001	SPE_K41708980	0.012308833	inactive	N	SPE_K41708980	TRIAMCINOLONE ACETONIDE	-4.54	inactive
R4A_0002677_001	SPE_K23363278	0.085152271	inactive	N	SPE_K23363278	CYT997	39.92	inactive
R4A_0003738_001	SPE_K36788280	-0.056650655	inactive	N	SPE_K36788280	Ribociclib (LEE011)	16.31	inactive
R4A_0003095_001	SPE_K97118047	-0.019230935	inactive	N	SPE_K97118047	"4,5,6,7-tetrabromobenzotriazole"	-8.08	inactive
R4A_0002414_001					SPE_K01244426	CLOXACILLIN SODIUM	4.56	inactive
R4A_0004998_001	SPE_K91825936	-0.045019857	inactive	N	SPE_K91825936	BX471	-1.73	inactive
R4A_0003408_001	SPE_K74717603	0.002239232	inactive	N	SPE_K74717603	Etravirine (TMC125)	0.4	inactive
R4A_0004264_001					SPE_K77251551	Sodium Picosulfate	-7.14	inactive
R4A_0004851_001	SPE_K62607865	0.060344522	inactive	N	SPE_K62607865	AZTREONAM	3.55	inactive
R4A_0005493_001					SPE_K92150287	Exatecan Mesylate	35.89	inactive
R4A_0000029_001	SPE_K45158365	0.059157084	inactive	N	SPE_K45158365	VALSARTAN	2.27	inactive
R4A_0002274_001	SPE_K74990253	-0.007322307	inactive	N	SPE_K74990253	BW-373U86	-2.02	inactive
R4A_0002091_001					SPE_A50033377	Rivaroxaban (Xarelto)	-4.55	inactive
R4A_0002942_001	SPE_K48894757	-0.083583352	inactive	N	SPE_K48894757	Laropiprant	-2.58	inactive
R4A_0001873_001	SPE_A53077924	0.047540528	inactive	N	SPE_A53077924	Tianeptine (sodium salt)	-11.61	inactive
R4A_0002787_001	SPE_K54542929	-0.084799671	inactive	N	SPE_K54542929	EDTMP	-4.21	inactive
R4A_0004430_001	SPE_K91900765	-0.03516564	inactive	N	SPE_K91900765	VX-745	-4.94	inactive
R4A_0002383_001	SPE_K24675965	-0.129607484	inactive	N	SPE_K24675965	LY288513	11.23	inactive
R4A_0004115_001	SPE_K14109347	0.043310167	inactive	N	SPE_K14109347	LY2603618 (IC-83)	23.26	inactive
R4A_0005509_001	SPE_K56405978	-0.025357574	inactive	N	SPE_K56405978	TBA-354	-1.07	inactive
R4A_0001679_001					SPE_K24601397	Phlorizin (Phloridzin)	-8.71	inactive
R4A_0004358_001	SPE_K83176916	-0.000486062	inactive	N	SPE_K83176916	WWL-123	-5.7	inactive
R4A_0004556_001	SPE_K09778810	-0.035365202	inactive	N	SPE_K09778810	FGIN-1-27	-8.09	inactive
R4A_0005455_001					SPE_K53263234	CITCO	-2.29	inactive
R4A_0002507_001	SPE_K10071630	0.004748571	inactive	N	SPE_K10071630	Ertugliflozin	-0.06	inactive
R4A_0005356_001	SPE_K23533833	0.046723249	inactive	N	SPE_K23533833	carboxylosartan	-4.07	inactive
R4A_0000265_001	SPE_K40302533	-0.09764336	inactive	N	SPE_K40302533	PF-5274857	-1.89	inactive
R4A_0005429_001	SPE_A50675702	-0.031496186	inactive	N	SPE_A50675702	FIPRONIL	-3.47	inactive
R4A_0001776_001	SPE_K09143580	-0.037334337	inactive	N	SPE_K09143580	AK-7	-5.52	inactive
R4A_0005434_001	SPE_K43802723	0.014875985	inactive	N	SPE_K43802723	AMG 837 (calcium hydrate)	2.55	inactive
R4A_0000691_001	SPE_A17009129	-0.010346927	inactive	N	SPE_A17009129	Isavuconazole	-5.39	inactive
R4A_0003111_001	SPE_K03503561	0.100509523	inactive	N	SPE_K03503561	ravuconazole	1.42	inactive
R4A_0003253_001	SPE_K18319422	0.076695404	inactive	N	SPE_K18319422	CPI-360	-1.74	inactive
R4A_0000111_001	SPE_K14274271	0.061254021	inactive	N	SPE_K14274271	XL228	19.97	inactive
R4A_0001141_001	SPE_K71900389	-0.034351834	inactive	N	SPE_K71900389	SP-100030	-2.22	inactive
R4A_0001893_001	SPE_A95939040	0.288662345	inactive	N	SPE_A95939040	Sertaconazole nitrate	4.76	inactive
R4A_0003311_001	SPE_K32533226	0.009550251	inactive	N	SPE_K32533226	AGN 195183	-2.47	inactive
R4A_0000900_001	SPE_K67385813	-0.160901778	inactive	N	SPE_K67385813	Epacadostat (INCB024360)	-3.83	inactive
R4A_0001823_001					SPE_A94523291	PREDNISOLONE SODIUM PHOSPHATE	-4.14	inactive
R4A_0000827_001	SPE_K84895041	-0.100481342	inactive	N	SPE_K84895041	BMY-45778	-2.06	inactive
R4A_0000440_001	SPE_K84683831	-0.145711261	inactive	N	SPE_K84683831	Radezolid	-4.98	inactive
R4A_0001670_001	SPE_K54640016	0.036093709	inactive	N	SPE_K54640016	Turofexorate Isopropyl (XL335)	-4.6	inactive
R4A_0001222_001	SPE_K63150726	-0.020963512	inactive	N	SPE_K63150726	JTE-907	-2.62	inactive
R4A_0003104_001	SPE_K78815826	-0.122235155	inactive	N	SPE_K78815826	Suxibuzone	-3.55	inactive
R4A_0002969_001	SPE_K16761703	0.375284896	inactive	N	SPE_K16761703	Sotrastaurin (AEB071)	22.09	inactive
R4A_0004099_001	SPE_A44500574	-0.108323279	inactive	N	SPE_A44500574	FLI-06	4.04	inactive
R4A_0001959_001	SPE_K72222507	0.00866272	inactive	N	SPE_K72222507	QUINAPRIL	6.02	inactive
R4A_0000301_001	SPE_K11373525	-0.049078926	inactive	N	SPE_K11373525	ZD-7155	-1.67	inactive
R4A_0005302_001	SPE_K06593056	0.027198316	inactive	N	SPE_K06593056	LE-135	-10.35	inactive
R4A_0004569_001	SPE_K40767677	0.082225366	inactive	N	SPE_K40767677	RP67580	-1.05	inactive
R4A_0004283_001	SPE_K42981054	-0.118318137	inactive	N	SPE_K42981054	Mibampator	-1.01	inactive
R4A_0000650_001	SPE_K89413285	-0.032058341	inactive	N	SPE_K89413285	Remimazolam (benzenesulfonate)	-1.29	inactive
R4A_0003004_001	SPE_K30882994	0.012909745	inactive	N	SPE_K30882994	Tiplaxtinin	0.43	inactive
R4A_0002948_001	SPE_K26041695	-0.062924113	inactive	N	SPE_K26041695	TC-F-2	-1.15	inactive
R4A_0003973_001	SPE_A92800748	0.215453641	inactive	N	SPE_A92800748	Tie2 kinase inhibitor	-3.68	inactive
R4A_0003985_001	SPE_K83289131	-0.098354978	inactive	N	SPE_K83289131	GPP-78	-1.05	inactive
R4A_0002662_001	SPE_K79878800	-0.136693873	inactive	N	SPE_K79878800	Saroglitazar	-1.11	inactive
R4A_0002880_001					SPE_K67100011	Pivmecillinam (hydrochloride)	-0.91	inactive
R4A_0001883_001					SPE_K11428250	PA-452	-1.31	inactive
R4A_0000248_001	SPE_K51528698	0.225484844	inactive	N	SPE_K51528698	Teijin-compound-1	12.4	inactive
R4A_0000652_001	SPE_A15739803	0.003852657	inactive	N	SPE_A15739803	polythiazide	0.28	inactive
R4A_0005250_001	SPE_K92658264	-0.024525831	inactive	N	SPE_K92658264	OF-1	-2.09	inactive
R4A_0003193_001	SPE_K15601958	-0.039806411	inactive	N	SPE_K15601958	SEW-2871	-1.95	inactive
R4A_0004039_001	SPE_K34608650	0.02063873	inactive	N	SPE_K34608650	GP2a	-2.64	inactive
R4A_0004144_001					SPE_A86736466	AMINOPTERIN	-12.99	inactive
R4A_0000313_001	SPE_A46186775	0.122478187	inactive	N	SPE_A46186775	HYDROCORTISONE PHOSPHATE TRIETHYLAMINE	-4.38	inactive
R4A_0001485_001	SPE_K84091759	-0.027500611	inactive	N	SPE_K84091759	CANDESARTAN	4.44	inactive
R4A_0005076_001					SPE_K70301465	PCI-32765 (Ibrutinib)	-4.8	inactive
R4A_0001429_001					SPE_K73368362	BIX-02189	40.48	inactive
R4A_0001477_001					SPE_K01773560	UNC2250	-2.9	inactive
R4A_0003108_001	SPE_K40718343	-0.050458683	inactive	N	SPE_K40718343	AEE788	21.2	inactive
R4A_0000585_001	SPE_K37872686	-0.036353738	inactive	N	SPE_K37872686	Tirofiban?HCl monohydrate	0.26	inactive
R4A_0001294_001	SPE_K69116396	-0.057200986	inactive	N	SPE_K69116396	sertindole	38.84	inactive
R4A_0000030_001	SPE_K82244583	-0.06682643	inactive	N	SPE_K82244583	Binimetinib	12.34	inactive
R4A_0000992_001	SPE_K65285700	-0.018309711	inactive	N	SPE_K65285700	GP1a	7.07	inactive
R4A_0005265_001	SPE_K82164249	-0.139035071	inactive	N	SPE_K82164249	Andarine (GTX-007)	1.08	inactive
R4A_0003169_001	SPE_K18673820	-0.014156488	inactive	N	SPE_K18673820	FOLIC ACID	-2.25	inactive
R4A_0001950_001	SPE_K52233191	-0.060867642	inactive	N	SPE_K52233191	R547	16.32	inactive
R4A_0002434_001	SPE_K57187269	0.080160963	inactive	N	SPE_K57187269	Brivanib alaninate (BMS-582664)	2.28	inactive
R4A_0004075_001	SPE_K54997624	0.125635625	inactive	N	SPE_K54997624	Alpelisib (BYL719)	7.72	inactive
R4A_0002854_001	SPE_K14287049	-0.036900206	inactive	N	SPE_K14287049	AZD3264	-2.49	inactive
R4A_0000899_001					SPE_K94177716	Deflazacort (Calcort)	0.49	inactive
R4A_0001624_001	SPE_K47557313	0.115475605	inactive	N	SPE_K47557313	LY2109761	-13.47	inactive
R4A_0003949_001	SPE_K58010567	-0.019910118	inactive	N	SPE_K58010567	VILAZODONE HYDROCHLORIDE	12.93	inactive
R4A_0001974_001	SPE_K79700588	0.016610857	inactive	N	SPE_K79700588	reversan	-1.74	inactive
R4A_0001276_001	SPE_A13084692	0.011378286	inactive	N	SPE_A13084692	Troglitazone	-3.62	inactive
R4A_0001773_001	SPE_K86887724	-0.107517712	inactive	N	SPE_K86887724	Dofetilide (Tikosyn)	-1.68	inactive
R4A_0002812_001	SPE_K13769342	-0.102237211	inactive	N	SPE_K13769342	Danirixin	-2.27	inactive
R4A_0000969_001	SPE_K64880136	-0.013880994	inactive	N	SPE_K64880136	BIRT-377	-1.86	inactive
R4A_0002429_001	SPE_K50660797	-0.05080035	inactive	N	SPE_K50660797	(-)-Epicatechin gallate	-2.21	inactive
R4A_0002556_001					SPE_A49035384	METHACYCLINE HYDROCHLORIDE	-3.78	inactive
R4A_0004885_001					SPE_K40496271	Eltrombopag olamine	-5.29	inactive
R4A_0000707_001	SPE_K73235735	-0.016148404	inactive	N	SPE_K73235735	AZD9496	-1.72	inactive
R4A_0000614_001					SPE_K75911534	SU14813	-7.3	inactive
R4A_0002569_001	SPE_K53422148	-0.021337602	inactive	N	SPE_K53422148	BI 224436	-3.54	inactive
R4A_0003539_001					SPE_K33586289	EPZ020411 (hydrochloride)	-0.71	inactive
R4A_0001058_001	SPE_K64874225	0.05895824	inactive	N	SPE_K64874225	Betulin	-4.87	inactive
R4A_0004869_001					SPE_K18850819	MK-0752	-3.26	inactive
R4A_0004756_001	SPE_K51329597	-0.105558043	inactive	N	SPE_K51329597	AZM-475271	9.6	inactive
R4A_0005205_001	SPE_K31339321	-0.129407231	inactive	N	SPE_K31339321	Lirimilast	-6.53	inactive
R4A_0000705_001	SPE_K21361524	0.027376044	inactive	N	SPE_K21361524	Selinexor (KPT-330)	17.48	inactive
R4A_0002668_001					SPE_A36978621	tetrahydrofolic-acid	-1.43	inactive
R4A_0003027_001					SPE_A34788695	TETRACYCLINE HYDROCHLORIDE	-1.54	inactive
R4A_0000943_001	SPE_K25340465	-0.12865404	inactive	N	SPE_K25340465	OSI-930	-11.3	inactive
R4A_0005379_001	SPE_K71266197	-0.139350165	inactive	N	SPE_K71266197	PSB-06126	-11.08	inactive
R4A_0005480_001					SPE_K66036108	lometrexol	3.51	inactive
R4A_0002036_001	SPE_K52087522	0.093229184	inactive	N	SPE_K52087522	YM-244769	-1.49	inactive
R4A_0000618_001	SPE_K31309378	0.090270952	inactive	N	SPE_K31309378	Lucitanib	24.5	inactive
R4A_0002634_001	SPE_K67844266	-0.020509537	inactive	N	SPE_K67844266	Pevonedistat hydrochloride	-0.05	inactive
R4A_0000820_001	SPE_K72904818	0.037944404	inactive	N	SPE_K72904818	NNC-63-0532	-1.39	inactive
R4A_0004038_001	SPE_K72868067	0.013198588	inactive	N	SPE_K72868067	SAR405	-16.31	inactive
R4A_0001170_001	SPE_K17203476	0.087571073	inactive	N	SPE_K17203476	LY2874455	3.33	inactive
R4A_0004265_001	SPE_K03886848	0.021403041	inactive	N	SPE_K03886848	MK-5046	0.81	inactive
R4A_0005094_001					SPE_K53156781	omega-(4-Iodophenyl)pentadecanoic acid	0.54	inactive
R4A_0000656_001	SPE_K05658747	-0.128098866	inactive	N	SPE_K05658747	Raltegravir (MK-0518)	-6.05	inactive
R4A_0002130_001	SPE_K21680192	0.005658322	inactive	N	SPE_K21680192	MITOXANTRONE HYDROCHLORIDE	-15.3	inactive
R4A_0005030_001					SPE_K90868879	CANAGLIFLOZIN	2.27	inactive
R4A_0001718_001	SPE_K04266228	0.049586577	inactive	N	SPE_K04266228	XL019	26.59	inactive
R4A_0000747_001					SPE_K75864342	menatetrenone	-5.99	inactive
R4A_0001956_001	SPE_K47929404	-0.019522162	inactive	N	SPE_K47929404	Vercirnon	-0.49	inactive
R4A_0001077_001	SPE_K21833260	-0.011224091	inactive	N	SPE_K21833260	LY2584702 tosylate	0.1	inactive
R4A_0001345_001					SPE_K19202888	C646	-1.81	inactive
R4A_0000880_001	SPE_K67262033	-0.002487067	inactive	N	SPE_K67262033	TAK-593	0.15	inactive
R4A_0003947_001	SPE_A63344375	-0.026385375	inactive	N	SPE_A63344375	SHA-68	1.09	inactive
R4A_0000105_001					SPE_K70898774	naloxone-benzoylhydrazone	-0.8	inactive
R4A_0005397_001	SPE_K12219985	-0.10094926	inactive	N	SPE_K12219985	GLIPIZIDE	1.86	inactive
R4A_0000310_001	SPE_K25835157	0.041384272	inactive	N	SPE_K25835157	Cerdulatinib	1.28	inactive
R4A_0004754_001					SPE_K70610771	"Lomibuvir (VX-222, VCH-222)"	-2.12	inactive
R4A_0000185_001	SPE_K03988082	-0.063117118	inactive	N	SPE_K03988082	SB-399885	14.44	inactive
R4A_0001649_001					SPE_K98733875	Baicalin	-8.18	inactive
R4A_0002161_001	SPE_K68453341	-0.017906204	inactive	N	SPE_K68453341	GS-6201	-2.26	inactive
R4A_0004787_001	SPE_K79989959	0.02756457	inactive	N	SPE_K79989959	Nesbuvir	0.51	inactive
R4A_0003248_001	SPE_K80082640	0.020355558	inactive	N	SPE_K80082640	Otamixaban	1.38	inactive
R4A_0004548_001	SPE_K83144676	0.11236436	inactive	N	SPE_K83144676	Olmesartan	-2.67	inactive
R4A_0001078_001	SPE_A25143711	-0.016956956	inactive	N	SPE_A25143711	HYDROCORTISONE VALERATE	6.06	inactive
R4A_0003302_001	SPE_K42629487	0.02505775	inactive	N	SPE_K42629487	SF-11	3.6	inactive
R4A_0000446_001	SPE_K61923022	0.21147414	inactive	N	SPE_K61923022	Brilanestrant	-2	inactive
R4A_0004906_001	SPE_K64052750	-0.100636238	inactive	N	SPE_K64052750	gefitinib	-1.05	inactive
R4A_0002413_001	SPE_K62738477	0.04162172	inactive	N	SPE_K62738477	GSK2256294A	-2.22	inactive
R4A_0002431_001	SPE_A39172021	-0.066802496	inactive	N	SPE_A39172021	Ampiroxicam	-0.19	inactive
R4A_0003350_001	SPE_K11773281	-0.147139095	inactive	N	SPE_K11773281	4SC-202	30.11	inactive
R4A_0000998_001	SPE_K66538826	-0.018964722	inactive	N	SPE_K66538826	Amuvatinib (MP-470)	-1.09	inactive
R4A_0004537_001	SPE_K95828359	-0.107301767	inactive	N	SPE_K95828359	MK-3697	-4.6	inactive
R4A_0004341_002	SPE_A68997559	-0.07843905	inactive	N	SPE_A68997559	SISOMICIN SULFATE	-3.24	inactive
R4A_0000079_001	SPE_K51313569	-0.097336405	inactive	N	SPE_K51313569	PD 0332991 (Palbociclib) HCl	36.37	inactive
R4A_0004230_001	SPE_K18745919	0.062101115	inactive	N	SPE_K18745919	Gue-1654	0.68	inactive
R4A_0001993_001	SPE_K54472332	0.098899203	inactive	N	SPE_K54472332	Elvitegravir (GS-9137)	-4.09	inactive
R4A_0000517_001	SPE_K70358946	0.013327858	inactive	N	SPE_K70358946	ARIPIPRAZOLE	-3.7	inactive
R4A_0001570_001					SPE_K48213016	Tanzisertib	0.08	inactive
R4A_0005027_001	SPE_A68083442	-0.029627506	inactive	N	SPE_A68083442	Pranidipine	5.42	inactive
R4A_0001725_001					SPE_K61871885	WAY 316606	1.7	inactive
R4A_0002646_001	SPE_K95901403	-0.150444412	inactive	N	SPE_K95901403	XL147 analogue	-6.5	inactive
R4A_0004429_001	SPE_K75254015	-0.04506348	inactive	N	SPE_K75254015	AS-2034178	-4.23	inactive
R4A_0002795_001	SPE_K32218650	-0.016134819	inactive	N	SPE_K32218650	MBX-2982	-7.99	inactive
R4A_0000673_001	SPE_K92577649	0.908331644	active	Y	SPE_K92577649	GBR-13069	20.57	inactive
R4A_0000075_001	SPE_A41774846	-0.11571044	inactive	N	SPE_A41774846	algestone-acetophenide	-0.91	inactive
R4A_0002331_001					SPE_K15382985	LY2857785	-12.3	inactive
R4A_0002701_001	SPE_K26838195	0.215688086	inactive	N	SPE_K26838195	AST-1306	5.68	inactive
R4A_0001282_001	SPE_A82035391	-0.111892225	inactive	N	SPE_A82035391	Tolvaptan (OPC-41061)	1.63	inactive
R4A_0001103_001	SPE_K24593301	0.159943541	inactive	N	SPE_K24593301	AZD3463	15.81	inactive
R4A_0004238_001	SPE_K20958582	0.064547959	inactive	N	SPE_K20958582	Evofosfamide	-1.53	inactive
R4A_0004148_001	SPE_K26823213	-0.193384142	inactive	N	SPE_K26823213	GW-842166X	-8.68	inactive
R4A_0003764_001	SPE_K51337109	0.014474094	inactive	N	SPE_K51337109	Kuromanin (chloride)	-2.67	inactive
R4A_0002199_001	SPE_K19426040	0.093925049	inactive	N	SPE_K19426040	Fuscoside	-5.45	inactive
R4A_0004340_001	SPE_K03149601	-0.01378528	inactive	N	SPE_K03149601	ICA-121431	-1.38	inactive
R4A_0002178_001	SPE_K29546239	0.013683753	inactive	N	SPE_K29546239	SNC-80	-0.44	inactive
R4A_0001837_001	SPE_K90756851	-0.105371608	inactive	N	SPE_K90756851	K-Ras(G12C) inhibitor 12	1.66	inactive
R4A_0002228_001	SPE_K09118247	-0.045943301	inactive	N	SPE_K09118247	tribomsalan	-3.53	inactive
R4A_0003442_001	SPE_K89121095	-0.018156611	inactive	N	SPE_K89121095	Tedizolid (phosphate)	0.02	inactive
R4A_0001264_001	SPE_K87461578	-0.186468028	inactive	N	SPE_K87461578	TC-SP-14	-6.21	inactive
R4A_0004441_001	SPE_K26970495	-0.097326352	inactive	N	SPE_K26970495	CCG-63802	-2.64	inactive
R4A_0001127_001					SPE_K01039503	sofalcone	-7.43	inactive
R4A_0002741_001	SPE_K32501161	-0.032064782	inactive	N	SPE_K32501161	vanoxerine	24.76	inactive
R4A_0002980_001	SPE_K53765467	-0.100058945	inactive	N	SPE_K53765467	Empagliflozin (BI10773)	-9.54	inactive
R4A_0003356_001	SPE_K26726854	0.006953844	inactive	N	SPE_K26726854	MI-14	-1.93	inactive
R4A_0002088_001					SPE_K52366702	4EGI-1	-7.04	inactive
R4A_0001386_001					SPE_K12826175	ISRIB (trans-isomer)	-2.2	inactive
R4A_0003979_001	SPE_K81689258	-0.048243827	inactive	N	SPE_K81689258	GSK2606414	-0.76	inactive
R4A_0001879_001	SPE_K48427910	-0.098808845	inactive	N	SPE_K48427910	DIBEKACIN	-7.73	inactive
R4A_0005370_001	SPE_K05804044	-0.041126921	inactive	N	SPE_K05804044	AZ-628	-0.37	inactive
R4A_0003392_001	SPE_K21038058	0.063832725	inactive	N	SPE_K21038058	LX7101	-0.8	inactive
R4A_0003580_001	SPE_K94659840	0.03475499	inactive	N	SPE_K94659840	pyrintegrin	-9.55	inactive
R4A_0002065_001	SPE_K71250460	-0.027463917	inactive	N	SPE_K71250460	SUN-11602	-0.37	inactive
R4A_0002159_001	SPE_K86882815	0.094440131	inactive	N	SPE_K86882815	Cabergoline	47.94	inactive
R4A_0004922_001	SPE_K45275534	0.045930023	inactive	N	SPE_K45275534	Betrixaban	-7.3	inactive
R4A_0002397_001	SPE_K82467063	0.92443399	active	Y	SPE_K82467063	SB 271046	36.75	inactive
R4A_0003601_001					SPE_K49371609	PIK-75	-3.07	inactive
R4A_0004232_001	SPE_K69236721	-0.022648881	inactive	N	SPE_K69236721	VX-809 (Lumacaftor)	-7.5	inactive
R4A_0002235_001	SPE_A43885598	-0.198379879	inactive	N	SPE_A43885598	SID-7969543	3.61	inactive
R4A_0001808_001	SPE_K09372874	0.01746453	inactive	N	SPE_K09372874	Merimepodib	0.33	inactive
R4A_0003849_001					SPE_A13188892	DOXAZOSIN MESYLATE	21.34	inactive
R4A_0001168_001	SPE_K88506063	-0.058385016	inactive	N	SPE_K88506063	SLx-2119	-0.28	inactive
R4A_0004745_001	SPE_K00573984	-0.058530496	inactive	N	SPE_K00573984	Delapril HCl	-3.52	inactive
R4A_0003722_001	SPE_K43187018	0.074632508	inactive	N	SPE_K43187018	GDC-0349	9.83	inactive
R4A_0005248_001	SPE_K59146805	0.039871401	inactive	N	SPE_K59146805	AZ3146	37.19	inactive
R4A_0004341_001	SPE_A29840884	-0.058542558	inactive	N	SPE_A29840884	Sisomicin (sulfate)	-1.73	inactive
R4A_0000888_001					SPE_K82846253	REPAGLINIDE	-8.44	inactive
R4A_0000986_001	SPE_K91716465	0.258814223	inactive	N	SPE_K91716465	YM-750	0.75	inactive
R4A_0004254_001					SPE_A13650332	flucloxacillin	-6.63	inactive
R4A_0003070_001					SPE_K71059170	cefixime	-2.73	inactive
R4A_0005124_001	SPE_K14880289	-0.012630377	inactive	N	SPE_K14880289	GW 501516	0.61	inactive
R4A_0002599_001					SPE_K99750640	CEFAZOLIN SODIUM	-0.51	inactive
R4A_0000945_001	SPE_K85849709	-0.051376977	inactive	N	SPE_K85849709	AZD2858	-3.23	inactive
R4A_0001645_001	SPE_K38905597	0.026785411	inactive	N	SPE_K38905597	SIS3	-5.24	inactive
R4A_0002598_001					SPE_K78809024	SB590885	-2.12	inactive
R4A_0002142_001	SPE_A13293292	-0.005968505	inactive	N	SPE_A13293292	BINA	-2.12	inactive
R4A_0002426_001					SPE_K15179513	NVP-ADW742	41.53	inactive
R4A_0001520_001	SPE_K63806092	-0.006642922	inactive	N	SPE_K63806092	Sitaxsentan (sodium)	-1.86	inactive
R4A_0005180_001	SPE_K58770988	0.267415393	inactive	N	SPE_K58770988	NMS-E973	-1.53	inactive
R4A_0000903_001					SPE_K59456551	METHOTREXATE HYDRATE	-3.08	inactive
R4A_0001212_001					SPE_K99586414	cefotaxime	-7.3	inactive
R4A_0002900_002	SPE_K55188888	0.024707837	inactive	N	SPE_K55188888	Ribostamycin (sulfate)	-1.8	inactive
R4A_0001693_001	SPE_K68474505	0.015564257	inactive	N	SPE_K68474505	CCG-63808	-3.48	inactive
R4A_0003336_001					SPE_K95110148	beta-funaltrexamine	-2	inactive
R4A_0005058_001	SPE_K51333959	-0.073320285	inactive	N	SPE_K51333959	Siramesine (hydrochloride)	26.85	inactive
R4A_0002452_001					SPE_K28456624	Seocalcitol	-2.42	inactive
R4A_0000825_001	SPE_A79726147	-0.118376705	inactive	N	SPE_A79726147	CCG-1423	-9.45	inactive
R4A_0002685_001					SPE_A88138582	Halcinonide	0.62	inactive
R4A_0001056_001					SPE_K09229706	RIBOFLAVIN 5-PHOSPHATE SODIUM	1.6	inactive
R4A_0005192_001					SPE_K54187111	DICHLORISONE ACETATE	6.94	inactive
R4A_0005330_001	SPE_A33697453	0.173452264	inactive	N	SPE_A33697453	Fenticonazole nitrate	6.97	inactive
R4A_0000254_001	SPE_K86816506	-0.095243034	inactive	N	SPE_K86816506	PF-04457845	1.25	inactive
R4A_0001271_001					SPE_K20008181	Pradigastat	1.52	inactive
R4A_0002387_001	SPE_K23952234	-0.04351429	inactive	N	SPE_K23952234	AM095	-0.34	inactive
R4A_0002389_001	SPE_K03549949	0.050040054	inactive	N	SPE_K03549949	XL388	3.13	inactive
R4A_0001174_001	SPE_K43586850	-0.14878745	inactive	N	SPE_K43586850	"Lacidipine (Lacipil, Motens)"	2.86	inactive
R4A_0000431_001	SPE_K06496777	0.196851938	inactive	N	SPE_K06496777	AT-1015	46.9	inactive
R4A_0000072_001	SPE_K11792081	-0.033909025	inactive	N	SPE_K11792081	ABT-639	-2.45	inactive
R4A_0001858_001	SPE_K28115081	-0.043690187	inactive	N	SPE_K28115081	apafant	-6.23	inactive
R4A_0003712_001	SPE_K46908090	0.04478052	inactive	N	SPE_K46908090	GDC-0623	2.64	inactive
R4A_0002163_001	SPE_A01563671	-0.067256971	inactive	N	SPE_A01563671	Clevidipine Butyrate	-1.03	inactive
R4A_0002798_001					SPE_K73984371	AZD3988	1.42	inactive
R4A_0002095_001	SPE_K81074237	0.031381358	inactive	N	SPE_K81074237	Azilsartan (TAK-536)	-0.57	inactive
R4A_0002747_001	SPE_K68997413	0.015331316	inactive	N	SPE_K68997413	PF-3845	-6.14	inactive
R4A_0002201_001	SPE_A13689093	0.055556886	inactive	N	SPE_A13689093	ONO-4059	25.97	inactive
R4A_0002180_001	SPE_K75664313	-0.149347998	inactive	N	SPE_K75664313	JW-74	-6.01	inactive
R4A_0000232_001	SPE_K60341624	-0.150197746	inactive	N	SPE_K60341624	GSK1292263	-4.06	inactive
R4A_0004671_001	SPE_K34068325	-0.108081643	inactive	N	SPE_K34068325	Delavirdine (mesylate)	-1.3	inactive
R4A_0002078_001	SPE_K92446736	-0.092254755	inactive	N	SPE_K92446736	Zatebradine (hydrochloride)	-1.11	inactive
R4A_0004645_001	SPE_K78318619	-0.010132428	inactive	N	SPE_K78318619	PF-4981517	24.36	inactive
R4A_0000850_001	SPE_A00559310	-0.002861274	inactive	N	SPE_A00559310	W-54011	-2.28	inactive
R4A_0003233_001	SPE_K77685957	-0.047594639	inactive	N	SPE_K77685957	DEQUALINIUM CHLORIDE	-7.35	inactive
R4A_0004625_001					SPE_A61767428	ursolic-acid	-0.84	inactive
R4A_0003487_001	SPE_K45401373	-0.114208038	inactive	N	SPE_K45401373	Betulinic acid	-4.18	inactive
R4A_0004216_001	SPE_K70650177	-0.040853363	inactive	N	SPE_K70650177	Testosterone (undecanoate)	0.88	inactive
R4A_0000136_001					SPE_K90647725	Oleanolic Acid (Caryophyllin)	-4.86	inactive
R4A_0000923_001	SPE_K22631935	-0.331795392	inactive	N	SPE_K22631935	neurodazine	-2.28	inactive
R4A_0000778_001	SPE_K54606188	-0.039600027	inactive	N	SPE_K54606188	(+)-JQ1	13.17	inactive
R4A_0005036_001	SPE_K03504028	-0.059166768	inactive	N	SPE_K03504028	Amygdalin	-2.54	inactive
R4A_0005425_001	SPE_K28580965	-0.079090093	inactive	N	SPE_K28580965	Levomefolate (calcium)	-7.73	inactive
R4A_0002377_001	SPE_K47289408	-0.093268848	inactive	N	SPE_K47289408	AZD8186	14.56	inactive
R4A_0004871_001	SPE_A53813595	-0.281123049	inactive	N	SPE_A53813595	Bentamapimod	1.37	inactive
R4A_0000830_001	SPE_K06543683	0.003702186	inactive	N	SPE_K06543683	bisindolylmaleimide-ix	15.79	inactive
R4A_0002658_001					SPE_K38913877	Azimilide (Dihydrochloride)	22.92	inactive
R4A_0001226_001					SPE_K71480163	Ipatasertib (GDC-0068)	3.29	inactive
R4A_0004725_001	SPE_K55591206	-0.094815272	inactive	N	SPE_K55591206	(-)-Epigallocatechin Gallate	-2.35	inactive
R4A_0001750_001	SPE_K89839824	-0.137633421	inactive	N	SPE_K89839824	Raltitrexed (Tomudex)	-6.73	inactive
R4A_0002900_001	SPE_A03826781	-0.072952249	inactive	N	SPE_A03826781	RIBOSTAMYCIN SULFATE	-6.92	inactive
R4A_0000988_001					SPE_K15514357	CEFALONIUM	-5.69	inactive
R4A_0002800_001					SPE_A99367815	Fumagillin	10.7	inactive
R4A_0003593_001	SPE_K11785681	0.123524288	inactive	N	SPE_K11785681	Motolimod	9.89	inactive
R4A_0002394_001					SPE_K75956464	VCH-916	-0.87	inactive
R4A_0002231_001	SPE_K17617556	0.032664137	inactive	N	SPE_K17617556	NIDA-41020	-8.49	inactive
R4A_0001761_001					SPE_A22740840	OXYTETRACYCLINE	-3.92	inactive
R4A_0000576_001	SPE_K90747162	-0.09248728	inactive	N	SPE_K90747162	KG-5	-0.92	inactive
R4A_0003555_001					SPE_K67121414	APIXABAN	-4.73	inactive
R4A_0004190_001	SPE_K77564118	0.031286432	inactive	N	SPE_K77564118	fenoverine	15.43	inactive
R4A_0002544_001	SPE_K54665485	-0.015762989	inactive	N	SPE_K54665485	R-59022	20.35	inactive
R4A_0002713_001	SPE_K41626799	-0.128180838	inactive	N	SPE_K41626799	AZD3759	10.69	inactive
R4A_0005249_001	SPE_K90497590	-0.146454626	inactive	N	SPE_K90497590	AR-12	38.84	inactive
R4A_0001978_001					SPE_A46717658	AZLOCILLIN SODIUM	-1.89	inactive
R4A_0001662_001	SPE_K93208532	-0.110265646	inactive	N	SPE_K93208532	Apremilast (CC-10004)	-5.1	inactive
R4A_0000138_001	SPE_A78391468	0.035165544	inactive	N	SPE_A78391468	PREDNISOLONE HEMISUCCINATE	-5.57	inactive
R4A_0000289_001	SPE_K44844162	0.049836221	inactive	N	SPE_K44844162	Taselisib	-1.26	inactive
R4A_0004418_001	SPE_K16037980	-0.137059079	inactive	N	SPE_K16037980	NP118809	-0.66	inactive
R4A_0003415_001	SPE_K60005752	-0.08614576	inactive	N	SPE_K60005752	(20S)-Protopanaxadiol	-1.69	inactive
R4A_0003829_001	SPE_K86063171	-0.040939143	inactive	N	SPE_K86063171	EN460	-0.75	inactive
R4A_0002404_001					SPE_K44030614	Ponesimod	-0.41	inactive
R4A_0001746_001	SPE_K17472821	-0.001877918	inactive	N	SPE_K17472821	GSK 2830371	-2.09	inactive
R4A_0003860_001	SPE_K37687095	-0.050288716	inactive	N	SPE_K37687095	AZD8330	12.01	inactive
R4A_0003549_001	SPE_K07609981	-0.093271484	inactive	N	SPE_K07609981	dexloxiglumide	-0.96	inactive
R4A_0001245_001	SPE_K00256256	-0.042183635	inactive	N	SPE_K00256256	AMZ30	0.43	inactive
R4A_0003390_001	SPE_A92341659	-0.02561742	inactive	N	SPE_A92341659	PRULIFLOXACIN	-2.04	inactive
R4A_0003081_001					SPE_A23933379	cefamandole	-1.4	inactive
R4A_0003596_001	SPE_K61228301	-0.018573402	inactive	N	SPE_K61228301	SGI-1027	13.53	inactive
R4A_0004575_001	SPE_A07000685	0.124893012	inactive	N	SPE_A07000685	HYDROCORTISONE HEMISUCCINATE	-1.39	inactive
R4A_0000759_001	SPE_K39171998	0.025996376	inactive	N	SPE_K39171998	STF-118804	-2.5	inactive
R4A_0001716_001	SPE_K42325600	-0.024925912	inactive	N	SPE_K42325600	AR-C155858	-2.38	inactive
R4A_0005264_001	SPE_K01292756	0.865330985	active	Y	SPE_K01292756	PIMOZIDE	28.94	inactive
R4A_0003813_001	SPE_K86673452	0.036615803	inactive	N	SPE_K86673452	AMG-548	27.93	inactive
R4A_0004118_001	SPE_A89082344	-0.004038745	inactive	N	SPE_A89082344	Perifosine	0.66	inactive
R4A_0001964_001	SPE_K03128512	0.078468442	inactive	N	SPE_K03128512	MK-2048	-3.06	inactive
R4A_0001073_001	SPE_K09787262	-0.049267474	inactive	N	SPE_K09787262	TCN201	0.07	inactive
R4A_0002286_001					SPE_K53665955	MK-5108 (VX-689)	3.96	inactive
R4A_0000209_001	SPE_K48424871	0.031878095	inactive	N	SPE_K48424871	JW-642	-7.46	inactive
R4A_0001989_001	SPE_K99113996	0.00941592	inactive	N	SPE_K99113996	Vistusertib (AZD2014)	-1.78	inactive
R4A_0000995_001	SPE_A56371469	-0.026296343	inactive	N	SPE_A56371469	AGI-5198	-6.57	inactive
R4A_0003714_001	SPE_K37237504	0.052873645	inactive	N	SPE_K37237504	CEP33779	28.15	inactive
R4A_0003532_001	SPE_K70642949	0.156126215	inactive	N	SPE_K70642949	GSK2334470	-1.68	inactive
R4A_0000801_001	SPE_K98353094	-0.057926161	inactive	N	SPE_K98353094	MM-11253	-1.71	inactive
R4A_0000812_001	SPE_K48535733	0.927151605	active	Y	SPE_K48535733	VU0155069	41.44	inactive
R4A_0004138_001	SPE_A45869167	0.169641863	inactive	N	SPE_A45869167	sal003	-0.56	inactive
R4A_0004547_001	SPE_K64452997	0.337844028	inactive	N	SPE_K64452997	HA-130	17.32	inactive
R4A_0003807_001	SPE_K36021395	-0.096224453	inactive	N	SPE_K36021395	ABT-702	0.46	inactive
R4A_0002670_001					SPE_K83970940	Lu-AA-47070	-1.22	inactive
R4A_0000853_001	SPE_K27061362	0.028644868	inactive	N	SPE_K27061362	AMG-337	0.05	inactive
R4A_0003587_001	SPE_K04622161	-0.019856567	inactive	N	SPE_K04622161	YO-01027 (Dibenzazepine)	-3.47	inactive
R4A_0005351_001	SPE_K32791151	0.066910349	inactive	N	SPE_K32791151	pivampicillin	-4.27	inactive
R4A_0002034_001	SPE_K04701033	-0.038924999	inactive	N	SPE_K04701033	VE-822	10.67	inactive
R4A_0000782_001					SPE_K18552138	Micronomicin Sulfate	2.29	inactive
R4A_0004527_001	SPE_K28392481	0.988868961	active	Y	SPE_K28392481	AZD4547	30.82	inactive
R4A_0000015_001	SPE_K51937257	-0.054434898	inactive	N	SPE_K51937257	Bilastine	0.13	inactive
R4A_0000273_001	SPE_K81729199	0.026553104	inactive	N	SPE_K81729199	AQ-RA741	-2.95	inactive
R4A_0002033_001	SPE_K13296708	-0.05814678	inactive	N	SPE_K13296708	Rimonabant (SR141716)	4.52	inactive
R4A_0000987_001					SPE_A34145622	DEMECLOCYCLINE HYDROCHLORIDE	-2.62	inactive
R4A_0003176_001					SPE_A63780829		-4.4	inactive
R4A_0000689_001					SPE_K29834313	Myricitrin (Myricitrine)	-3.84	inactive
R4A_0004253_001					SPE_K71026158	carumonam	0.72	inactive
R4A_0005367_001					SPE_K71281111	SNX-2112	-1.47	inactive
R4A_0002985_001	SPE_K03827870	0.083459816	inactive	N	SPE_K03827870	GKA-50	-2.14	inactive
R4A_0001303_001	SPE_A25182582	-0.105778235	inactive	N	SPE_A25182582	edaglitazone	-1.81	inactive
R4A_0001097_001	SPE_K59369769	0.104091898	inactive	N	SPE_K59369769	"VX-680 (MK-0457, Tozasertib)"	8.23	inactive
R4A_0004557_001					SPE_K57774929	foropafant	9.08	inactive
R4A_0002592_001	SPE_K23984367	-0.063360089	inactive	N	SPE_K23984367	Sorafenib Tosylate	-6.63	inactive
R4A_0000149_001	SPE_K16189898	-0.062035827	inactive	N	SPE_K16189898	CHIR-99021 (CT99021) HCl	13.95	inactive
R4A_0005291_001	SPE_K60659193	-0.158055925	inactive	N	SPE_K60659193	CVT-10216	4.65	inactive
R4A_0002901_001	SPE_K01492390	-0.072990596	inactive	N	SPE_K01492390	BTT-3033	1.57	inactive
R4A_0004632_001	SPE_K64034691	-0.123138613	inactive	N	SPE_K64034691	Acalabrutinib	-1.7	inactive
R4A_0003252_001					SPE_A41698174	BACAMPICILLIN HYDROCHLORIDE	-2.51	inactive
R4A_0002762_001	SPE_K41859756	0.040873865	inactive	N	SPE_K41859756	Luminespib	-0.23	inactive
R4A_0003709_001	SPE_K67566344	0.00195333	inactive	N	SPE_K67566344	Ku-0063794	1.47	inactive
R4A_0002225_001	SPE_K69932463	-0.085604109	inactive	N	SPE_K69932463	AZD8055	4.71	inactive
R4A_0001901_001					SPE_A35379661	sphingosylphosphorylcholine	-4.65	inactive
R4A_0005415_001	SPE_K95837862	0.973976027	active	Y	SPE_K95837862	JDTic (dihydrochloride)	5.03	inactive
R4A_0005483_001	SPE_A02473266	-0.026296592	inactive	N	SPE_A02473266	Cevipabulin	37.54	inactive
R4A_0001667_001					SPE_K20920669	CROMOLYN SODIUM	-1.95	inactive
R4A_0000438_001	SPE_K07359318	-0.077021311	inactive	N	SPE_K07359318	BENFOTIAMINE	-10.35	inactive
R4A_0001787_001	SPE_K99916169	-0.082091491	inactive	N	SPE_K99916169	GS-143	-5.6	inactive
R4A_0000098_001	SPE_K49389158	0.027885277	inactive	N	SPE_K49389158	WWL-113	-1.86	inactive
R4A_0000467_001	SPE_A64553394	-0.011928444	inactive	N	SPE_A64553394	SDZ-201 106 (+/-)	25.12	inactive
R4A_0004381_001	SPE_K46386702	0.017796009	inactive	N	SPE_K46386702	Varlitinib	9.37	inactive
R4A_0000765_001	SPE_K39983086	-0.140502204	inactive	N	SPE_K39983086	Loteprednol etabonate	-0.35	inactive
R4A_0000687_001	SPE_A12896037	0.021434287	inactive	N	SPE_A12896037	cisapride	6.26	inactive
R4A_0000489_001	SPE_A26095496	-0.001602736	inactive	N	SPE_A26095496	clobetasol-propionate	-4.27	inactive
R4A_0004260_001	SPE_K29656036	0.023449281	inactive	N	SPE_K29656036	MK-8245	-2.15	inactive
R4A_0004535_001	SPE_K05262258	-0.019466418	inactive	N	SPE_K05262258	TC-I-2014	-4.27	inactive
R4A_0005111_001	SPE_K48488978	0.837903365	active	Y	SPE_K48488978	YM201636	-3.95	inactive
R4A_0002847_001	SPE_K96342952	-0.037539544	inactive	N	SPE_K96342952	TOBRAMYCIN	-2.69	inactive
R4A_0001040_001	SPE_K56940463	0.505802754	inactive	N	SPE_K56940463	OXETHAZAINE	-3	inactive
R4A_0004839_001	SPE_K98179423	0.075242375	inactive	N	SPE_K98179423	C-021	18.52	inactive
R4A_0001370_001	SPE_K18036262	-0.106119362	inactive	N	SPE_K18036262	L-168049	-4.46	inactive
R4A_0004595_001	SPE_A35425966	-0.039634895	inactive	N	SPE_A35425966	CIQ	-4.92	inactive
R4A_0000549_001					SPE_A94624445	BUCLADESINE SODIUM	-5.79	inactive
R4A_0005475_001	SPE_K19061412	-0.017813393	inactive	N	SPE_K19061412	mubritinib	0.58	inactive
R4A_0001944_001	SPE_K62858456	0.057455842	inactive	N	SPE_K62858456	LOMERIZINE HYDROCHLORIDE	33.85	inactive
R4A_0002613_001	SPE_K07070922	0.06853767	inactive	N	SPE_K07070922	PF-03049423	2.28	inactive
R4A_0004741_001	SPE_K11452913	0.004276616	inactive	N	SPE_K11452913	Evatanepag	-1.66	inactive
R4A_0000381_001	SPE_A90625545	-0.140581714	inactive	N	SPE_A90625545	Clinofibrate	-7.93	inactive
R4A_0000022_001					SPE_K31385749	Ivabradine HCl (Procoralan)	0.57	inactive
R4A_0005173_001	SPE_K57090026	-0.045665466	inactive	N	SPE_K57090026	I-CBP-112	17.61	inactive
R4A_0000553_001	SPE_K44043890	0.053337842	inactive	N	SPE_K44043890	PK-THPP	-1.76	inactive
R4A_0002666_001	SPE_K74965187	-0.042638734	inactive	N	SPE_K74965187	COR-170	-2.74	inactive
R4A_0003091_001	SPE_K76594255	0.005912512	inactive	N	SPE_K76594255	Maropitant	1.79	inactive
R4A_0003244_001	SPE_K27182532	0.160985027	inactive	N	SPE_K27182532	BMS 794833	-3.79	inactive
R4A_0004394_001	SPE_K21025364	0.157620931	inactive	N	SPE_K21025364	NVP-TAE226	3.78	inactive
R4A_0003066_001	SPE_K22024824	-0.03815534	inactive	N	SPE_K22024824	RO4929097	-1.1	inactive
R4A_0002314_001	SPE_K47150025	0.016358643	inactive	N	SPE_K47150025	KI-8751	-1.97	inactive
R4A_0001924_001	SPE_K12184916	-0.060923355	inactive	N	SPE_K12184916	"Dactolisib (BEZ235, NVP-BEZ235)"	1.31	inactive
R4A_0002678_001	SPE_K14175878	0.090346776	inactive	N	SPE_K14175878	MK-0812 (Succinate)	7.4	inactive
R4A_0005373_001	SPE_K82894950	0.063384911	inactive	N	SPE_K82894950	AZD-8835	-0.52	inactive
R4A_0001562_001	SPE_K95926480	0.014112373	inactive	N	SPE_K95926480	SRT1720 HCl	-1.16	inactive
R4A_0002947_001	SPE_K64642496	0.014676031	inactive	N	SPE_K64642496	Ko 143	-1.42	inactive
R4A_0002572_001	SPE_K13314656	0.771657721	active	Y	SPE_K13314656	Ebastine	-10.44	inactive
R4A_0002455_001	SPE_K57169635	-0.122961168	inactive	N	SPE_K57169635	"Dacomitinib (PF299804, PF-00299804)"	19.42	inactive
R4A_0004048_001	SPE_K25630527	0.019794362	inactive	N	SPE_K25630527	Gandotinib (LY2784544)	12.97	inactive
R4A_0002791_001	SPE_M98649031	-0.078497825	inactive	N	SPE_M98649031	DIMENHYDRINATE	10.04	inactive
R4A_0004524_001	SPE_K90789829	-0.121369046	inactive	N	SPE_K90789829	NEFAZODONE HYDROCHLORIDE	6.52	inactive
R4A_0004518_001					SPE_A83802939	DEXAMETHASONE SODIUM PHOSPHATE	-3.97	inactive
R4A_0002815_001	SPE_K20285085	0.134013585	inactive	N	SPE_K20285085	R406(free base)	4.81	inactive
R4A_0002051_001	SPE_K64094723	-0.118101087	inactive	N	SPE_K64094723	Limonin	-6.19	inactive
R4A_0000798_001	SPE_K24556407	0.00910497	inactive	N	SPE_K24556407	ETP-46464	-10.48	inactive
R4A_0004017_001					SPE_K48470486	CEFMETAZOLE SODIUM	-3.31	inactive
R4A_0002775_001	SPE_K77060810	-0.009846698	inactive	N	SPE_K77060810	AZD1283	0.54	inactive
R4A_0002000_001	SPE_A93717708	0.328510104	inactive	N	SPE_A93717708	VUF11207 fumarate	37.94	inactive
R4A_0002629_001					SPE_K80535353	ENOXOLONE	-4.77	inactive
R4A_0000766_001	SPE_K49669041	-0.101237475	inactive	N	SPE_K49669041	BX-912	-3.46	inactive
R4A_0004559_001					SPE_A75919782	LEUCOVORIN CALCIUM	-2.25	inactive
R4A_0004559_002					SPE_K97009491	Calcium levofolinate (Calcium Folinate)	-7.53	inactive
R4A_0002379_001	SPE_K82804538	-0.062892507	inactive	N	SPE_K82804538	RO5126766 (CH5126766)	0.77	inactive
R4A_0001519_001	SPE_K82983861	0.002915717	inactive	N	SPE_K82983861	GW-0742	-1.52	inactive
R4A_0005112_001	SPE_K38168441	-0.089409989	inactive	N	SPE_K38168441	"BIBR 953 (Dabigatran etexilate, Pradaxa)"	-4.29	inactive
R4A_0004491_001	SPE_K55512740	0.066067302	inactive	N	SPE_K55512740	MK-8033	-1.67	inactive
R4A_0001574_001	SPE_K42009284	-0.024285721	inactive	N	SPE_K42009284	OT-R-antagonist-1	0.8	inactive
R4A_0004481_001					SPE_K64748124	GNTI	-0.46	inactive
R4A_0000264_001					SPE_K97452254	AMG 925	-2.27	inactive
R4A_0003191_001	SPE_K60020910	-0.043254024	inactive	N	SPE_K60020910	ML-277	2.21	inactive
R4A_0004909_001	SPE_K33067152	0.042538347	inactive	N	SPE_K33067152	INT-767	-1.93	inactive
R4A_0003287_001	SPE_K71315565	0.041959003	inactive	N	SPE_K71315565	MJ-15	-1.97	inactive
R4A_0004409_001	SPE_K59013864	-0.117890528	inactive	N	SPE_K59013864	AM-24	-4.04	inactive
R4A_0000477_001	SPE_K37952347	-0.096375413	inactive	N	SPE_K37952347	"L-732,138"	-3.02	inactive
R4A_0000672_001	SPE_K24452555	-0.057321499	inactive	N	SPE_K24452555	methylprednisolone-aceponate	-5.06	inactive
R4A_0002032_001	SPE_K63835048	-0.040556717	inactive	N	SPE_K63835048	Cefathiamidine	0.2	inactive
R4A_0003465_001	SPE_K53234107	-0.041822911	inactive	N	SPE_K53234107	IWP L6	3.58	inactive
R4A_0002411_001	SPE_K94832621	0.522181811	active	Y	SPE_K94832621	Y-134	-7.16	inactive
R4A_0001721_001					SPE_A40413915	NTNCB	47.19	inactive
R4A_0003558_001	SPE_K91135178	0.035697601	inactive	N	SPE_K91135178	MRS 2578	-6.72	inactive
R4A_0001247_001	SPE_A06352418	-0.002572451	inactive	N	SPE_A06352418	TERFENADINE	-4.73	inactive
R4A_0001353_001	SPE_K27885593	0.108251433	inactive	N	SPE_K27885593	Corosolic acid	-2.32	inactive
R4A_0000875_001	SPE_K70601687	0.152619237	inactive	N	SPE_K70601687	Enasidenib	-2.26	inactive
R4A_0004640_001					SPE_K56614220	CLOFAZIMINE	7.06	inactive
R4A_0000569_001	SPE_K67680372	0.07567279	inactive	N	SPE_K67680372	CI-966	-1.72	inactive
R4A_0003583_001					SPE_K97883416	Temsavir	-1	inactive
R4A_0001992_001					SPE_A40472231	Ertapenem sodium	-0.24	inactive
R4A_0003517_001	SPE_K27983781	-0.028595342	inactive	N	SPE_K27983781	MK-2894	0.39	inactive
R4A_0001659_001					SPE_A45044890	METHYLPREDNISOLONE SODIUM SUCCINATE	-6.49	inactive
R4A_0000582_001	SPE_K87512222	0.074084488	inactive	N	SPE_K87512222	Taltobulin (trifluoroacetate)	0.85	inactive
R4A_0003326_001	SPE_K59391348	-0.006393991	inactive	N	SPE_K59391348	lixivaptan	9.56	inactive
R4A_0000711_001	SPE_K98572433	-0.021035355	inactive	N	SPE_K98572433	AZD8931	27.22	inactive
R4A_0001080_001	SPE_A09487507	-0.057675122	inactive	N	SPE_A09487507	P7C3	-2.55	inactive
R4A_0000816_001	SPE_K24968862	0.048237662	inactive	N	SPE_K24968862	TR-14035	-1.59	inactive
R4A_0002467_001	SPE_K05531427	-0.026381572	inactive	N	SPE_K05531427	Briciclib	0.71	inactive
R4A_0003884_001	SPE_K68747584	0.190537191	inactive	N	SPE_K68747584	PF-03814735	2.85	inactive
R4A_0003986_001	SPE_K87956243	-0.104820637	inactive	N	SPE_K87956243	BMS-309403	-1.25	inactive
R4A_0003371_001	SPE_A78952587	-0.018295082	inactive	N	SPE_A78952587	A740003	-2	inactive
R4A_0004938_001	SPE_K07881437	0.015936337	inactive	N	SPE_K07881437	Danusertib (PHA-739358)	6.88	inactive
R4A_0003430_001	SPE_K50387473	-0.063013793	inactive	N	SPE_K50387473	XMD8-92	4.79	inactive
R4A_0000435_001					SPE_K96550715	LINAGLIPTIN	-1.31	inactive
R4A_0000389_001	SPE_K79759585	-0.065381027	inactive	N	SPE_K79759585	SILDENAFIL CITRATE	1.5	inactive
R4A_0003621_001	SPE_K34801930	-0.02086315	inactive	N	SPE_K34801930	SRT3190	-1.49	inactive
R4A_0003561_001	SPE_K77947974	0.081458502	inactive	N	SPE_K77947974	Fluspirilene	1.98	inactive
R4A_0005319_001	SPE_K04032780	0.017359332	inactive	N	SPE_K04032780	BMS-1	-1.58	inactive
R4A_0003300_001	SPE_K75528696	0.217230593	inactive	N	SPE_K75528696	PI4KIIIbeta-IN-10	9.51	inactive
R4A_0004361_001					SPE_K34321528	CGP-71683	41.12	inactive
R4A_0003107_001	SPE_K76197012	-0.04735746	inactive	N	SPE_K76197012	Ulipristal acetate	-0.56	inactive
R4A_0004178_001	SPE_K60230970	-0.004366473	inactive	N	SPE_K60230970	MG-132	5.65	inactive
R4A_0000155_001	SPE_K18424115	-0.129797213	inactive	N	SPE_K18424115	TG 100572 (Hydrochloride)	-2.38	inactive
R4A_0004240_001	SPE_K88677950	-0.125101926	inactive	N	SPE_K88677950	PD-198306	-3.74	inactive
R4A_0002291_001					SPE_A25988899	Tenofovir Alafenamide (GS-7340)	6.26	inactive
R4A_0004916_001	SPE_K89272869	0.004620556	inactive	N	SPE_K89272869	Nalfurafine (hydrochloride)	-1.52	inactive
R4A_0002730_001	SPE_K86932920	-0.055627547	inactive	N	SPE_K86932920	Bay 60-7550	0.34	inactive
R4A_0002523_001	SPE_K18530250	-0.115454295	inactive	N	SPE_K18530250	Mps-BAY-2a	-2.15	inactive
R4A_0004021_001					SPE_A80594172	BETAMETHASONE VALERATE	-2.17	inactive
R4A_0000961_001	SPE_K10784860	-0.135888705	inactive	N	SPE_K10784860	Temocapril HCl	-0.65	inactive
R4A_0000205_001	SPE_K08657056	-0.024174805	inactive	N	SPE_K08657056	WAY-207024	5.05	inactive
R4A_0002578_001					SPE_K91283740	UNC2025 (hydrochloride)	38.54	inactive
R4A_0003959_001	SPE_K15231341	-0.050005976	inactive	N	SPE_K15231341	(20S)-Protopanaxatriol	-1.48	inactive
R4A_0001372_001	SPE_K83963101	0.048015212	inactive	N	SPE_K83963101	MLN8054	-2.95	inactive
R4A_0002059_001	SPE_K95880107	-0.108605054	inactive	N	SPE_K95880107	PH-797804	-5.67	inactive
R4A_0002060_001	SPE_K73881242	-0.020635083	inactive	N	SPE_K73881242	Arbidol (hydrochloride)	13.1	inactive
R4A_0005448_001	SPE_K22421059	-0.04111398	inactive	N	SPE_K22421059	Ebrotidine	0.59	inactive
R4A_0001384_001	SPE_K91308639	-0.051201958	inactive	N	SPE_K91308639	ARN-509	0.9	inactive
R4A_0001962_001	SPE_K90382497	-0.071595088	inactive	N	SPE_K90382497	GW-843682X	-2.1	inactive
R4A_0003039_001	SPE_A74914197	-0.051862049	inactive	N	SPE_A74914197	Pralatrexate(Folotyn)	-4.66	inactive
R4A_0005031_001	SPE_K10859802	-0.053480489	inactive	N	SPE_K10859802	APD668	-2.41	inactive
R4A_0001280_001	SPE_K62196610	0.002381997	inactive	N	SPE_K62196610	AVN-944	-2.01	inactive
R4A_0002974_001	SPE_K82677201	-0.101103279	inactive	N	SPE_K82677201	Almitrine dimesilate	1.15	inactive
R4A_0004902_001	SPE_K82818427	0.114442475	inactive	N	SPE_K82818427	Batimastat (BB-94)	0.06	inactive
R4A_0004606_001					SPE_K10226125	AC1NDSS5	9.69	inactive
R4A_0000648_001					SPE_A41555725	CHLORTETRACYCLINE HYDROCHLORIDE	4.03	inactive
R4A_0001910_001	SPE_K50865540	-0.015139742	inactive	N	SPE_K50865540	PF-8380	4.78	inactive
R4A_0000605_001	SPE_M77041484	-0.042350354	inactive	N	SPE_M77041484	TBOA-(DL)	-1.22	inactive
R4A_0000263_001	SPE_K67173685	-0.007384599	inactive	N	SPE_K67173685	4E1RCat	0.54	inactive
R4A_0002541_001	SPE_K88854110	0.016444008	inactive	N	SPE_K88854110	Taprenepag	-0.8	inactive
R4A_0004492_001	SPE_K49702221	-0.038426833	inactive	N	SPE_K49702221	SNAP-94847	22.4	inactive
R4A_0004282_001	SPE_A60294240	-0.004018545	inactive	N	SPE_A60294240	tribenoside	-9.88	inactive
R4A_0001123_001	SPE_K05104363	-0.077451526	inactive	N	SPE_K05104363	CI-1040 (PD184352)	1.02	inactive
R4A_0000831_001					SPE_A87435144	AZD7545	2.45	inactive
R4A_0000905_001	SPE_K58810291	-0.025419679	inactive	N	SPE_K58810291	clobetasone-butyrate	-1.95	inactive
R4A_0003970_001					SPE_K81645297	NKP-1339	-2.33	inactive
R4A_0003930_001	SPE_K87665527	0.015931021	inactive	N	SPE_K87665527	A-784168	9.06	inactive
R4A_0004286_001	SPE_K20013301	-0.134733003	inactive	N	SPE_K20013301	LY411575	-2.55	inactive
R4A_0001107_001	SPE_K97233161	-0.021732195	inactive	N	SPE_K97233161	ABT-491	0.05	inactive
R4A_0005113_001	SPE_K19203487	-0.029406949	inactive	N	SPE_K19203487	Avosentan	-1.45	inactive
R4A_0004749_001	SPE_K86226872	-0.090659322	inactive	N	SPE_K86226872	APD597	-1.74	inactive
R4A_0001089_001	SPE_K38868394	0.069807431	inactive	N	SPE_K38868394	MK-0773	-2.39	inactive
R4A_0001092_001					SPE_K47000838	Cytochalasin B	28.28	inactive
R4A_0005057_001	SPE_K19669037	0.00115063	inactive	N	SPE_K19669037	GGTI298	2.98	inactive
R4A_0002282_001	SPE_A45107007	0.011834674	inactive	N	SPE_A45107007	salubrinal	-1.04	inactive
R4A_0003054_001	SPE_K28132190	-0.112104987	inactive	N	SPE_K28132190	NVS-PAK1-1	2.43	inactive
R4A_0004519_001	SPE_K35781423	0.049938355	inactive	N	SPE_K35781423	SANT-2	1.65	inactive
R4A_0005501_001	SPE_K34581968	-0.049897394	inactive	N	SPE_K34581968	BMS-536924	-0.86	inactive
R4A_0003256_001					SPE_A29125379	Uridine-5'-triphosphate?3Na	0.02	inactive
R4A_0005176_001	SPE_K83631119	0.04424409	inactive	N	SPE_K83631119	Paeoniflorin	-5.49	inactive
R4A_0003418_001					SPE_K24666289	Copanlisib	-1.26	inactive
R4A_0003926_001	SPE_K26026438	0.033691381	inactive	N	SPE_K26026438	Tucatinib	-7.95	inactive
R4A_0000412_001					SPE_K82941592	ROSUVASTATIN CALCIUM	-8.19	inactive
R4A_0005312_001	SPE_A26711594	0.09926824	inactive	N	SPE_A26711594	NICARDIPINE HYDROCHLORIDE	6.14	inactive
R4A_0003965_001	SPE_A88787317	-0.002672129	inactive	N	SPE_A88787317	KI-20227	5.17	inactive
R4A_0001505_001					SPE_A12077521	CEFEPIME HYDROCHLORIDE	-4.42	inactive
R4A_0002842_001					SPE_K28343777	20-Hydroxyecdysone	-4.97	inactive
R4A_0000808_001	SPE_K68358632	-0.023907771	inactive	N	SPE_K68358632	TCS-HDAC6-20b	6.93	inactive
R4A_0001937_001	SPE_K20239555	0.147258479	inactive	N	SPE_K20239555	A-887826	3.79	inactive
R4A_0003950_001	SPE_K23383398	0.056312109	inactive	N	SPE_K23383398	T-0901317	-1.73	inactive
R4A_0000919_001	SPE_A06629414	-0.046848589	inactive	N	SPE_A06629414	Silymarin (Silybin B)	-1.08	inactive
R4A_0002749_001	SPE_K97045029	-0.027681008	inactive	N	SPE_K97045029	Pranlukast	0.93	inactive
R4A_0000497_001	SPE_K04691817	0.099173118	inactive	N	SPE_K04691817	AGI-6780	12.86	inactive
R4A_0002138_001	SPE_A14941520	0.007904378	inactive	N	SPE_A14941520	Dofequidar (fumarate)	-1.9	inactive
R4A_0002710_001	SPE_K65576800	-0.014964656	inactive	N	SPE_K65576800	GW-803430	28.01	inactive
R4A_0003932_001	SPE_K80353138	-0.044969928	inactive	N	SPE_K80353138	SILIBININ	-5.32	inactive
R4A_0005168_001					SPE_K02703275	gedunin	4.73	inactive
R4A_0002070_001	SPE_K11267252	0.008940725	inactive	N	SPE_K11267252	CH5424802	2.32	inactive
R4A_0000198_001	SPE_A25687296	-0.132086177	inactive	N	SPE_A25687296	EMETINE DIHYDROCHLORIDE	7.6	inactive
R4A_0000990_001	SPE_K16730910	-0.089837035	inactive	N	SPE_K16730910	Regorafenib (BAY 73-4506)	-4.14	inactive
R4A_0004472_001	SPE_K13843533	0.069519976	inactive	N	SPE_K13843533	Amrubicin	-1.29	inactive
R4A_0003992_001	SPE_K73425385	-0.028332894	inactive	N	SPE_K73425385	BEKANAMYCIN SULFATE	-3.11	inactive
R4A_0000458_001	SPE_K14618467	-0.018822205	inactive	N	SPE_K14618467	IKK-16	-0.03	inactive
R4A_0002889_001	SPE_K85337334	0.032544604	inactive	N	SPE_K85337334	Otilonium Bromide	-2.34	inactive
R4A_0001254_001	SPE_K45385835	-0.045602707	inactive	N	SPE_K45385835	SX-011	-2.38	inactive
R4A_0003256_002	SPE_A89637065	-0.096316759	inactive	N	SPE_A89637065	Uridine triphosphate	-9.08	inactive
R4A_0003675_001	SPE_K61721596	-0.055375832	inactive	N	SPE_K61721596	JNJ-10397049	3.34	inactive
R4A_0005391_001	SPE_K67397687	0.01579358	inactive	N	SPE_K67397687	GPBAR-A	1.84	inactive
R4A_0005228_001	SPE_K76810206	0.096778041	inactive	N	SPE_K76810206	NICERGOLINE	-1.13	inactive
R4A_0003916_001					SPE_K08327065	KANAMYCIN A SULFATE	-2.05	inactive
R4A_0002765_001	SPE_K21070437	-0.010466162	inactive	N	SPE_K21070437	LY 3000328	-1.74	inactive
R4A_0002336_001	SPE_K44590731	-0.113651805	inactive	N	SPE_K44590731	TU-2100	0.16	inactive
R4A_0004995_001	SPE_A52922642	0.123420193	inactive	N	SPE_A52922642	(?)-Methoxyverapamil hydrochloride	6.5	inactive
R4A_0000170_001	SPE_K74363950	-0.050057599	inactive	N	SPE_K74363950	Aclidinium Bromide	-4.72	inactive
R4A_0000280_001					SPE_K65877271	Halobetasol Propionate	4.24	inactive
R4A_0004691_001					SPE_K05673000	DICLOXACILLIN SODIUM	-3.47	inactive
R4A_0004608_001	SPE_K19796430	0.139182342	inactive	N	SPE_K19796430	"LDE225 (NVP-LDE225, Erismodegib)"	-6.29	inactive
R4A_0001699_001	SPE_K81958169	0.057094966	inactive	N	SPE_K81958169	AZ5104	40.6	inactive
R4A_0002295_001	SPE_K26921335	0.100421785	inactive	N	SPE_K26921335	CP-640186 (hydrochloride)	4.89	inactive
R4A_0001798_001	SPE_K50891186	-0.040587647	inactive	N	SPE_K50891186	GR 103691	6.35	inactive
R4A_0004931_001	SPE_K77428767	0.061810739	inactive	N	SPE_K77428767	UNC0224	-1.66	inactive
R4A_0003094_001	SPE_K50168500	-0.1777584	inactive	N	SPE_K50168500	CI-1033 (Canertinib)	4.03	inactive
R4A_0002524_001	SPE_K42973005	-0.173552112	inactive	N	SPE_K42973005	CHIR-98014	-6.78	inactive
R4A_0000670_001	SPE_M36487418	0.288032734	inactive	N	SPE_M36487418	Vilanterol (trifenatate)	2.47	inactive
R4A_0000917_001	SPE_K60421517	0.007149022	inactive	N	SPE_K60421517	Olmutinib	37.84	inactive
R4A_0003902_001					SPE_A91728607	citicoline	10.24	inactive
R4A_0000277_001	SPE_K80639402	0.175677566	inactive	N	SPE_K80639402	SB-258585	16.42	inactive
R4A_0000218_001	SPE_A54228901	0.038548454	inactive	N	SPE_A54228901	SLV-319-(+/-)	-1.59	inactive
R4A_0000758_001					SPE_K53417444	OTSSP167 (hydrochloride)	-0.83	inactive
R4A_0005033_001	SPE_K66093087	-0.148247309	inactive	N	SPE_K66093087	FGIN-1-43	8.5	inactive
R4A_0002846_001	SPE_K57708067	-0.046112068	inactive	N	SPE_K57708067	TFC-007	-4.57	inactive
R4A_0004895_001	SPE_K56932272	-0.142809795	inactive	N	SPE_K56932272	BMS-566419	7.92	inactive
R4A_0005419_001	SPE_K88165431	-0.031748497	inactive	N	SPE_K88165431	GSK 3008348 (hydrochloride)	-0.91	inactive
R4A_0004939_001	SPE_K48963429	-0.053885491	inactive	N	SPE_K48963429	riodoxol	-3.72	inactive
R4A_0005318_001	SPE_K49328571	0.003770301	inactive	N	SPE_K49328571	Dasatinib	18	inactive
R4A_0003934_001	SPE_K13926615	0.01000948	inactive	N	SPE_K13926615	VARDENAFIL HYDROCHLORIDE	10.7	inactive
R4A_0005005_001	SPE_K83547600	0.025983192	inactive	N	SPE_K83547600	JNJ-47965567	6.86	inactive
R4A_0002020_001	SPE_K35079116	-0.075353594	inactive	N	SPE_K35079116	Asiatic acid	-2.77	inactive
R4A_0001374_001	SPE_A94323479	-0.019881583	inactive	N	SPE_A94323479	Ki16198	1.75	inactive
R4A_0004703_001	SPE_A46813902	0.26330026	inactive	N	SPE_A46813902	iododexetimide	30.21	inactive
R4A_0003297_001	SPE_K62965247	0.000418261	inactive	N	SPE_K62965247	Tipifarnib (Zarnestra)	21.98	inactive
R4A_0004821_001	SPE_K49246350	-0.009528012	inactive	N	SPE_K49246350	c-Kit-IN-1	-9.64	inactive
R4A_0003818_001					SPE_K17903788	CEFAMANDOLE NAFATE	-2.11	inactive
R4A_0004663_001	SPE_K50631926	0.055980639	inactive	N	SPE_K50631926	PIK-294	-0.88	inactive
R4A_0004434_001	SPE_K61691541	0.401392494	inactive	N	SPE_K61691541	Nirogacestat	2.75	inactive
R4A_0001216_001	SPE_K56343971	0.015538343	inactive	N	SPE_K56343971	Vemurafenib	-4.85	inactive
R4A_0003455_001	SPE_K60952143	0.534009714	active	Y	SPE_K60952143	SR-3306	5.71	inactive
R4A_0004685_001					SPE_K34776109	GLIMEPIRIDE	7.17	inactive
R4A_0000227_001	SPE_K37764012	-0.131542682	inactive	N	SPE_K37764012	PF-3758309	1.28	inactive
R4A_0002406_001	SPE_K50010139	-0.034067077	inactive	N	SPE_K50010139	Poziotinib (HM781-36B)	35.09	inactive
R4A_0001350_001	SPE_K79239947	-0.073536275	inactive	N	SPE_K79239947	PF-573228	-6.68	inactive
R4A_0004586_001	SPE_K78781788	0.413472822	inactive	N	SPE_K78781788	Barnidipine HCl	21.16	inactive
R4A_0001552_001	SPE_K62050508	-0.017755099	inactive	N	SPE_K62050508	Grapiprant	-1.88	inactive
R4A_0004156_001	SPE_K20545304	-0.03484971	inactive	N	SPE_K20545304	Bardoxolone; RTA 401	-1.94	inactive
R4A_0004978_001	SPE_K52762805	-0.022101574	inactive	N	SPE_K52762805	Epothilone D	1.1	inactive
R4A_0001197_001	SPE_K43471985	-0.13091411	inactive	N	SPE_K43471985	OTX015	16.08	inactive
R4A_0002116_001	SPE_A02743701	0.029781047	inactive	N	SPE_A02743701	cilnidipine	-3.49	inactive
R4A_0000084_001	SPE_K97963946	-0.011948384	inactive	N	SPE_K97963946	Tepotinib	2.15	inactive
R4A_0005314_001	SPE_K93442924	0.089243274	inactive	N	SPE_K93442924	vorapaxar	-3.79	inactive
R4A_0003341_001	SPE_K51143828	-0.052558965	inactive	N	SPE_K51143828	Lurasidone HCl	3.52	inactive
R4A_0002751_001	SPE_K02943813	-0.013725377	inactive	N	SPE_K02943813	Dasabuvir	1.09	inactive
R4A_0005424_001					SPE_K36927236	GLYBURIDE	-16.62	inactive
R4A_0005164_001	SPE_K05181084	0.62566653	active	Y	SPE_K05181084	NGB-2904	24.26	inactive
R4A_0004477_001	SPE_K47976015	0.080856319	inactive	N	SPE_K47976015	Balapiravir	-2.06	inactive
R4A_0004705_001	SPE_A15297126	-0.080831362	inactive	N	SPE_A15297126	FLUOCINONIDE	-3.35	inactive
R4A_0000391_001	SPE_A66869276	-0.046468229	inactive	N	SPE_A66869276	Diflorasone diacetate	-3.46	inactive
R4A_0004705_002	SPE_K68865937	-0.02862437	inactive	N	SPE_K68865937	Fluocinonide (Vanos)	-0.63	inactive
R4A_0003604_001	SPE_A15415227	-0.034920574	inactive	N	SPE_A15415227	GW-1929	-4.52	inactive
R4A_0002011_001	SPE_A50064262	-0.077381657	inactive	N	SPE_A50064262	FLUMETHAZONE PIVALATE	-3.06	inactive
R4A_0000870_001	SPE_K87454346	-0.035977259	inactive	N	SPE_K87454346	NVP-TNKS656	0.39	inactive
R4A_0001009_001	SPE_K85920262	0.294756433	inactive	N	SPE_K85920262	WAY-600	4.24	inactive
R4A_0001732_001	SPE_K72420232	-0.163693309	inactive	N	SPE_K72420232	WZ4002	-1.32	inactive
R4A_0001677_001	SPE_K22514639	0.058896803	inactive	N	SPE_K22514639	Nazartinib	37.9	inactive
R4A_0004107_001	SPE_K38003476	-0.018134887	inactive	N	SPE_K38003476	clocortolone-pivalate	-2.11	inactive
R4A_0005052_001	SPE_K83834509	-0.129775689	inactive	N	SPE_K83834509	PTC-209	-11.9	inactive
R4A_0001171_001	SPE_A31575449	0.008470476	inactive	N	SPE_A31575449	CGP-20712A	-1.92	inactive
R4A_0001666_001	SPE_K77008974	-0.123623609	inactive	N	SPE_K77008974	WYE-354	-3.74	inactive
R4A_0003312_001	SPE_K10906636	-0.037494028	inactive	N	SPE_K10906636	Silodosin	-1.36	inactive
R4A_0001854_001	SPE_K56405753	-0.055660413	inactive	N	SPE_K56405753	MK-2461	8.06	inactive
R4A_0005519_001	SPE_K84924479	0.544215284	active	Y	SPE_K84924479	Rec-15/2615	22.59	inactive
R4A_0000081_001					SPE_K63343048	ORLISTAT	-8.59	inactive
R4A_0002016_001					SPE_K96684644	"3,12-Bis(3-bromopropanoyl)-3,12-diaza-6,9-diazoniadispiro[5.2.5.2]hexadecane dichloride dichloride"	9.73	inactive
R4A_0003642_001	SPE_K21191422	0.047498635	inactive	N	SPE_K21191422	Selexipag	0.15	inactive
R4A_0004483_001	SPE_K08864679	-0.062254571	inactive	N	SPE_K08864679	fexaramine	-5.62	inactive
R4A_0003927_001	SPE_K45909031	-0.062346022	inactive	N	SPE_K45909031	WZ4003	-5.58	inactive
R4A_0003645_001	SPE_K57136142	-0.165141943	inactive	N	SPE_K57136142	CCT129202	-3.31	inactive
R4A_0004884_001	SPE_K69650333	0.095786814	inactive	N	SPE_K69650333	Idarubicin HCl	-10.64	inactive
R4A_0004777_001	SPE_K04972057	0.068781293	inactive	N	SPE_K04972057	I-BRD9	-2.06	inactive
R4A_0005502_001	SPE_K50653584	-0.134764868	inactive	N	SPE_K50653584	EG00229	3.71	inactive
R4A_0004028_001					SPE_K06900071	Tebipenem pivoxil (L-084)	-1.5	inactive
R4A_0000597_001	SPE_K89517477	-0.00459368	inactive	N	SPE_K89517477	TC-S-7004	-7.54	inactive
R4A_0002382_001	SPE_A96456596	-0.06386258	inactive	N	SPE_A96456596	FPL-55712	-5.36	inactive
R4A_0004379_001					SPE_K34441861	Moexipril Hydrochloride	0.49	inactive
R4A_0001647_001	SPE_K37385792	0.01323614	inactive	N	SPE_K37385792	Conivaptan HCl (Vaprisol)	15.44	inactive
R4A_0005202_001	SPE_K23228615	-0.059478069	inactive	N	SPE_K23228615	"Apitolisib (GDC-0980, RG7422)"	4.81	inactive
R4A_0004853_001	SPE_K68938568	0.181211604	inactive	N	SPE_K68938568	GDC-0152	-3.7	inactive
R4A_0004792_001	SPE_K92988025	-0.058738648	inactive	N	SPE_K92988025	1-Bromoperfluorooctane	-4.5	inactive
R4A_0004560_001	SPE_K48443249	-0.040344181	inactive	N	SPE_K48443249	CNX-774	0.98	inactive
R4A_0005178_001	SPE_K17513304	-0.062983924	inactive	N	SPE_K17513304	Firategrast	-0.72	inactive
R4A_0003217_001					SPE_K12614344	CGS 21680 HCl	-4.5	inactive
R4A_0003105_001	SPE_A66521565	-0.061582723	inactive	N	SPE_A66521565	TC-E-5006	4.63	inactive
R4A_0000847_001	SPE_K42805893	-0.010270111	inactive	N	SPE_K42805893	Osimertinib	38.08	inactive
R4A_0004908_001	SPE_K49554218	-0.046081085	inactive	N	SPE_K49554218	Carebastine	-7.29	inactive
R4A_0000324_001	SPE_K45245728	-0.116009857	inactive	N	SPE_K45245728	Tauroursodeoxy cholic acid dihydrate	3.34	inactive
R4A_0004800_001					SPE_K93725829	VX-11e	37.38	inactive
R4A_0000413_001	SPE_K32322923	0.122962539	inactive	N	SPE_K32322923	LPA2 antagonist 1	-1.09	inactive
R4A_0001165_001	SPE_K45168550	-0.096191712	inactive	N	SPE_K45168550	SB-756050	-6.24	inactive
R4A_0000356_001	SPE_K54256913	-0.030818111	inactive	N	SPE_K54256913	MK-1775	32.41	inactive
R4A_0002566_001	SPE_K15262564	-0.037530432	inactive	N	SPE_K15262564	Mupirocin	1.19	inactive
R4A_0004231_001	SPE_K08248804	0.367553495	inactive	N	SPE_K08248804	LCL161	5.58	inactive
R4A_0001682_001	SPE_K76725781	0.033034304	inactive	N	SPE_K76725781	ONO-8130	-7.13	inactive
R4A_0000166_001	SPE_K50699835	0.58023617	active	Y	SPE_K50699835	ELN-441958	49.75	inactive
R4A_0002371_001					SPE_K93480852	KN-93	13.57	inactive
R4A_0004748_001	SPE_K96159438	-0.101776318	inactive	N	SPE_K96159438	"Adefovir Dipivoxil (Preveon, Hepsera)"	-1.22	inactive
R4A_0001617_001	SPE_K09877029	-0.038562132	inactive	N	SPE_K09877029	PND-1186	10.62	inactive
R4A_0003099_001	SPE_K51544265	0.010961619	inactive	N	SPE_K51544265	cabozantinib	0.07	inactive
R4A_0002675_001	SPE_K50378376	0.058546539	inactive	N	SPE_K50378376	SR-3576	-5.83	inactive
R4A_0002981_001	SPE_K09443272	-0.017588552	inactive	N	SPE_K09443272	PHA-680632	3.48	inactive
R4A_0000118_001	SPE_K21586122	-0.054719466	inactive	N	SPE_K21586122	Fimasartan	0.5	inactive
R4A_0003864_001	SPE_A73368467	-0.086009889	inactive	N	SPE_A73368467	FEXOFENADINE HYDROCHLORIDE	-2.75	inactive
R4A_0003365_001	SPE_K67901620	0.010797938	inactive	N	SPE_K67901620	Avasimibe (CI-1011)	-7	inactive
R4A_0002238_001	SPE_K46648676	0.068109208	inactive	N	SPE_K46648676	gallium-triquinolin-8-olate	5.3	inactive
R4A_0004146_001					SPE_K42497885	Satraplatin	-1.8	inactive
R4A_0002213_001	SPE_K33864865	0.008158259	inactive	N	SPE_K33864865	LY225910	-2.01	inactive
R4A_0003230_001	SPE_K75114721	0.047140465	inactive	N	SPE_K75114721	"disodium 7,7'-(carbonyldiimino)bis(4-hydroxy-2-naphthalenesulfonate)"	-7.47	inactive
R4A_0004116_001	SPE_K35367061	-0.080076253	inactive	N	SPE_K35367061	LY223982	-4.54	inactive
R4A_0001654_001	SPE_A36010170	-0.004011776	inactive	N	SPE_A36010170	AMCINONIDE	-2.65	inactive
R4A_0001819_001	SPE_A24560335	-0.072237585	inactive	N	SPE_A24560335	Inolitazone (dihydrochloride)	-0.04	inactive
R4A_0003294_001	SPE_K96263742	-0.128082373	inactive	N	SPE_K96263742	GW-7647	-4.42	inactive
R4A_0005159_001	SPE_K33240821	-0.009326107	inactive	N	SPE_K33240821	Plerixafor	-2.03	inactive
R4A_0005478_001	SPE_A66116161	0.338895874	inactive	N	SPE_A66116161	AM-1241	36.37	inactive
R4A_0005325_001	SPE_K79259477	0.868081256	active	Y	SPE_K79259477	NVP-BHG712	-4.6	inactive
R4A_0000835_001	SPE_K46290096	-0.054589197	inactive	N	SPE_K46290096	Preladenant	0.68	inactive
R4A_0001752_001	SPE_K21728777	-0.114755769	inactive	N	SPE_K21728777	AMG 900	24.61	inactive
R4A_0002329_001	SPE_A03506276	0.203661447	inactive	N	SPE_A03506276	XL888	-8.13	inactive
R4A_0003686_001	SPE_K26667523	0.033196799	inactive	N	SPE_K26667523	TAK-733	3.44	inactive
R4A_0001870_001	SPE_K63533170	-0.025073464	inactive	N	SPE_K63533170	"AM-630, Iodopravadoline"	-2.66	inactive
R4A_0001071_001					SPE_A32796301	4-galactosyllactose	3.95	inactive
R4A_0000441_001					SPE_K29673530	Hypericin	-11.69	inactive
R4A_0000543_001					SPE_A66861218	"BETAMETHASONE 17,21-DIPROPIONATE"	-3.71	inactive
R4A_0001785_001	SPE_K86301799	-0.097485467	inactive	N	SPE_K86301799	DIPYRIDAMOLE	-1.93	inactive
R4A_0004708_001	SPE_K01683783	-0.065140541	inactive	N	SPE_K01683783	TAK-901	5.5	inactive
R4A_0004201_001					SPE_A34603619	tropesin	5.87	inactive
R4A_0004234_001	SPE_K52542745	-0.111321058	inactive	N	SPE_K52542745	Clindamycin phosphate	-1.73	inactive
R4A_0000459_001	SPE_K96259238	-0.151259713	inactive	N	SPE_K96259238	Y-320	3.85	inactive
R4A_0005406_001					SPE_A76560018	ADENOSINE TRIPHOSPHATE DISODIUM	6.44	inactive
R4A_0001146_001	SPE_K52256627	0.051595686	inactive	N	SPE_K52256627	CHLORHEXIDINE DIHYDROCHLORIDE	26.36	inactive
R4A_0003020_001	SPE_K13826399	0.128833183	inactive	N	SPE_K13826399	PD-156707	-3.57	inactive
R4A_0000526_001	SPE_K07972848	0.018265685	inactive	N	SPE_K07972848	"Omipalisib (GSK2126458, GSK458)"	-1.24	inactive
R4A_0003657_001	SPE_K97181463	-0.117797326	inactive	N	SPE_K97181463	Benidipine hydrochloride	8.13	inactive
R4A_0005183_001	SPE_K47827687	0.004579494	inactive	N	SPE_K47827687	Amprenavir	2.75	inactive
R4A_0003353_001	SPE_A33514596	0.005418892	inactive	N	SPE_A33514596	N-benzylnaltrindole	47.61	inactive
R4A_0004758_001	SPE_K22848513	-0.002298724	inactive	N	SPE_K22848513	Bardoxolone Methyl	-10.87	inactive
R4A_0002171_001	SPE_K95292280	-0.114783212	inactive	N	SPE_K95292280	SB-657510	0.95	inactive
R4A_0004572_001	SPE_K43410529	-0.024106621	inactive	N	SPE_K43410529	TAK-580	-1.48	inactive
R4A_0003322_001	SPE_K93788137	-0.137227329	inactive	N	SPE_K93788137	PF-431396	15.35	inactive
R4A_0002249_001					SPE_K14870255	Bemcentinib	32.11	inactive
R4A_0000887_001	SPE_K03601870	-0.106483374	inactive	N	SPE_K03601870	Ixabepilone	-0.28	inactive
R4A_0005308_001					SPE_K23190681	AV-412 (free base)	36.58	inactive
R4A_0002732_001	SPE_K99545815	0.068968139	inactive	N	SPE_K99545815	PF-00562271	41.65	inactive
R4A_0003653_001	SPE_K63923597	-0.065678824	inactive	N	SPE_K63923597	Barasertib (AZD1152-HQPA)	-2.36	inactive
R4A_0000262_001	SPE_K77987496	0.777590171	active	Y	SPE_K77987496	ITI214	37.47	inactive
R4A_0003598_001	SPE_K36740062	0.103706145	inactive	N	SPE_K36740062	GSK1070916	27.7	inactive
R4A_0003638_001					SPE_K68164687	"Patupilone (EPO906, Epothilone B)"	6.43	inactive
R4A_0004838_001					SPE_K33720171	Difluprednate	-0.93	inactive
R4A_0001930_001	SPE_K77638923	-0.053125602	inactive	N	SPE_K77638923	CUDC-907	-0.46	inactive
R4A_0005233_001	SPE_K34713073	-0.015559711	inactive	N	SPE_K34713073	PD-123319	-1.55	inactive
R4A_0002250_001	SPE_A10012892	-0.114766404	inactive	N	SPE_A10012892	Argatroban	-1.37	inactive
R4A_0003981_001					SPE_K26712974	Belnacasan (VX-765)	0.09	inactive
R4A_0001113_001	SPE_K24821794	-0.060762059	inactive	N	SPE_K24821794	SGC-CBP30	20	inactive
R4A_0004153_001	SPE_K72898849	0.115306315	inactive	N	SPE_K72898849	BLU9931	1.86	inactive
R4A_0004726_001	SPE_K86436199	-0.082829645	inactive	N	SPE_K86436199	Landiolol HCl	-3.76	inactive
R4A_0003830_001					SPE_K19388745	colforsin-daproate	4.63	inactive
R4A_0001995_001	SPE_K39841531	-0.078558714	inactive	N	SPE_K39841531	TG101209	21.77	inactive
R4A_0004743_001	SPE_K36802417	-0.038491924	inactive	N	SPE_K36802417	diiodothyropropionic-acid	-2.71	inactive
R4A_0005293_001	SPE_K61120504	-0.049809601	inactive	N	SPE_K61120504	NSC636819	-7.51	inactive
R4A_0001494_001	SPE_K31135544	-0.083617691	inactive	N	SPE_K31135544	IB-MECA	-1.53	inactive
R4A_0004298_001	SPE_K09090949	0.646832721	active	Y	SPE_K09090949	Otenabant	24.74	inactive
R4A_0001198_001	SPE_K78627070	0.169949424	inactive	N	SPE_K78627070	Altiratinib	-1.82	inactive
R4A_0002080_001					SPE_A22303829	cefuroxime-axetil	-4.17	inactive
R4A_0001064_001	SPE_K43578482	-0.003164197	inactive	N	SPE_K43578482	Defactinib	1.87	inactive
R4A_0000602_001	SPE_K88759641	-0.026473131	inactive	N	SPE_K88759641	EMD-66684	-1.64	inactive
R4A_0002622_001	SPE_K16295392	-0.069256816	inactive	N	SPE_K16295392	Atrasentan (hydrochloride)	0.36	inactive
R4A_0002318_001	SPE_A27883417	-0.023779342	inactive	N	SPE_A27883417	Alexidine dihydrochloride	46.94	inactive
R4A_0003204_001	SPE_K43106192	0.009841156	inactive	N	SPE_K43106192	GALLAMINE TRIETHIODIDE	-0.66	inactive
R4A_0003391_001	SPE_A71774530	-0.082418307	inactive	N	SPE_A71774530	LUFENURON	4.83	inactive
R4A_0002515_001	SPE_K94342292	0.031168935	inactive	N	SPE_K94342292	NS-11021	-0.44	inactive
R4A_0000692_001	SPE_A70998768	-0.112484893	inactive	N	SPE_A70998768	pinaverium	-2.75	inactive
R4A_0000674_001					SPE_K21372554	Cefetamet pivoxil (hydrochloride)	-0.22	inactive
R4A_0005257_001	SPE_K83029223	-0.02722077	inactive	N	SPE_K83029223	Litronesib	-1.01	inactive
R4A_0001414_001	SPE_A44696962	-0.106784251	inactive	N	SPE_A44696962	acetyl-11-keto-beta-boswellic-acid	-2.41	inactive
R4A_0001683_001	SPE_K13387373	0.794904701	active	Y	SPE_K13387373	thonzonium bromide	1.84	inactive
R4A_0001784_001	SPE_K02950022	-0.141697806	inactive	N	SPE_K02950022	BMS 299897	-2.3	inactive
R4A_0004084_001	SPE_K36529613	0.16416773	inactive	N	SPE_K36529613	PU-H71	-5.56	inactive
R4A_0001612_001	SPE_K93217218	-0.020512051	inactive	N	SPE_K93217218	PD-166285	24.22	inactive
R4A_0004117_001	SPE_K50498985	-0.079983876	inactive	N	SPE_K50498985	Taladegib	-2.91	inactive
R4A_0001453_001	SPE_K78055238	-0.179677457	inactive	N	SPE_K78055238	LY2090314	0.98	inactive
R4A_0000749_001	SPE_K84810405	-0.00884553	inactive	N	SPE_K84810405	Almorexant (hydrochloride)	1.25	inactive
R4A_0005389_001					SPE_K02554563	PF-05190457	-1.47	inactive
R4A_0001414_002	SPE_K54907283	-0.045961606	inactive	N	SPE_K54907283	AKBA	-0.39	inactive
R4A_0004498_001	SPE_K40738845	-0.093620806	inactive	N	SPE_K40738845	BMS 777607	-1.97	inactive
R4A_0005416_001	SPE_K17555800	-0.0687469	inactive	N	SPE_K17555800	talmapimod	-5.07	inactive
R4A_0000727_001	SPE_K57243773	-0.025169114	inactive	N	SPE_K57243773	FRAX486	-0.74	inactive
R4A_0005072_001	SPE_M65265990	-0.049387343	inactive	N	SPE_M65265990	Strontium Ranelate	-1.91	inactive
R4A_0003037_001	SPE_K72703948	-0.020785199	inactive	N	SPE_K72703948	ZM-447439	-3.61	inactive
R4A_0004912_001	SPE_K12787259	-0.129248175	inactive	N	SPE_K12787259	CX-5461	5.49	inactive
R4A_0002332_001	SPE_K52911425	0.639787271	active	Y	SPE_K52911425	Pictilisib (GDC-0941)	9.24	inactive
R4A_0002475_001	SPE_K05151076	-0.043882	inactive	N	SPE_K05151076	ZK-164015	-3.27	inactive
R4A_0000226_001	SPE_A73679382	-0.103152066	inactive	N	SPE_A73679382	MK-571 (sodium salt)	-1.04	inactive
R4A_0003776_001	SPE_K73999723	-0.014188705	inactive	N	SPE_K73999723	TELMISARTAN	-12.57	inactive
R4A_0001233_001	SPE_A04352665	-0.152922795	inactive	N	SPE_A04352665	Maraviroc	0.66	inactive
R4A_0003346_001	SPE_K25210703	-0.052548659	inactive	N	SPE_K25210703	AZD3965	0.28	inactive
R4A_0003457_001					SPE_K46970505	Cefozopran (hydrochloride)	-0.4	inactive
R4A_0000223_001	SPE_K79404599	-0.024437419	inactive	N	SPE_K79404599	Enzastaurin (LY317615)	-1.87	inactive
R4A_0000194_001	SPE_K74236984	-0.068988207	inactive	N	SPE_K74236984	UNC0321	0.39	inactive
R4A_0001598_001	SPE_A06935312	-0.115669065	inactive	N	SPE_A06935312	FUSIDIC ACID	-4.35	inactive
R4A_0004621_001	SPE_K81062487	-0.1259434	inactive	N	SPE_K81062487	Taurocholic acid	-2.23	inactive
R4A_0003536_001	SPE_K35169477	0.045465512	inactive	N	SPE_K35169477	Taranabant	1.28	inactive
R4A_0005245_001	SPE_K84034737	-0.118053783	inactive	N	SPE_K84034737	Dubermatinib	1.65	inactive
R4A_0003071_001	SPE_K92303087	0.063823578	inactive	N	SPE_K92303087	Oglemilast	-0.14	inactive
R4A_0003529_001	SPE_K78161388	-0.010187797	inactive	N	SPE_K78161388	TC-N-1752	-3.81	inactive
R4A_0001744_001					SPE_K86873305	PIPERACILLIN SODIUM	-2.05	inactive
R4A_0005122_001					SPE_K09436144	YM022	-5.95	inactive
R4A_0002107_001					SPE_K62384160	BAF312 (Siponimod)	-6.28	inactive
R4A_0002269_001	SPE_K48452630	-0.051614042	inactive	N	SPE_K48452630	SRT2104 (GSK2245840)	-7.93	inactive
R4A_0001181_001					SPE_K58122457	hesperadin	1.26	inactive
R4A_0001075_001	SPE_K72029282	-0.008001139	inactive	N	SPE_K72029282	PROBUCOL	-4.21	inactive
R4A_0005244_001	SPE_A66419424	-0.079394698	inactive	N	SPE_A66419424	Ixazomib Citrate (MLN9708)	-5.86	inactive
R4A_0002502_001	SPE_K15203492	-0.078695467	inactive	N	SPE_K15203492	Ixazomib citrate	-2.06	inactive
R4A_0004212_001					SPE_A27911617	AC-55541	-0.51	inactive
R4A_0004862_001	SPE_K26701552	-0.048613033	inactive	N	SPE_K26701552	Tegobuvir	-1.14	inactive
R4A_0000751_001	SPE_K20722021	-0.088528799	inactive	N	SPE_K20722021	CEP-32496	-6.16	inactive
R4A_0000671_001	SPE_K84925803	-0.032850363	inactive	N	SPE_K84925803	T-5224	0.52	inactive
R4A_0004226_001	SPE_K56277358	-0.154430193	inactive	N	SPE_K56277358	MGCD-265	0.11	inactive
R4A_0004077_001					SPE_K17930269	Retapamulin	12.91	inactive
R4A_0004649_001					SPE_K68795758	MRK-560	-0.57	inactive
R4A_0000745_001	SPE_K73132780	-0.088468439	inactive	N	SPE_K73132780	PYRONARIDINE TETRAPHOSPHATE	-2.34	inactive
R4A_0000034_001					SPE_K00077635	Estramustine Phosphate?Na	-4.08	inactive
R4A_0005089_001	SPE_K93123848	-0.107991838	inactive	N	SPE_K93123848	RAF265 (CHIR-265)	-4.12	inactive
R4A_0002004_001					SPE_A08899266	MOXALACTAM DISODIUM	-4.09	inactive
R4A_0002949_001	SPE_K51102532	-0.135851908	inactive	N	SPE_K51102532	SD-2590	-0.66	inactive
R4A_0003667_001	SPE_K22316123	-0.054202755	inactive	N	SPE_K22316123	BMS-983970	0.31	inactive
R4A_0003435_001	SPE_K19295594	0.003304282	inactive	N	SPE_K19295594	gossypol	-13.81	inactive
R4A_0001960_001					SPE_K77073709	cefminox	-0.25	inactive
R4A_0001835_001	SPE_K37590257	-0.080575727	inactive	N	SPE_K37590257	GSK256066	2.11	inactive
R4A_0005412_001	SPE_K75295174	-0.024420179	inactive	N	SPE_K75295174	MLN8237 (Alisertib)	2.58	inactive
R4A_0001850_001	SPE_K61868322	-0.036246154	inactive	N	SPE_K61868322	Tenofovir Disoproxil Fumarate	-1.1	inactive
R4A_0004002_001	SPE_K37848908	0.015210438	inactive	N	SPE_K37848908	Ceforanide	-2.42	inactive
R4A_0001904_001	SPE_K84996356	0.00014743	inactive	N	SPE_K84996356	AZD3514	-1.31	inactive
R4A_0000298_001	SPE_K09951645	0.064162577	inactive	N	SPE_K09951645	Dabrafenib (GSK2118436)	3.38	inactive
R4A_0002902_001	SPE_K48826825	-0.035393374	inactive	N	SPE_K48826825	S26948	0.06	inactive
R4A_0003526_001	SPE_A45498368	0.010852211	inactive	N	SPE_A45498368	WYE-125132	2.27	inactive
R4A_0002330_001	SPE_A09735281	-0.066716649	inactive	N	SPE_A09735281	Boceprevir	-2.27	inactive
R4A_0000541_001	SPE_K97025174	0.041000407	inactive	N	SPE_K97025174	Capadenoson	0.38	inactive
R4A_0003936_001	SPE_K45446451	0.244519683	inactive	N	SPE_K45446451	JZL184	-11.8	inactive
R4A_0002579_001	SPE_K97101532	-0.086646835	inactive	N	SPE_K97101532	VX-661	4.22	inactive
R4A_0002951_001					SPE_K28059174	INCB 3284	-6.31	inactive
R4A_0002951_002					SPE_K67628093	INCB 3284	-1.15	inactive
R4A_0003364_001	SPE_K23614267	-0.002536715	inactive	N	SPE_K23614267	GW-1100	-1.15	inactive
R4A_0004463_001	SPE_K17295893	-0.042488804	inactive	N	SPE_K17295893	Nastorazepide	-0.97	inactive
R4A_0001070_001	SPE_K73397362	-0.01365673	inactive	N	SPE_K73397362	Purmorphamine	-11.25	inactive
R4A_0004262_001	SPE_K26253904	-0.002824179	inactive	N	SPE_K26253904	NMS-873	9.92	inactive
R4A_0004889_001	SPE_K83720053	-0.020630215	inactive	N	SPE_K83720053	BMS-708163 (Avagacestat)	2.75	inactive
R4A_0002385_001	SPE_K93653303	0.086519374	inactive	N	SPE_K93653303	GW-5074	-2.07	inactive
R4A_0000739_001					SPE_A17407635	alclometasone-dipropionate	-10.28	inactive
R4A_0002217_001					SPE_K97810537	BECLOMETHASONE DIPROPIONATE	-1.07	inactive
R4A_0001791_001	SPE_K16758059	-0.035862942	inactive	N	SPE_K16758059	Perfluorotripropylamine	-3.2	inactive
R4A_0002256_001	SPE_K40870905	-0.078497908	inactive	N	SPE_K40870905	Zaurategrast	-1.64	inactive
R4A_0004740_001					SPE_A01139232	MOMETASONE FUROATE	-4.87	inactive
R4A_0000203_001					SPE_K73197500	PF-04929113 (SNX-5422)	1.95	inactive
R4A_0003788_001	SPE_K19316653	-0.081695315	inactive	N	SPE_K19316653	WIKI4	-1.09	inactive
R4A_0003472_001	SPE_A06784547	-0.024125807	inactive	N	SPE_A06784547	MRS1334	-1.26	inactive
R4A_0005388_001	SPE_K37910175	-0.010041334	inactive	N	SPE_K37910175	Cefoselis sulfate	-5.46	inactive
R4A_0003010_001					SPE_K44974079	Ticagrelor	-1.6	inactive
R4A_0001734_001	SPE_K55216666	-0.047846237	inactive	N	SPE_K55216666	TCS-2314	-2.44	inactive
R4A_0005454_001	SPE_K79608170	-0.058539844	inactive	N	SPE_K79608170	TC-NTR1-17	-4.8	inactive
R4A_0005315_001	SPE_K21017401	-0.13824651	inactive	N	SPE_K21017401	CEFTIOFUR HYDROCHLORIDE	-6.25	inactive
R4A_0002555_001					SPE_A30403214	1-O-Octadecyl-2-O-methyl-sn-glycero-3-phosphorylcholine	7.43	inactive
R4A_0002324_001	SPE_K59271229	0.038153899	inactive	N	SPE_K59271229	elinogrel	-3.3	inactive
R4A_0002517_001	SPE_K15409150	0.116342875	inactive	N	SPE_K15409150	PENFLURIDOL	36.19	inactive
R4A_0001688_001	SPE_K81405859	0.014223177	inactive	N	SPE_K81405859	JTE-607	-2.45	inactive
R4A_0004989_001	SPE_K08251020	0.023888964	inactive	N	SPE_K08251020	Falecalcitriol	0.82	inactive
R4A_0005208_001	SPE_K04374714	-0.054141047	inactive	N	SPE_K04374714	AMG-PERK-44	-1.64	inactive
R4A_0000478_001	SPE_K58501140	-0.043164812	inactive	N	SPE_K58501140	TAK-875	-1.57	inactive
R4A_0002950_001	SPE_K81694556	-0.014258472	inactive	N	SPE_K81694556	VTP-27999 (Hydrochloride)	0.92	inactive
R4A_0000858_001	SPE_K29328421	-0.047671147	inactive	N	SPE_K29328421	GSK9027	-1.55	inactive
R4A_0000499_001	SPE_K70463136	-0.073009182	inactive	N	SPE_K70463136	BAY 87-2243	-1.58	inactive
R4A_0001062_001	SPE_K22822991	-0.013478657	inactive	N	SPE_K22822991	Odanacatib (MK 0822)	1.59	inactive
R4A_0003648_001	SPE_K02275692	-0.027095724	inactive	N	SPE_K02275692	Cefotiam (hydrochloride)	0.61	inactive
R4A_0000561_001	SPE_K49461364	-0.067903413	inactive	N	SPE_K49461364	TCS-21311	11.33	inactive
R4A_0000976_001	SPE_K21867462	0.022265889	inactive	N	SPE_K21867462	GSK126	-1.29	inactive
R4A_0001452_001	SPE_K72293620	0.522232626	active	Y	SPE_K72293620	GSK503	33.79	inactive
R4A_0002222_001	SPE_K11641193	-0.07145365	inactive	N	SPE_K11641193	SR-2211	-1.43	inactive
R4A_0004074_001	SPE_K43389675	0.024113612	inactive	N	SPE_K43389675	daunorubicin	6.36	inactive
R4A_0001486_001	SPE_K27539181	0.070868161	inactive	N	SPE_K27539181	ML-193	-2.6	inactive
R4A_0001625_001					SPE_K70557564	LY335979 (Zosuquidar trihydrochloride)	25.53	inactive
R4A_0002369_001	SPE_K80396088	-0.06585576	inactive	N	SPE_K80396088	Gliquidone	-8.43	inactive
R4A_0001351_001	SPE_K09456915	-0.063051398	inactive	N	SPE_K09456915	Gemcitabine (elaidate)	-0.7	inactive
R4A_0002690_001	SPE_K74065929	-0.037985514	inactive	N	SPE_K74065929	BIRB 796 (Doramapimod)	-0.6	inactive
R4A_0002008_001	SPE_K28984613	-0.071650348	inactive	N	SPE_K28984613	Dutasteride	-3.63	inactive
R4A_0004425_001	SPE_K49900195	0.017923079	inactive	N	SPE_K49900195	WYE-687	24.21	inactive
R4A_0004296_001	SPE_K44771174	0.08120007	inactive	N	SPE_K44771174	Ibutamoren (Mesylate)	0.41	inactive
R4A_0002328_001	SPE_K97181972	-0.02407775	inactive	N	SPE_K97181972	CPI-169	0.19	inactive
R4A_0004799_001	SPE_K53600683	0.796907167	active	Y	SPE_K53600683	tabimorelin fumarate	4.05	inactive
R4A_0000873_001	SPE_A58804007	0.113562193	inactive	N	SPE_A58804007	Lumefantrine	-0.63	inactive
R4A_0003172_001					SPE_K05419687	PSB-603	-1.38	inactive
R4A_0004125_001	SPE_K05674516	-0.060727384	inactive	N	SPE_K05674516	PSI-7976	0.21	inactive
R4A_0001375_001	SPE_K81528515	-0.106368874	inactive	N	SPE_K81528515	Nilotinib (AMN-107)	-4.08	inactive
R4A_0001268_001	SPE_K98963219	-0.046040507	inactive	N	SPE_K98963219	Ezatiostat	-1.89	inactive
R4A_0003338_001	SPE_K83189926	0.028368698	inactive	N	SPE_K83189926	UNC1215	4.66	inactive
R4A_0005281_001					SPE_K58951486	ROCURONIUM BROMIDE	-4.38	inactive
R4A_0001382_001	SPE_K12198961	0.03456835	inactive	N	SPE_K12198961	G007-LK	-0.08	inactive
R4A_0001253_001	SPE_K80859331	0.015509711	inactive	N	SPE_K80859331	haloperidol-decanoate	0.73	inactive
R4A_0001224_001					SPE_A26049141	Hygromycin B	-4.79	inactive
R4A_0002443_001	SPE_K07106112	-0.051220086	inactive	N	SPE_K07106112	BMS-599626	42.86	inactive
R4A_0001602_001	SPE_K64636206	-0.081580173	inactive	N	SPE_K64636206	D-alpha-Tocopheryl Succinate	1.74	inactive
R4A_0004953_001	SPE_A38350138	0.016695449	inactive	N	SPE_A38350138	KETOCONAZOLE	-2.23	inactive
R4A_0004110_001					SPE_A86462796	Cefsulodin (sodium)	4.59	inactive
R4A_0001308_001	SPE_K96358241	-0.121768061	inactive	N	SPE_K96358241	Harringtonine	-10.07	inactive
R4A_0002565_001	SPE_K82967685	0.035579261	inactive	N	SPE_K82967685	Mirodenafil (dihydrochloride)	10.71	inactive
R4A_0001204_001	SPE_K45906612	0.740168435	active	Y	SPE_K45906612	Presatovir	20.59	inactive
R4A_0002121_001	SPE_K51899933	-0.016451471	inactive	N	SPE_K51899933	Azeliragon	1.11	inactive
R4A_0000366_001					SPE_K07400595	TERCONAZOLE	3.2	inactive
R4A_0003496_001	SPE_K83699324	-0.097474203	inactive	N	SPE_K83699324	NMS-1286937	-0.49	inactive
R4A_0004174_001	SPE_K35329391	-0.038277796	inactive	N	SPE_K35329391	GZD824 Dimesylate	6.57	inactive
R4A_0003276_001	SPE_K44227013	-0.093722054	inactive	N	SPE_K44227013	Ponatinib (AP24534)	11.41	inactive
R4A_0001551_001	SPE_K06749501	0.495026996	inactive	N	SPE_K06749501	GSK1838705A	-11.31	inactive
R4A_0004101_001	SPE_A36331462	-0.037136497	inactive	N	SPE_A36331462	Oprozomib (ONX 0912)	-1.49	inactive
R4A_0000581_001	SPE_K84748119	0.019983371	inactive	N	SPE_K84748119	Vicriviroc (maleate)	2.88	inactive
R4A_0000181_001					SPE_K65170927	Aprepitant (MK-0869)	2.55	inactive
R4A_0004874_001	SPE_K17480742	0.051002962	inactive	N	SPE_K17480742	Delamanid	-2.16	inactive
R4A_0000380_001	SPE_K29415052	0.019752393	inactive	N	SPE_K29415052	NVP-BGT226	5.95	inactive
R4A_0002184_001	SPE_K55781385	-0.026013237	inactive	N	SPE_K55781385	Rimegepant	-1.5	inactive
R4A_0002220_001	SPE_A30000356	0.101332851	inactive	N	SPE_A30000356	A12B4C3	-1.8	inactive
R4A_0005286_001	SPE_K19975102	0.442080329	inactive	N	SPE_K19975102	GNF-5837	-8.35	inactive
R4A_0004209_001					SPE_K27382019	"1,3-Bis[4-(7-chloro-4-quinolinyl)-1-piperazinyl]propane tetraphosphate tetrahydrate"	6.97	inactive
R4A_0001848_001					SPE_A53836783	ANTIMONY POTASSIUM TARTRATE TRIHYDRATE	-8.7	inactive
R4A_0002855_001	SPE_K94853001	-0.04688821	inactive	N	SPE_K94853001	Mps1-IN-1	-2.59	inactive
R4A_0002339_001	SPE_K85649978	-0.021755572	inactive	N	SPE_K85649978	BMS-688521	-0.07	inactive
R4A_0003002_001	SPE_K43905307	-0.023571428	inactive	N	SPE_K43905307	"L-798,106"	-0.88	inactive
R4A_0003012_001	SPE_K34538779	-0.064479143	inactive	N	SPE_K34538779	??-Carotene	0.47	inactive
R4A_0000690_001	SPE_K66998413	-0.083820726	inactive	N	SPE_K66998413	EB-47	-2	inactive
R4A_0003087_001	SPE_K11292736	-0.007076654	inactive	N	SPE_K11292736	ambenonium	-0.68	inactive
R4A_0004965_001	SPE_K32101625	-0.064985465	inactive	N	SPE_K32101625	LX-1031	-3.18	inactive
R4A_0001272_001	SPE_K52644305	-0.01093469	inactive	N	SPE_K52644305	ML-786	28.92	inactive
R4A_0005203_001					SPE_K45114938	Mezlocillin Sodium	-2.91	inactive
R4A_0000410_001	SPE_K68633027	0.182114967	inactive	N	SPE_K68633027	SB-706375	2.45	inactive
R4A_0003269_001	SPE_K49468759	0.332241579	inactive	N	SPE_K49468759	Cot inhibitor-2	9.34	inactive
R4A_0005082_001	SPE_K36062294	-0.090529785	inactive	N	SPE_K36062294	APRAMYCIN SULFATE	5.54	inactive
R4A_0001179_001	SPE_K21782625	0.17510016	inactive	N	SPE_K21782625	AMG458	-2.93	inactive
R4A_0005086_001					SPE_K49075727	Nintedanib (BIBF 1120)	2.32	inactive
R4A_0005433_001	SPE_K57754230	0.556253199	active	Y	SPE_K57754230	EPZ005687	17.11	inactive
R4A_0004831_001	SPE_K69070623	0.257677986	inactive	N	SPE_K69070623	EPZ004777	-10.55	inactive
R4A_0000570_001					SPE_A56085258	Encorafenib (LGX818)	6.64	inactive
R4A_0003711_001					SPE_A00842753	Oleuropein	-1.62	inactive
R4A_0000867_001	SPE_A65872513	-0.022036162	inactive	N	SPE_A65872513	Cefonicid (sodium)	0.51	inactive
R4A_0002445_001					SPE_K35245662	Ciclesonide	-8.83	inactive
R4A_0003049_001	SPE_K61397605	-0.034819007	inactive	N	SPE_K61397605	Romidepsin	-1.23	inactive
R4A_0003506_001	SPE_K49456274	-0.042658054	inactive	N	SPE_K49456274	Pilaralisib	-0.79	inactive
R4A_0005284_001	SPE_K53723268	-0.030082777	inactive	N	SPE_K53723268	PLX8394	-1.19	inactive
R4A_0000474_001	SPE_K88186167	-0.01890609	inactive	N	SPE_K88186167	GW-4064	-2.39	inactive
R4A_0005254_001	SPE_K13756951	-0.084105752	inactive	N	SPE_K13756951	Bitopertin	0.3	inactive
R4A_0000134_001	SPE_K56844688	-0.022081723	inactive	N	SPE_K56844688	Epirubicin Hydrochloride	4.45	inactive
R4A_0000134_002	SPE_K92093830	0.014460075	inactive	N	SPE_K92093830	doxorubicin	-5.89	inactive
R4A_0003417_001					SPE_A94640958	Autotaxin modulator 1	-0.12	inactive
R4A_0005270_001	SPE_K96631475	-0.059844415	inactive	N	SPE_K96631475	10-DAB (10-Deacetylbaccatin)	-5.35	inactive
R4A_0005006_001	SPE_K50005760	-0.092184424	inactive	N	SPE_K50005760	GW-627368	-1.28	inactive
R4A_0001689_001	SPE_K52396582	-0.028992965	inactive	N	SPE_K52396582	CF102	0.72	inactive
R4A_0000821_001	SPE_K84892605	-0.103767663	inactive	N	SPE_K84892605	IOWH 032	-10.99	inactive
R4A_0000299_001	SPE_K24869513	-0.016702027	inactive	N	SPE_K24869513	CNX-2006	19.08	inactive
R4A_0003550_001	SPE_K31476763	-0.093742153	inactive	N	SPE_K31476763	Alvelestat	0.22	inactive
R4A_0001535_001	SPE_K76674262	0.047026118	inactive	N	SPE_K76674262	homoharringtonine	-2.84	inactive
R4A_0004948_001	SPE_K20986415	0.055842605	inactive	N	SPE_K20986415	RGB-286638 (free base)	-0.74	inactive
R4A_0000755_001	SPE_K34843150	-0.020051711	inactive	N	SPE_K34843150	Aprocitentan	-0.48	inactive
R4A_0003132_001					SPE_K52117081	ceftazidime	-4.47	inactive
R4A_0000659_001	SPE_K05858796	-0.055470846	inactive	N	SPE_K05858796	Iinerixibat	-0.48	inactive
R4A_0003619_001	SPE_K08534264	-0.024578634	inactive	N	SPE_K08534264	LY393558	31.35	inactive
R4A_0003782_001	SPE_K60130390	1.112809901	active	Y	SPE_K60130390	UNC0642	8.94	inactive
R4A_0004522_001	SPE_K01174345	0.276576145	inactive	N	SPE_K01174345	Anamorelin	-0.2	inactive
R4A_0005136_001	SPE_K18772613	-0.010316344	inactive	N	SPE_K18772613	benzoquinonium-dibromide	1.27	inactive
R4A_0000352_001	SPE_A25004090	-0.014985557	inactive	N	SPE_A25004090	Erastin	-9.74	inactive
R4A_0004120_001	SPE_K69075588	-0.047294379	inactive	N	SPE_K69075588	GNF-7	-0.23	inactive
R4A_0000546_001	SPE_K84986517	-0.015780903	inactive	N	SPE_K84986517	Darunavir Ethanolate (Prezista)	-0.86	inactive
R4A_0003918_001	SPE_K36016295	0.150703372	inactive	N	SPE_K36016295	KU-60019	4.24	inactive
R4A_0005513_001	SPE_K80343549	-0.070248729	inactive	N	SPE_K80343549	TAK-285	19.04	inactive
R4A_0001364_001					SPE_K29322660	Edoxaban	-7.24	inactive
R4A_0002325_001	SPE_K35772771	-0.249769213	inactive	N	SPE_K35772771	CaMKII-IN-1	-0.11	inactive
R4A_0001706_001	SPE_A36057565	-0.132183584	inactive	N	SPE_A36057565	Bruceantin	-3.12	inactive
R4A_0001451_001					SPE_K94455792	ICG-001	-10.91	inactive
R4A_0003308_001					SPE_A72716251	Peruvoside	-16.77	inactive
R4A_0004102_001	SPE_K46734292	-0.024551055	inactive	N	SPE_K46734292	KML29	-0.06	inactive
R4A_0003964_001	SPE_K36617478	-0.046136592	inactive	N	SPE_K36617478	Thymol iodide	1.31	inactive
R4A_0004752_001	SPE_K69624312	0.87788291	active	Y	SPE_K69624312	CUR-61414	37.27	inactive
R4A_0005491_001	SPE_K04568635	-0.033809944	inactive	N	SPE_K04568635	Octenidine Dihydrochloride	25.92	inactive
R4A_0001122_001	SPE_K03289018	-0.018395371	inactive	N	SPE_K03289018	CCT137690	-0.42	inactive
R4A_0001161_001	SPE_K74763371	0.043719676	inactive	N	SPE_K74763371	Bosentan Hydrate	-4.54	inactive
R4A_0004386_001	SPE_K30020243	-0.079638112	inactive	N	SPE_K30020243	ALISKIREN HEMIFUMARATE	2.65	inactive
R4A_0003492_001	SPE_K18961567	0.019532698	inactive	N	SPE_K18961567	Merestinib	2.44	inactive
R4A_0004403_001					SPE_K96734425	CEFTRIAXONE SODIUM TRIHYDRATE	-8.18	inactive
R4A_0001286_001	SPE_K72280606	0.037081304	inactive	N	SPE_K72280606	Gilteritinib	1.5	inactive
R4A_0000174_001	SPE_K38793468	-0.032643552	inactive	N	SPE_K38793468	TAK-220	-1.51	inactive
R4A_0005496_001	SPE_K98710228	-0.09561535	inactive	N	SPE_K98710228	Cot inhibitor-1	2.55	inactive
R4A_0002202_001	SPE_K67482377	-0.01442511	inactive	N	SPE_K67482377	Itacitinib	0.26	inactive
R4A_0004034_001	SPE_K07788774	-0.034580293	inactive	N	SPE_K07788774	NTRC-824	-8.25	inactive
R4A_0004814_001	SPE_K76694128	-0.053686996	inactive	N	SPE_K76694128	DCC-2036 (Rebastinib)	40.5	inactive
R4A_0000355_001	SPE_K20742498	-0.091156197	inactive	N	SPE_K20742498	RS-39604	23.64	inactive
R4A_0003061_001	SPE_K31866293	0.014453475	inactive	N	SPE_K31866293	TAK-632	-9.62	inactive
R4A_0003744_001					SPE_A96383502	Omaveloxolone (RTA-408)	-22.09	inactive
R4A_0002704_001	SPE_A43930669	0.367674334	inactive	N	SPE_A43930669	L-368899	-1.46	inactive
R4A_0001640_001	SPE_K87973152	-0.036446794	inactive	N	SPE_K87973152	RQ-00203078	-2.16	inactive
R4A_0004243_001	SPE_K88154110	-0.07236799	inactive	N	SPE_K88154110	KB-SRC-4	0.23	inactive
R4A_0000448_001	SPE_K92000912	-0.030680744	inactive	N	SPE_K92000912	AM-251	-2.72	inactive
R4A_0002945_001	SPE_K20093108	-0.020783713	inactive	N	SPE_K20093108	BMS-587101	0.21	inactive
R4A_0001255_001	SPE_K18834913	0.003357202	inactive	N	SPE_K18834913	LB42708	-0.05	inactive
R4A_0003613_001					SPE_K90817094	Bedaquiline	18.74	inactive
R4A_0001492_001	SPE_K33610132	0.199816124	inactive	N	SPE_K33610132	"Rociletinib (CO-1686, AVL-301)"	32.49	inactive
R4A_0000743_001	SPE_K94083718	0.376246998	inactive	N	SPE_K94083718	OICR-9429	-0.45	inactive
R4A_0001403_001	SPE_A50737080	-0.053840437	inactive	N	SPE_A50737080	CGK-733	38	inactive
R4A_0005504_001	SPE_K32330832	0.139840512	inactive	N	SPE_K32330832	VER-155008	1.67	inactive
R4A_0002214_001	SPE_K11256763	-0.076420064	inactive	N	SPE_K11256763	niceritrol	-4.07	inactive
R4A_0002390_001	SPE_K53405000	0.232646465	inactive	N	SPE_K53405000	Pexmetinib (ARRY-614)	6.1	inactive
R4A_0001828_001					SPE_A72591750	Omadacycline (hydrochloride)	0.32	inactive
R4A_0001199_001	SPE_K46416130	0.003151251	inactive	N	SPE_K46416130	Acetrizoic acid	0.28	inactive
R4A_0003064_001	SPE_K59853741	0.002165541	inactive	N	SPE_K59853741	Q-203	0.2	inactive
R4A_0002009_001	SPE_K85606544	0.014259743	inactive	N	SPE_K85606544	Neratinib (HKI-272)	0.53	inactive
R4A_0000089_001	SPE_K59419204	-0.052729863	inactive	N	SPE_K59419204	AM-281	-3.78	inactive
R4A_0003475_001	SPE_K06817181	-0.071493456	inactive	N	SPE_K06817181	"1,2,3,4,5,6-hexabromocyclohexane"	-2.01	inactive
R4A_0000238_001	SPE_K66911501	-0.015731274	inactive	N	SPE_K66911501	MK-3207 (Hydrochloride)	-1.44	inactive
R4A_0002436_001					SPE_A34205213	cefpodoxime	0.23	inactive
R4A_0001882_001	SPE_K57011718	0.063190435	inactive	N	SPE_K57011718	UK-356618	1.87	inactive
R4A_0002700_001	SPE_A67976398	-0.132409164	inactive	N	SPE_A67976398	DQP-1105	-1.83	inactive
R4A_0004326_001	SPE_K78485176	-0.072439923	inactive	N	SPE_K78485176	OLMESARTAN MEDOXOMIL	11.12	inactive
R4A_0000799_001					SPE_M87846614	GADOTERIDOL	-2.95	inactive
R4A_0000753_001	SPE_K66097663	0.548487731	active	Y	SPE_K66097663	TMC353121	37.52	inactive
R4A_0002895_001	SPE_K43812936	-0.106179152	inactive	N	SPE_K43812936	Empesertib	0.09	inactive
R4A_0001251_001	SPE_K22000702	0.163507942	inactive	N	SPE_K22000702	BMS-470539	-0.56	inactive
R4A_0003425_001	SPE_K42728290	-0.076925095	inactive	N	SPE_K42728290	BGJ398 (NVP-BGJ398)	3.12	inactive
R4A_0001719_001	SPE_K44715996	0.080981411	inactive	N	SPE_K44715996	LDC1267	1.02	inactive
R4A_0003603_001	SPE_K43570081	-0.007509331	inactive	N	SPE_K43570081	Geldanamycin	-2.67	inactive
R4A_0000629_001	SPE_K93918653	-0.143377221	inactive	N	SPE_K93918653	Quizartinib (AC220)	0.02	inactive
R4A_0004196_001					SPE_K09821361	deferoxamine-mesylate	-0.4	inactive
R4A_0005070_001	SPE_A57798112	-0.057377858	inactive	N	SPE_A57798112	PD318088	4.38	inactive
R4A_0003402_001	SPE_K96424892	-0.097703226	inactive	N	SPE_K96424892	CHLORAMPHENICOL PALMITATE	-1.35	inactive
R4A_0001590_001					SPE_A16035238	MI-773 (SAR405838)	29.62	inactive
R4A_0000338_001					SPE_K68870568	Flumatinib (mesylate)	9.33	inactive
R4A_0000327_001					SPE_A51382177	Fosinopril sodium (Monopril)	-3.03	inactive
R4A_0002193_001					SPE_K26813314	PROTOPORPHYRIN IX	-3.32	inactive
R4A_0001994_001	SPE_K15819326	0.04891246	inactive	N	SPE_K15819326	AC-710	1.64	inactive
R4A_0004387_001	SPE_K89162000	0.867993378	active	Y	SPE_K89162000	Tandutinib (MLN518)	23.03	inactive
R4A_0002470_001	SPE_K26531771	-0.015081339	inactive	N	SPE_K26531771	Pinometostat (EPZ5676)	-3.75	inactive
R4A_0002307_001	SPE_K26619122	-0.102375727	inactive	N	SPE_K26619122	thiocolchicoside	-10.78	inactive
R4A_0003142_001	SPE_K88807631	-0.04377544	inactive	N	SPE_K88807631	Elacridar	-2.1	inactive
R4A_0005467_001	SPE_K54936858	0.322485009	inactive	N	SPE_K54936858	DMP 777	29.82	inactive
R4A_0001465_001	SPE_K69351586	-0.006774204	inactive	N	SPE_K69351586	CUDC-427	1.46	inactive
R4A_0002373_001					SPE_K33813875	Valnemulin HCl	22	inactive
R4A_0000958_001	SPE_K64538373	0.00803256	inactive	N	SPE_K64538373	RO4987655	-1.3	inactive
R4A_0004513_001	SPE_K38019854	-0.034373312	inactive	N	SPE_K38019854	A-317491	0.15	inactive
R4A_0004763_001	SPE_K73440166	0.021835012	inactive	N	SPE_K73440166	Cinaciguat	0.2	inactive
R4A_0003904_001	SPE_K32007074	-0.00592411	inactive	N	SPE_K32007074	Enocitabine	-5.92	inactive
R4A_0002975_001	SPE_K66401437	0.066692661	inactive	N	SPE_K66401437	THZ1	0.99	inactive
R4A_0001002_001	SPE_K95902121	0.115050525	inactive	N	SPE_K95902121	THZ2	1.73	inactive
R4A_0000527_001	SPE_K91159026	-0.043862814	inactive	N	SPE_K91159026	Telcagepant	-1.74	inactive
R4A_0003511_001					SPE_K25723200	AZILSARTAN MEDOXOMIL	5.04	inactive
R4A_0004807_001	SPE_K27515606	-0.11292809	inactive	N	SPE_K27515606	Cefcapene pivoxil hydrochloride monohydrate	-4.26	inactive
R4A_0003426_001	SPE_K74117820	0.086325045	inactive	N	SPE_K74117820	Nelfinavir Mesylate	5.12	inactive
R4A_0004127_001	SPE_K02135007	0.139551834	inactive	N	SPE_K02135007	THZ1-R	-2.25	inactive
R4A_0001017_001	SPE_K59067695	0.997118048	active	Y	SPE_K59067695	SU11274	7.98	inactive
R4A_0000813_001	SPE_K64925568	-0.063969434	inactive	N	SPE_K64925568	AMG 232	-0.58	inactive
R4A_0005427_001					SPE_K94420399	PF-4136309	-0.29	inactive
R4A_0002752_001	SPE_K50199947	-0.027387364	inactive	N	SPE_K50199947	WH-4-023	-0.06	inactive
R4A_0000594_001					SPE_M19407551	tropisetron	19.11	inactive
R4A_0002982_001					SPE_A25216804	CARBENOXOLONE SODIUM	-2.7	inactive
R4A_0002055_001					SPE_K16742848	lutein	0.14	inactive
R4A_0004214_001					SPE_K74759733	Isepamicin sulphate	-2.63	inactive
R4A_0003622_001	SPE_K89709433	0.024898434	inactive	N	SPE_K89709433	HER2 Inhibitor 1	48.53	inactive
R4A_0005380_001	SPE_K57927309	-0.001657754	inactive	N	SPE_K57927309	DADLE	0.21	inactive
R4A_0003473_001	SPE_K39560679	-0.072616155	inactive	N	SPE_K39560679	Eluxadoline	-0.29	inactive
R4A_0000797_001	SPE_K26989966	-0.025162345	inactive	N	SPE_K26989966	UNC1999	1.19	inactive
R4A_0003058_001	SPE_A42628519	-0.126236203	inactive	N	SPE_A42628519	IOPANIC ACID	-2.69	inactive
R4A_0005201_001	SPE_K89464729	-0.062545647	inactive	N	SPE_K89464729	GSK269962	26.71	inactive
R4A_0000376_001	SPE_K13646352	-0.177033173	inactive	N	SPE_K13646352	PKC-412 (Midostaurin)	19.25	inactive
R4A_0001024_001					SPE_K81795818	ADH-1 trifluoroacetate	0.65	inactive
R4A_0001758_001	SPE_K01436366	-0.03640933	inactive	N	SPE_K01436366	LRRK2-IN-1	37.94	inactive
R4A_0001740_001	SPE_K52579889	0.067604368	inactive	N	SPE_K52579889	Umbralisib	0.92	inactive
R4A_0003343_001	SPE_K58070273	-0.000686731	inactive	N	SPE_K58070273	Telaglenastat	-0.25	inactive
R4A_0003698_001					SPE_K85751432	Refametinib	5.24	inactive
R4A_0001065_001	SPE_K94288301	-0.108464099	inactive	N	SPE_K94288301	Letermovir	-1.88	inactive
R4A_0000451_001	SPE_K24526313	-0.010574426	inactive	N	SPE_K24526313	levcromakalim	-2.09	inactive
R4A_0002906_001	SPE_K11215326	-0.079384712	inactive	N	SPE_K11215326	Tazemetostat (EPZ-6438)	-11.18	inactive
R4A_0001258_001	SPE_K50817623	-0.101042442	inactive	N	SPE_K50817623	Pancuronium dibromide	-1.37	inactive
R4A_0005139_001	SPE_A38218502	0.042882276	inactive	N	SPE_A38218502	Met-enkephalin	-5.97	inactive
R4A_0001724_001	SPE_K17539220	0.062181933	inactive	N	SPE_K17539220	NDT-9513727	2.47	inactive
R4A_0004396_001	SPE_K98357249	0.091128846	inactive	N	SPE_K98357249	IRL-2500	-0.52	inactive
R4A_0003330_001	SPE_K28360340	-0.008051231	inactive	N	SPE_K28360340	TW-37	-10.27	inactive
R4A_0002779_001	SPE_K58811567	0.104131883	inactive	N	SPE_K58811567	HKI-357	-0.47	inactive
R4A_0004402_001	SPE_K93314017	-0.029864506	inactive	N	SPE_K93314017	NS-5806	-1.64	inactive
R4A_0004444_001	SPE_K41213548	0.183196792	inactive	N	SPE_K41213548	KW-2478	-2.15	inactive
R4A_0002522_001	SPE_K94559059	-0.007146591	inactive	N	SPE_K94559059	LX1606 hippurate	2.15	inactive
R4A_0004062_001	SPE_A78723049	-0.017325657	inactive	N	SPE_A78723049	CEFOTETAN	-3.07	inactive
R4A_0005132_001	SPE_K71289571	-0.088126832	inactive	N	SPE_K71289571	Zafirlukast (Accolate)	-4.05	inactive
R4A_0005369_001					SPE_A75975749	Bafetinib (INNO-406)	18.75	inactive
R4A_0001896_001	SPE_K98006098	-0.062003443	inactive	N	SPE_K98006098	Oleandrin	-2.23	inactive
R4A_0002881_001	SPE_K14276241	-0.033597413	inactive	N	SPE_K14276241	Daucosterol	0.41	inactive
R4A_0002337_001	SPE_K76244476	0.131601032	inactive	N	SPE_K76244476	AZ505 (ditrifluoroacetate)	-0.19	inactive
R4A_0003319_001					SPE_K01423020	ciaftalan-zinc	-8.73	inactive
R4A_0004905_001	SPE_K72093555	-0.021298847	inactive	N	SPE_K72093555	Procyanidin B2	-0.6	inactive
R4A_0004614_001	SPE_K97428065	-0.02685959	inactive	N	SPE_K97428065	Netupitant	-0.61	inactive
R4A_0002245_001	SPE_K81026553	-0.081505879	inactive	N	SPE_K81026553	SCR-1481B1	-1.79	inactive
R4A_0003235_001	SPE_K65820248	-0.010771531	inactive	N	SPE_K65820248	SDZ-NKT-343	4.15	inactive
R4A_0001905_001	SPE_K12735121	-0.135670602	inactive	N	SPE_K12735121	TG 100801	-1.87	inactive
R4A_0000714_001	SPE_K80718324	-0.08612904	inactive	N	SPE_K80718324	Naringin (Naringoside)	3.7	inactive
R4A_0003602_001	SPE_K36154108	0.020773056	inactive	N	SPE_K36154108	AVE 0991	-0.82	inactive
R4A_0002549_001	SPE_K06542892	-0.058068927	inactive	N	SPE_K06542892	ASP3026	44.81	inactive
R4A_0000281_001	SPE_A12230535	-0.061876539	inactive	N	SPE_A12230535	Nutlin-3	20.51	inactive
R4A_0003458_001	SPE_K36697397	-0.060992486	inactive	N	SPE_K36697397	GSK-1562590	41.75	inactive
R4A_0004210_001					SPE_K91768078	STREPTOMYCIN SULFATE_ethanolamine	-1.71	inactive
R4A_0002743_001	SPE_K33818169	-0.007038736	inactive	N	SPE_K33818169	GW-3965	-0.56	inactive
R4A_0000631_001					SPE_K13511380	Naringin Dihydrochalcone (Naringin DC)	-7	inactive
R4A_0005405_001	SPE_A01098288	0.126239242	inactive	N	SPE_A01098288	Azelnidipine	-9.99	inactive
R4A_0001739_001	SPE_A38799180	-0.043996916	inactive	N	SPE_A38799180	rosamicin	-0.55	inactive
R4A_0003100_001	SPE_K35798650	-0.064690557	inactive	N	SPE_K35798650	polidocanol	1.36	inactive
R4A_0004687_001	SPE_K93073858	-0.018789601	inactive	N	SPE_K93073858	Ivosidenib	-1.1	inactive
R4A_0000178_001	SPE_A67363467	-0.089126547	inactive	N	SPE_A67363467	DIHYDROSTREPTOMYCIN SESQUISULFATE [5mM/10% aq DMSO]	-3.92	inactive
R4A_0001832_001	SPE_K63516691	-0.041322721	inactive	N	SPE_K63516691	T-0156	-1.68	inactive
R4A_0002448_001	SPE_K72166146	0.123929892	inactive	N	SPE_K72166146	dihydroergotamine	-1.82	inactive
R4A_0000086_001	SPE_K56981171	0.029259382	inactive	N	SPE_K56981171	Brigatinib	-0.55	inactive
R4A_0004886_001					SPE_K72150952	Cefodizime	-5.71	inactive
R4A_0002958_001	SPE_K39359968	-0.062325374	inactive	N	SPE_K39359968	L-755507	-1.62	inactive
R4A_0005162_001	SPE_K16898998	-0.038821556	inactive	N	SPE_K16898998	Bevirimat	0.3	inactive
R4A_0004943_001	SPE_K22829793	-0.022107383	inactive	N	SPE_K22829793	ZCL-278	-1.97	inactive
R4A_0004205_001					SPE_K69470111	MONTELUKAST SODIUM	3.69	inactive
R4A_0002591_001					SPE_K59110290	fosamprenavir	1.29	inactive
R4A_0000235_001	SPE_K81473043	0.158723189	inactive	N	SPE_K81473043	17-AAG (Tanespimycin)	-3.29	inactive
R4A_0002936_001					SPE_A05906449	Lappaconite Hydrobromide	0	inactive
R4A_0000531_001					SPE_A34462049	tigecycline	5.49	inactive
R4A_0004378_001	SPE_K08547377	0.010443213	inactive	N	SPE_K08547377	irinotecan	-2.58	inactive
R4A_0000874_001					SPE_K25075681	meclinertant	-10.31	inactive
R4A_0002966_001	SPE_K39503511	0.124402774	inactive	N	SPE_K39503511	MK591 (free acid)	-0.86	inactive
R4A_0001091_001	SPE_K31928526	-0.112279115	inactive	N	SPE_K31928526	AZD1152	0.14	inactive
R4A_0002968_001	SPE_K67935717	-0.122093648	inactive	N	SPE_K67935717	Retaspimycin (Hydrochloride)	-1.56	inactive
R4A_0000102_001	SPE_K53561341	0.354294266	inactive	N	SPE_K53561341	aurora-a-inhibitor-i	8.87	inactive
R4A_0001853_001	SPE_K48812570	-0.022619366	inactive	N	SPE_K48812570	Macitentan	-14.05	inactive
R4A_0000774_001	SPE_K16732600	-0.002843851	inactive	N	SPE_K16732600	MK 0893	-0.13	inactive
R4A_0004471_001	SPE_K37798499	0.071966237	inactive	N	SPE_K37798499	Etoposide	-0.38	inactive
R4A_0000121_001	SPE_K57252450	-0.00313089	inactive	N	SPE_K57252450	Cilengitide trifluoroacetate	-13.7	inactive
R4A_0000295_001	SPE_K83508485	-0.008186986	inactive	N	SPE_K83508485	FK-888	-2.14	inactive
R4A_0002362_001	SPE_A30051119	-0.141271068	inactive	N	SPE_A30051119	AMIKACIN HYDRATE	0.68	inactive
R4A_0004410_001	SPE_K47983010	-0.034648621	inactive	N	SPE_K47983010	BX-795	18.51	inactive
R4A_0001313_001	SPE_K68470841	0.11512101	inactive	N	SPE_K68470841	ST 2825	-1.66	inactive
R4A_0001297_001	SPE_K35936936	-0.033789335	inactive	N	SPE_K35936936	ACTB-1003	0.1	inactive
R4A_0004466_001	SPE_K27898013	-0.056468594	inactive	N	SPE_K27898013	Fluphenazine decanoate	5.56	inactive
R4A_0004674_001					SPE_K89015388	GSK-923295	32.98	inactive
R4A_0001573_001	SPE_K15119094	-0.030377074	inactive	N	SPE_K15119094	BMS-CCR2-22	-1.71	inactive
R4A_0004408_001					SPE_K23728266	"Chlorophyllin, Chlorin E6"	-7.86	inactive
R4A_0000502_001	SPE_A30984645	-0.006718138	inactive	N	SPE_A30984645	GDC-0834 (Racemate)	-0.03	inactive
R4A_0002654_001	SPE_K51832961	-0.159627623	inactive	N	SPE_K51832961	astaxanthin	-6.09	inactive
R4A_0005212_001					SPE_K51956333	iopodic-acid	-3.15	inactive
R4A_0002603_001	SPE_K00521308	-0.009650246	inactive	N	SPE_K00521308	ATN-161 (trifluoroacetate salt)	-1.65	inactive
R4A_0002614_001	SPE_K79930101	-0.069024707	inactive	N	SPE_K79930101	GW-583340	2.46	inactive
R4A_0004130_001					SPE_K36611520	CP-532623	-4.08	inactive
R4A_0004267_001					SPE_A44995766	hematoporphyrin	-3.61	inactive
R4A_0001392_001	SPE_K75308783	-0.077154713	inactive	N	SPE_K75308783	XL765	-5.62	inactive
R4A_0001094_001	SPE_K04426574	-0.032176182	inactive	N	SPE_K04426574	PD-173212	-1.65	inactive
R4A_0000572_001	SPE_K64622987	0.006751026	inactive	N	SPE_K64622987	Torcetrapib (CP-529414)	-11.23	inactive
R4A_0004081_001	SPE_A10039652	0.041141136	inactive	N	SPE_A10039652	Tipranavir	-0.63	inactive
R4A_0002198_001	SPE_K55013981	-0.050042805	inactive	N	SPE_K55013981	TC-OT-39	-9.06	inactive
R4A_0003185_001					SPE_A21544762	pipecuronium	0.99	inactive
R4A_0004768_001	SPE_A01307728	0.011164687	inactive	N	SPE_A01307728	AMG-487-(+/-)	-1.28	inactive
R4A_0004768_002	SPE_K90239174	-0.051455266	inactive	N	SPE_K90239174	AMG 487	0.18	inactive
R4A_0002440_001	SPE_K90830492	0.012981197	inactive	N	SPE_K90830492	deltarasin	13.29	inactive
R4A_0005438_001	SPE_A67181951	-0.099653958	inactive	N	SPE_A67181951	Gadobutrol	-1.16	inactive
R4A_0001546_001	SPE_A01907367	-0.077519292	inactive	N	SPE_A01907367	"(D-Ala2,N-Me-Phe4, methionin (O)-ol5)-enkephalin"	1.17	inactive
R4A_0002340_001	SPE_K19318328	-0.076715772	inactive	N	SPE_K19318328	FR-139317	-2.08	inactive
R4A_0004957_001	SPE_A86523169	0.002575774	inactive	N	SPE_A86523169	NBI-74330-(+/-)	-4.82	inactive
R4A_0004991_001					SPE_K87468701	EPZ011989	-1.51	inactive
R4A_0004306_001	SPE_K49659468	-0.00897889	inactive	N	SPE_K49659468	TMC647055 (Choline salt)	-1.79	inactive
R4A_0004577_001	SPE_A03249105	-0.066688641	inactive	N	SPE_A03249105	fulvestrant	-0.13	inactive
R4A_0000097_001	SPE_K40175214	0.003888345	inactive	N	SPE_K40175214	Torin 1	-2.63	inactive
R4A_0001298_001					SPE_K94436377	DIOSMIN	-0.7	inactive
R4A_0003466_001	SPE_K95921201	-0.033252965	inactive	N	SPE_K95921201	RESERPINE	43.46	inactive
R4A_0004151_001	SPE_K40604024	0.114867795	inactive	N	SPE_K40604024	KRCA-0008	-2.56	inactive
R4A_0004090_002	SPE_K59333713	-0.049004997	inactive	N	SPE_K59333713	niguldipine-(S)-(+)	22.81	inactive
R4A_0001839_001	SPE_K99621550	-0.021536455	inactive	N	SPE_K99621550	TUBOCURARINE CHLORIDE PENTAHYDRATE	-3.39	inactive
R4A_0001648_001					SPE_A76747559	RUTIN	-1.31	inactive
R4A_0004145_001					SPE_K49617926	Neohesperidin	-1.76	inactive
R4A_0003617_001					SPE_K93633846	Hesperidin	0.24	inactive
R4A_0001144_001	SPE_A65671304	0.154905461	inactive	N	SPE_A65671304	CANDESARTAN CILEXTIL	-3.73	inactive
R4A_0000125_001	SPE_A90695733	0.23248162	inactive	N	SPE_A90695733	MANIDIPINE HYDROCHLORIDE	11.6	inactive
R4A_0004592_001					SPE_A59961917	BQ-123	-4.98	inactive
R4A_0005165_001					SPE_K85307935	NOVOBIOCIN SODIUM	-3.28	inactive
R4A_0003386_001					SPE_K92872987	Cefpiramide (sodium)	-6.76	inactive
R4A_0000703_001	SPE_K97440753	0.012248349	inactive	N	SPE_K97440753	dihydroergocristine	11.59	inactive
R4A_0002342_001					SPE_A52169337	Hydroxysafflor yellow A	-0.16	inactive
R4A_0001733_001					SPE_K33395461	Neohesperidin dihydrochalcone (Nhdc)	1.22	inactive
R4A_0001553_001	SPE_K87048468	-0.082569573	inactive	N	SPE_K87048468	RS-102221	3.53	inactive
R4A_0005211_001					SPE_K11411329	NOV-002	-8.76	inactive
R4A_0005347_001					SPE_A18992208	lercanidipine	32.98	inactive
R4A_0001236_001	SPE_A37492983	-0.078793412	inactive	N	SPE_A37492983	iocetamic-acid	-10.2	inactive
R4A_0000892_001	SPE_K36198571	-0.013002329	inactive	N	SPE_K36198571	WAY-170523	-1.97	inactive
R4A_0000496_001	SPE_K33226500	-0.044017126	inactive	N	SPE_K33226500	Indinavir	-2.01	inactive
R4A_0004384_001	SPE_K98250023	-0.028631614	inactive	N	SPE_K98250023	Iothalamic Acid-d3	-3.9	inactive
R4A_0003576_001	SPE_K50140147	-0.009364283	inactive	N	SPE_K50140147	TAE684 (NVP-TAE684)	-2.93	inactive
R4A_0000252_001	SPE_K23848629	-0.102168366	inactive	N	SPE_K23848629	Fosaprepitant dimeglumine salt	6.28	inactive
R4A_0003257_001					SPE_A93490927	NEOMYCIN TRISULFATE	-2.72	inactive
R4A_0002347_001	SPE_K12343256	-0.018903341	inactive	N	SPE_K12343256	Trametinib	-7.95	inactive
R4A_0004313_001					SPE_K36524108	paromomycin	-1.27	inactive
R4A_0000857_001	SPE_K07955840	0.09750597	inactive	N	SPE_K07955840	PF-05212384 (PKI-587)	-2.9	inactive
R4A_0004141_001					SPE_K62627508	Idasanutlin	40.46	inactive
R4A_0001132_001					SPE_M75036822	hemin	-6.22	inactive
R4A_0002215_001	SPE_K83988098	0.189072222	inactive	N	SPE_K83988098	17-DMAG HCl (Alvespimycin)	-4.72	inactive
R4A_0001695_001	SPE_K69577666	0.912187271	active	Y	SPE_K69577666	SGC 0946	-0.74	inactive
R4A_0004162_001	SPE_K20828910	-0.00409665	inactive	N	SPE_K20828910	GW-6471	-1.71	inactive
R4A_0002944_001	SPE_K96615647	-0.030095897	inactive	N	SPE_K96615647	NKP608	-1.02	inactive
R4A_0000508_001	SPE_K96720755	0.051002418	inactive	N	SPE_K96720755	relcovaptan	-3.08	inactive
R4A_0003800_001	SPE_K60931454	-0.005067146	inactive	N	SPE_K60931454	SR-140333	-1.31	inactive
R4A_0000062_001					SPE_K72167406	CEFDITORIN PIVOXIL	6.57	inactive
R4A_0003162_001	SPE_K87465484	0.084109033	inactive	N	SPE_K87465484	UNC0646	-1.55	inactive
R4A_0004810_001	SPE_K08078237	0.934606008	active	Y	SPE_K08078237	Tetrandrine (Fanchinine)	17.4	inactive
R4A_0001051_001	SPE_K01942833	-0.083561956	inactive	N	SPE_K01942833	Ginsenoside C-K	-6.64	inactive
R4A_0000906_001	SPE_K36201510	-0.038347848	inactive	N	SPE_K36201510	Verbascoside	0.72	inactive
R4A_0002145_001	SPE_K83794624	-0.022446631	inactive	N	SPE_K83794624	Pirarubicin	10.08	inactive
R4A_0002194_001	SPE_K57041787	0.765662351	active	Y	SPE_K57041787	BIBR-1048 (Dabigatran)	4.53	inactive
R4A_0005047_001					SPE_A92974210	BEMOTRIZINOL	-4.63	inactive
R4A_0001130_001	SPE_K99241550	-0.006468952	inactive	N	SPE_K99241550	Metrizoic Acid	3.92	inactive
R4A_0001115_001	SPE_K08542803	-0.078001964	inactive	N	SPE_K08542803	Gambogic Acid	-0.51	inactive
R4A_0002119_001	SPE_K99451608	-0.040216572	inactive	N	SPE_K99451608	Lopinavir (ABT-378)	-3.25	inactive
R4A_0001342_001					SPE_K55808645	Elagolix	-5.96	inactive
R4A_0002908_001	SPE_A39845846	0.050398551	inactive	N	SPE_A39845846	efonidipine-monoethanolate	-1.99	inactive
R4A_0004332_001	SPE_K69001009	-0.064486504	inactive	N	SPE_K69001009	Golvatinib (E7050)	8.61	inactive
R4A_0003116_001	SPE_K53252847	-0.076816492	inactive	N	SPE_K53252847	Ansamitocin P-3	-0.8	inactive
R4A_0004898_001	SPE_K13060017	-0.109739233	inactive	N	SPE_K13060017	UNC 0631	-1.28	inactive
R4A_0000715_001	SPE_K15691453	0.029697842	inactive	N	SPE_K15691453	Fiboflapon sodium	0.09	inactive
R4A_0002738_001					SPE_K44366189	Anacetrapib (MK-0859)	-5.76	inactive
R4A_0001621_001					SPE_K16551357	Evacetrapib (LY2484595)	-10.94	inactive
R4A_0005048_001	SPE_K48449981	-0.142815507	inactive	N	SPE_K48449981	XMD17-109	14.13	inactive
R4A_0000730_001	SPE_K41599323	-0.007103845	inactive	N	SPE_K41599323	Lonafarnib (SCH66336)	-1.91	inactive
R4A_0005294_001					SPE_K61988078	MOXIDECTIN	7.86	inactive
R4A_0002403_001					SPE_K02490038	BQ-788 (sodium salt)	-3.76	inactive
R4A_0003194_001	SPE_K95435023	-0.021460504	inactive	N	SPE_K95435023	PHA-665752	-0.4	inactive
R4A_0000613_001					SPE_K51911221	nemorubicin	0.2	inactive
R4A_0005038_001					SPE_A16444946	ACARBOSE	1.58	inactive
R4A_0001095_001					SPE_K02292852	CEFOPERAZONE	-3.65	inactive
R4A_0002321_001	SPE_K09353376	0.031347357	inactive	N	SPE_K09353376	Tariquidar	-3.35	inactive
R4A_0004416_001	SPE_M02075109	-0.034680464	inactive	N	SPE_M02075109	chromanol-(+/-)	-1.89	inactive
R4A_0003886_001	SPE_K50679358	-0.065041727	inactive	N	SPE_K50679358	GSK-2837808A	-9.8	inactive
R4A_0003030_001	SPE_K68544925	-0.159560251	inactive	N	SPE_K68544925	Avatrombopag	-2.43	inactive
R4A_0000200_002					SPE_K89152108	LIOTHYRONINE (L- isomer) SODIUM	10.25	inactive
R4A_0000200_001	SPE_K46428823	-0.052950025	inactive	N	SPE_K46428823	LIOTHYRONINE	-5.86	inactive
R4A_0004963_001	SPE_K41458421	-0.034505867	inactive	N	SPE_K41458421	Naloxegol (oxalate)	-0.14	inactive
R4A_0001851_001	SPE_K16484091	-0.095198219	inactive	N	SPE_K16484091	Metocurine	-4.69	inactive
R4A_0002601_001	SPE_K39733634	-0.013715008	inactive	N	SPE_K39733634	L-161982	-5.04	inactive
R4A_0001031_001					SPE_A31362467	Capreomycin (sulfate)	6.88	inactive
R4A_0002896_001	SPE_A35588707	-0.042647015	inactive	N	SPE_A35588707	TENIPOSIDE	-0.84	inactive
R4A_0001023_001	SPE_K00228584	-0.090443604	inactive	N	SPE_K00228584	BISOCTRIZOLE	9.42	inactive
R4A_0000567_001					SPE_K79584249	NVP-CGM097	19.8	inactive
R4A_0004698_001	SPE_K89899948	-0.12120298	inactive	N	SPE_K89899948	AI-10-49	-1.49	inactive
R4A_0000143_001	SPE_K36381762	-0.138923318	inactive	N	SPE_K36381762	nor-Binaltorphimine-dihydrochloride	2.52	inactive
R4A_0001908_001	SPE_A19952358	-0.006597091	inactive	N	SPE_A19952358	CLOSANTEL	5.61	inactive
R4A_0000256_001					SPE_A11132253	NADIDE	-1.76	inactive
R4A_0003196_001					SPE_A76672327	Clindamycin palmitate HCl	8.48	inactive
R4A_0000397_001					SPE_A84188517	coenzyme-i	-10.8	inactive
R4A_0002760_001					SPE_K90563805	natamycin	6.32	inactive
R4A_0004639_001	SPE_K19085898	-0.050862806	inactive	N	SPE_K19085898	Darapladib	29.05	inactive
R4A_0002686_001	SPE_A84907376	-0.069474002	inactive	N	SPE_A84907376	alcuronium	-6.64	inactive
R4A_0004827_001	SPE_K26665484	-0.071385556	inactive	N	SPE_K26665484	avridine	-5.34	inactive
R4A_0002345_001					SPE_K72533376	Etoposide phosphate	-6.73	inactive
R4A_0003893_001	SPE_K68474068	0.032293357	inactive	N	SPE_K68474068	MM-102	1.23	inactive
R4A_0003313_001	SPE_K37087535	-0.081671006	inactive	N	SPE_K37087535	DPC-681	0.81	inactive
R4A_0001083_001					SPE_A09919099	MONENSIN SODIUM	-2.43	inactive
R4A_0003626_001					SPE_A26690767	Saquinavir Mesylate	-3.77	inactive
R4A_0004172_001					SPE_A88583207	Icariin	-0.72	inactive
R4A_0001843_001	SPE_K54170555	-0.11134391	inactive	N	SPE_K54170555	NMS-P715	7.96	inactive
R4A_0003582_001					SPE_A60786380	Sodium stibogluconate	7.61	inactive
R4A_0000192_001					SPE_A28431708	Auranofin	-2.38	inactive
R4A_0005387_001	SPE_K01294196	-0.04691882	inactive	N	SPE_K01294196	Sucrose octaacetate	4.65	inactive
R4A_0000258_001	SPE_K72912098	-0.052550978	inactive	N	SPE_K72912098	Telaprevir (VX-950)	-3.28	inactive
R4A_0002478_001	SPE_K63712959	-0.097233268	inactive	N	SPE_K63712959	Temoporfin	-2.2	inactive
R4A_0004949_001					SPE_A29043702	methyllycaconitine	0.37	inactive
R4A_0005327_001					SPE_K37252028	ceftaroline-fosamil	-4.85	inactive
R4A_0000897_001					SPE_K13571841	Pepstatin A	-0.89	inactive
R4A_0003917_001	SPE_K77320845	-0.107858015	inactive	N	SPE_K77320845	Secoisolariciresinol Diglucoside	4.43	inactive
R4A_0003456_001					SPE_A81339141	Mangafodipir (trisodium)	-10.48	inactive
R4A_0001274_001					SPE_A42379279	viomycin	-3.72	inactive
R4A_0004257_001	SPE_K90737788	-0.034535913	inactive	N	SPE_K90737788	GSK-2193874	35.31	inactive
R4A_0004598_001	SPE_K88443722	0.046966798	inactive	N	SPE_K88443722	AM679	-0.23	inactive
R4A_0004558_001	SPE_A76661185	-0.058358929	inactive	N	SPE_A76661185	Cefotiam Hexetil Hydrochloride	-7.73	inactive
R4A_0001394_001					SPE_K13277760	Rifamycin SV sodium salt	-0.32	inactive
R4A_0001394_002					SPE_K38512030	Rifamycin SV Sodium	-1.11	inactive
R4A_0005333_001	SPE_K87548127	1.023408192	active	Y	SPE_K87548127	thaliblastine	37.3	inactive
R4A_0003662_001	SPE_K06222852	-0.045481387	inactive	N	SPE_K06222852	Posaconazole	19.44	inactive
R4A_0000554_001	SPE_K12539416	-0.051632346	inactive	N	SPE_K12539416	Sulbutiamine	-2.27	inactive
R4A_0003043_001					SPE_K21771665	MERBROMIN	-2.43	inactive
R4A_0000224_001	SPE_K09757388	-0.075869279	inactive	N	SPE_K09757388	Atazanavir sulfate	0.11	inactive
R4A_0004459_001	SPE_A23067620	-0.030324361	inactive	N	SPE_A23067620	ITRACONAZOLE HYDROCHLORIDE	-3.48	inactive
R4A_0003740_001	SPE_K38287497	0.006100438	inactive	N	SPE_K38287497	Narlaprevir	-1.27	inactive
R4A_0004273_001	SPE_K22662557	0.194023265	inactive	N	SPE_K22662557	WIN-64338	9.79	inactive
R4A_0002237_001	SPE_A56892734	-0.095028816	inactive	N	SPE_A56892734	Esomeprazole magnesium trihydrate	-5.1	inactive
R4A_0002206_001					SPE_K48429278	pipotiazine-palmitate	-5.2	inactive
R4A_0004023_001	SPE_K18898553	0.062752335	inactive	N	SPE_K18898553	Salvianolic Acid B	-2.38	inactive
R4A_0005331_001					SPE_K81849500	verteporfin	-1.93	inactive
R4A_0000364_001	SPE_K15179879	-0.147843735	inactive	N	SPE_K15179879	Carfilzomib (PR-171)	2.11	inactive
R4A_0002753_001	SPE_K51485625	0.173220218	inactive	N	SPE_K51485625	Ritonavir	1.57	inactive
R4A_0003753_001	SPE_A81177136	0.000781361	inactive	N	SPE_A81177136	KN-62	7.28	inactive
R4A_0005428_001	SPE_K72951360	0.047053056	inactive	N	SPE_K72951360	Valrubicin	1.73	inactive
R4A_0005489_001	SPE_K08111240	-0.07458826	inactive	N	SPE_K08111240	Danoprevir (ITMN-191)	-2.86	inactive
R4A_0004281_001	SPE_K63550407	-0.081662206	inactive	N	SPE_K63550407	ERYTHROMYCIN	-1.1	inactive
R4A_0002108_001	SPE_A95886749	0.000489018	inactive	N	SPE_A95886749	colfosceril-palmitate	2.02	inactive
R4A_0000975_001	SPE_K82861010	0.050343959	inactive	N	SPE_K82861010	Daclatasvir (BMS-790052)	1.1	inactive
R4A_0002271_001	SPE_M30288325	0.080318041	inactive	N	SPE_M30288325	G-15	-7.91	inactive
R4A_0001782_001					SPE_A74160776	TROXERUTIN	-1.19	inactive
R4A_0003387_001					SPE_K21237892	semapimod	-7.21	inactive
R4A_0000016_001	SPE_M06409173	-0.024816301	inactive	N	SPE_M06409173	NADPH (tetracyclohexanamine)	-3.53	inactive
R4A_0000071_001	SPE_K49668410	-0.092085247	inactive	N	SPE_K49668410	CLARITHROMYCIN	-11.07	inactive
R4A_0005012_001	SPE_K87028197	-0.000253772	inactive	N	SPE_K87028197	Asunaprevir	-1.19	inactive
R4A_0002651_001	SPE_K73794685	0.695639086	active	Y	SPE_K73794685	AZITHROMYCIN	21.4	inactive
R4A_0001979_001	SPE_A68493689	-0.104145662	inactive	N	SPE_A68493689	Simeprevir	-1.22	inactive
R4A_0002179_001					SPE_A46641338	Salinomycin_Procoxacin	13.03	inactive
R4A_0002977_001					SPE_K68928792	Aldoxorubicin	0.08	inactive
R4A_0000276_001					SPE_K80762071	Cardiogreen	-0.75	inactive
R4A_0001373_001	SPE_K59753975	0.070679182	inactive	N	SPE_K59753975	Vindesine Sulfate	9.74	inactive
R4A_0000308_001	SPE_M78068755	0.004056443	inactive	N	SPE_M78068755	Miriplatin	0.26	inactive
R4A_0003721_001	SPE_A67956599	-0.107695166	inactive	N	SPE_A67956599	coenzyme-a	-4.31	inactive
R4A_0004187_001	SPE_K89920762	0.018648732	inactive	N	SPE_K89920762	Paritaprevir	0.45	inactive
R4A_0002978_001	SPE_K24943235	0.04499909	inactive	N	SPE_K24943235	Grazoprevir	0.35	inactive
R4A_0000052_001					SPE_A58564983	SELAMECTIN	-3.99	inactive
R4A_0005196_001	SPE_A15035311	-0.058794503	inactive	N				
R4A_0002058_001	SPE_K73028949	-0.05598731	inactive	N				
R4A_0002792_001	SPE_A49399758	-0.006032437	inactive	N				
R4A_0002025_002	SPE_K49793107	0.374871021	inactive	N				
R4A_0002025_001	SPE_A31685486	0.420940501	inactive	N				
R4A_0000341_001	SPE_K93331255	-0.011171474	inactive	N				
R4A_0000104_001	SPE_K37151368	-0.013526576	inactive	N				
R4A_0000519_001	SPE_K36368047	0.083886043	inactive	N				
R4A_0000935_001	SPE_K06328344	-0.18181805	inactive	N				
R4A_0004967_001	SPE_K25243230	-0.120565982	inactive	N				
R4A_0004580_001	SPE_A85261566	0.041801699	inactive	N				
R4A_0002907_001	SPE_K56107812	-0.018927723	inactive	N				
R4A_0003380_001	SPE_K36040345	-0.030940667	inactive	N				
R4A_0000702_001	SPE_A64173453	-0.173292006	inactive	N				
R4A_0000660_001	SPE_A90547603	-0.064220108	inactive	N				
R4A_0004496_001	SPE_K59715032	0.185183322	inactive	N				
R4A_0000617_001	SPE_K25863791	0.061415618	inactive	N				
R4A_0003767_001	SPE_A84810646	-0.030107024	inactive	N				
R4A_0004520_001	SPE_K82677637	-0.001330543	inactive	N				
R4A_0000140_001	SPE_K27352494	-0.008567838	inactive	N				
R4A_0004618_001	SPE_K90749417	-0.093704851	inactive	N				
R4A_0001220_001	SPE_K30764557	0.00994165	inactive	N				
R4A_0004848_001	SPE_K77070363	-0.005016422	inactive	N				
R4A_0000530_001	SPE_K46843573	0.079168006	inactive	N				
R4A_0003862_001	SPE_A00047421	0.173816517	inactive	N				
R4A_0002909_001	SPE_K51677086	0.058663113	inactive	N				
R4A_0001657_001	SPE_A48465967	-0.122709734	inactive	N				
R4A_0004722_001	SPE_K88767641	0.942972748	active	Y				
R4A_0000449_001	SPE_K09735259	-0.074904943	inactive	N				
R4A_0002505_001	SPE_A65562236	0.05672278	inactive	N				
R4A_0001775_001	SPE_K32256160	-0.0282969	inactive	N				
R4A_0004275_001	SPE_K25837718	-0.114770215	inactive	N				
R4A_0000768_001	SPE_K68822425	0.025109254	inactive	N				
R4A_0003278_001	SPE_K11072003	-0.051180407	inactive	N				
R4A_0003683_001	SPE_A28746609	0.047502411	inactive	N				
R4A_0004164_001	SPE_K39746403	0.062242306	inactive	N				
R4A_0003471_001	SPE_K84937637	0.014054177	inactive	N				
R4A_0003524_001	SPE_A16350940	0.053389949	inactive	N				
R4A_0004529_001	SPE_K05446112	0.009699164	inactive	N				
R4A_0003824_001	SPE_A25579302	-0.127712831	inactive	N				
R4A_0001726_001	SPE_K43927145	-0.040201045	inactive	N				
R4A_0002615_001	SPE_K21318844	-0.012967921	inactive	N				
R4A_0002437_001	SPE_A94756469	-0.01107222	inactive	N				
R4A_0003368_001	SPE_A19458515	-0.173074286	inactive	N				
R4A_0003513_001	SPE_K69608737	-0.013986961	inactive	N				
R4A_0003866_001	SPE_A44511856	-0.046339087	inactive	N				
R4A_0003021_001	SPE_K78567475	-0.106190821	inactive	N				
R4A_0001439_001	SPE_K56301217	0.091628235	inactive	N				
R4A_0004363_001	SPE_A09370961	-0.056207076	inactive	N				
R4A_0000719_001	SPE_A72075775	-0.110057395	inactive	N				
R4A_0005000_001	SPE_A60217728; SPE_K75868704	-0.01627102	inactive	N				
R4A_0005341_001	SPE_A09283158; SPE_A92960111	-0.202416324	inactive	N				
R4A_0004177_001	SPE_K87535339	0.055234272	inactive	N				
R4A_0000936_001	SPE_K67261995	0.035786029	inactive	N				
R4A_0002531_001	SPE_K08398903	-0.023251693	inactive	N				
R4A_0003897_001	SPE_A20830788; SPE_K86309810	0.006476095	inactive	N				
R4A_0001637_001	SPE_A23124853; SPE_K99879819	0.216311083	inactive	N				
R4A_0002240_001	SPE_A58947127; SPE_K21077415	0.013329096	inactive	N				
R4A_0001229_001	SPE_A24228527; SPE_K09471561	-0.085809039	inactive	N				
R4A_0000400_001	SPE_K28861668; SPE_K81614372	0.175378492	inactive	N				
R4A_0001108_001	SPE_K19333160; SPE_K62621335	-0.129171136	inactive	N				
R4A_0001108_001	SPE_K19333160; SPE_K62621335	-0.018423089	inactive	N				
R4A_0004356_001	SPE_A34716233; SPE_K92493880	-0.091809505	inactive	N				
R4A_0001630_001	SPE_K33623053; SPE_K36163066	-0.062579941	inactive	N				
R4A_0003448_001	SPE_M80207679	0.288091129	inactive	N				
R4A_0001055_001	SPE_K33892651; SPE_K76259716	-0.156468911	inactive	N				
R4A_0001055_001	SPE_K33892651; SPE_K76259716	-0.062123107	inactive	N				
R4A_0003503_001	SPE_A63444178; SPE_K24283677	-0.039284405	inactive	N				
R4A_0002533_001	SPE_A20239487; SPE_K44993696	-0.071248289	inactive	N				
R4A_0000076_001	SPE_K86109159	-0.121997608	inactive	N				
R4A_0000150_002	SPE_K13994703; SPE_K92830582	-0.050630266	inactive	N				
R4A_0002204_002	SPE_K34851558; SPE_K98548675	-0.008542382	inactive	N				
R4A_0000933_002	SPE_K06502269; SPE_K41504985	-0.053415484	inactive	N				
R4A_0005516_001	SPE_A49225603; SPE_M58473998	0.075298946	inactive	N				
R4A_0003961_001	SPE_K71879491; SPE_K76723084	0.003616823	inactive	N				
R4A_0004036_001	SPE_A04553218; SPE_K39462424	0.08170238	inactive	N				
R4A_0001344_001	SPE_A17655518; SPE_K14965640; SPE_M64062803	-0.024175457	inactive	N				
R4A_0001404_001	SPE_A46393198; SPE_K73107279	-0.074195484	inactive	N				
R4A_0000828_001	SPE_K10034334; SPE_K15714472	-0.138032291	inactive	N				
